user_id,segment,city_tier,signup_date,historical_order_count,days_since_last_order,discount_shown,converted
U300000,lapsed,tier_1,2025-04-18,4,157,True,True
U300001,lapsed,tier_3,2025-04-24,0,117,False,False
U300002,lapsed,tier_3,2025-04-11,4,69,False,False
U300003,new,tier_3,2025-09-24,0,9999,False,False
U300004,lapsed,tier_2,2025-04-11,6,75,True,True
U300005,high_frequency,tier_2,2025-06-12,16,0,True,True
U300006,active,tier_1,2025-07-03,7,5,False,True
U300007,new,tier_2,2025-08-18,0,9999,False,True
U300008,high_frequency,tier_3,2024-07-17,25,0,False,True
U300009,lapsed,tier_3,2024-04-05,4,83,False,False
U300010,new,tier_2,2025-12-08,0,9999,True,True
U300011,lapsed,tier_1,2024-12-15,2,130,True,False
U300012,high_frequency,tier_3,2025-07-31,14,1,False,True
U300013,active,tier_1,2025-08-04,6,7,False,False
U300014,high_frequency,tier_2,2025-06-02,20,4,False,True
U300015,lapsed,tier_1,2025-03-18,3,155,False,True
U300016,active,tier_1,2025-12-31,7,19,False,True
U300017,new,tier_1,2024-07-05,0,9999,True,False
U300018,high_frequency,tier_3,2024-09-01,20,1,True,True
U300019,active,tier_1,2024-11-11,4,14,False,True
U300020,active,tier_1,2024-12-29,6,14,False,True
U300021,lapsed,tier_3,2024-10-04,5,68,False,False
U300022,active,tier_1,2025-09-08,8,16,False,True
U300023,new,tier_2,2025-05-17,0,9999,True,False
U300024,active,tier_3,2025-12-06,6,20,False,True
U300025,active,tier_1,2025-04-27,5,9,True,True
U300026,lapsed,tier_1,2025-11-14,5,91,False,False
U300027,lapsed,tier_2,2025-01-17,3,128,False,False
U300028,active,tier_1,2025-10-30,5,3,True,False
U300029,new,tier_2,2024-05-30,0,9999,False,False
U300030,lapsed,tier_3,2024-09-10,1,114,True,False
U300031,new,tier_2,2024-04-21,0,9999,True,True
U300032,lapsed,tier_1,2025-09-04,4,136,True,False
U300033,active,tier_2,2024-10-16,11,20,True,True
U300034,lapsed,tier_1,2026-02-24,4,64,True,False
U300035,active,tier_2,2025-01-12,4,17,True,False
U300036,active,tier_2,2024-10-16,8,17,False,True
U300037,new,tier_3,2024-09-08,0,9999,False,False
U300038,lapsed,tier_1,2025-01-08,4,107,False,False
U300039,active,tier_3,2024-12-20,7,20,True,True
U300040,new,tier_2,2024-10-05,0,9999,False,False
U300041,new,tier_1,2024-05-07,0,9999,False,False
U300042,high_frequency,tier_2,2025-08-08,13,2,False,True
U300043,lapsed,tier_1,2025-05-18,3,176,False,False
U300044,lapsed,tier_2,2024-04-19,7,120,True,False
U300045,active,tier_2,2024-05-07,7,4,False,True
U300046,high_frequency,tier_1,2024-04-17,25,1,False,True
U300047,active,tier_1,2025-04-14,6,3,False,False
U300048,lapsed,tier_2,2024-05-05,1,78,False,False
U300049,new,tier_2,2025-09-10,0,9999,True,False
U300050,lapsed,tier_3,2025-06-11,1,152,True,False
U300051,high_frequency,tier_3,2025-09-03,19,2,True,True
U300052,lapsed,tier_3,2024-09-03,5,142,True,True
U300053,new,tier_1,2025-11-30,0,9999,False,False
U300054,lapsed,tier_1,2026-01-19,4,139,True,False
U300055,active,tier_2,2024-08-20,8,9,True,True
U300056,high_frequency,tier_3,2024-04-03,11,2,False,True
U300057,new,tier_1,2026-01-28,0,9999,True,True
U300058,new,tier_1,2026-03-01,0,9999,False,True
U300059,new,tier_1,2025-04-20,0,9999,False,False
U300060,active,tier_1,2026-01-31,8,9,False,False
U300061,high_frequency,tier_1,2024-12-26,17,3,False,False
U300062,lapsed,tier_3,2025-07-27,5,103,False,False
U300063,lapsed,tier_1,2025-04-20,5,156,False,False
U300064,new,tier_1,2024-04-17,0,9999,True,False
U300065,new,tier_2,2025-05-24,0,9999,True,True
U300066,active,tier_2,2025-06-14,3,20,True,True
U300067,lapsed,tier_1,2025-05-30,2,178,False,False
U300068,lapsed,tier_1,2025-01-17,1,96,False,False
U300069,lapsed,tier_2,2025-01-27,2,69,True,True
U300070,active,tier_1,2026-01-15,6,20,False,False
U300071,new,tier_2,2024-12-23,0,9999,True,True
U300072,active,tier_1,2025-07-15,6,5,True,False
U300073,active,tier_2,2024-04-29,5,10,False,True
U300074,lapsed,tier_1,2025-03-07,3,162,False,False
U300075,high_frequency,tier_2,2025-03-28,16,2,False,True
U300076,high_frequency,tier_3,2025-08-11,18,0,False,True
U300077,new,tier_1,2025-06-26,0,9999,True,True
U300078,lapsed,tier_1,2024-11-08,3,132,False,False
U300079,new,tier_2,2024-07-05,0,9999,False,False
U300080,new,tier_2,2025-01-03,0,9999,True,True
U300081,lapsed,tier_1,2025-04-21,3,177,True,False
U300082,active,tier_2,2025-11-22,4,11,False,False
U300083,high_frequency,tier_2,2025-10-07,18,0,False,True
U300084,lapsed,tier_1,2024-06-23,3,150,True,True
U300085,lapsed,tier_3,2024-07-15,1,94,True,True
U300086,lapsed,tier_2,2024-11-03,4,80,False,False
U300087,high_frequency,tier_1,2025-01-21,17,3,True,True
U300088,high_frequency,tier_3,2025-02-09,18,3,False,False
U300089,new,tier_2,2025-04-17,0,9999,True,False
U300090,high_frequency,tier_1,2025-12-20,22,2,False,True
U300091,active,tier_1,2025-01-10,4,4,False,False
U300092,active,tier_2,2024-07-22,7,14,True,True
U300093,high_frequency,tier_3,2025-05-01,14,1,True,True
U300094,high_frequency,tier_1,2024-07-15,21,0,False,False
U300095,lapsed,tier_3,2024-06-11,2,77,False,False
U300096,lapsed,tier_1,2024-10-07,7,126,True,False
U300097,new,tier_1,2024-04-03,0,9999,True,False
U300098,active,tier_1,2025-03-30,6,14,False,True
U300099,high_frequency,tier_1,2024-04-12,20,0,True,True
U300100,high_frequency,tier_3,2024-11-04,24,4,False,True
U300101,active,tier_1,2024-07-11,9,7,False,False
U300102,lapsed,tier_2,2025-04-22,4,164,False,False
U300103,new,tier_2,2025-01-25,0,9999,True,False
U300104,lapsed,tier_2,2025-07-26,6,87,True,True
U300105,active,tier_1,2024-09-30,6,12,True,True
U300106,new,tier_2,2024-05-23,0,9999,False,False
U300107,new,tier_2,2026-01-29,0,9999,True,True
U300108,lapsed,tier_3,2025-01-27,6,140,True,True
U300109,active,tier_1,2025-04-04,3,12,False,False
U300110,lapsed,tier_2,2025-05-07,1,136,False,False
U300111,active,tier_1,2025-07-26,6,16,False,True
U300112,lapsed,tier_2,2025-02-01,5,128,True,False
U300113,active,tier_2,2024-09-16,9,15,False,False
U300114,lapsed,tier_2,2025-05-03,7,64,True,False
U300115,new,tier_3,2025-10-10,0,9999,False,False
U300116,lapsed,tier_2,2024-04-16,1,132,True,False
U300117,lapsed,tier_1,2025-12-29,8,124,True,False
U300118,new,tier_2,2024-06-01,0,9999,True,True
U300119,lapsed,tier_2,2024-05-20,5,123,True,True
U300120,lapsed,tier_2,2026-01-09,4,98,True,False
U300121,high_frequency,tier_1,2026-01-24,17,2,False,False
U300122,new,tier_2,2024-11-23,0,9999,True,False
U300123,active,tier_1,2025-05-16,3,20,False,False
U300124,high_frequency,tier_1,2025-05-06,21,4,True,True
U300125,high_frequency,tier_3,2024-09-06,12,2,True,True
U300126,lapsed,tier_1,2024-10-31,3,67,True,False
U300127,active,tier_2,2025-02-16,7,18,True,False
U300128,lapsed,tier_1,2025-05-19,7,153,True,False
U300129,active,tier_2,2024-06-10,3,12,True,True
U300130,active,tier_1,2025-07-05,5,10,True,True
U300131,lapsed,tier_2,2024-07-17,3,64,True,True
U300132,high_frequency,tier_3,2025-02-14,17,1,True,True
U300133,new,tier_1,2025-10-13,0,9999,False,False
U300134,lapsed,tier_1,2025-03-07,4,130,False,False
U300135,high_frequency,tier_2,2024-04-28,16,4,False,True
U300136,active,tier_2,2025-01-21,6,6,False,False
U300137,active,tier_3,2025-04-21,9,14,False,True
U300138,lapsed,tier_3,2025-09-08,4,118,False,False
U300139,new,tier_3,2025-10-03,0,9999,False,False
U300140,high_frequency,tier_1,2025-08-22,19,4,True,True
U300141,active,tier_1,2026-01-25,4,12,False,True
U300142,lapsed,tier_1,2025-12-07,1,131,False,False
U300143,lapsed,tier_1,2025-08-17,3,133,True,False
U300144,new,tier_3,2024-05-15,0,9999,True,True
U300145,new,tier_3,2025-09-02,0,9999,False,False
U300146,active,tier_2,2025-11-11,6,7,True,True
U300147,lapsed,tier_2,2024-04-14,5,147,False,False
U300148,active,tier_1,2025-01-19,4,8,False,False
U300149,active,tier_2,2024-07-09,4,19,True,False
U300150,new,tier_2,2025-09-07,0,9999,False,False
U300151,active,tier_1,2024-09-06,8,3,True,True
U300152,high_frequency,tier_3,2024-10-06,20,1,True,True
U300153,new,tier_1,2024-08-26,0,9999,False,False
U300154,lapsed,tier_2,2026-02-09,7,119,True,True
U300155,active,tier_2,2024-06-10,8,4,True,False
U300156,high_frequency,tier_2,2025-04-09,24,1,True,False
U300157,high_frequency,tier_1,2024-06-30,16,0,False,True
U300158,active,tier_1,2024-12-06,4,8,False,True
U300159,high_frequency,tier_2,2025-07-13,20,2,True,True
U300160,active,tier_2,2025-06-30,8,18,True,False
U300161,lapsed,tier_2,2024-09-17,3,146,True,True
U300162,active,tier_3,2025-01-16,5,4,False,True
U300163,active,tier_2,2025-04-17,8,10,False,False
U300164,new,tier_2,2024-12-17,0,9999,True,False
U300165,active,tier_1,2025-12-02,6,14,False,True
U300166,active,tier_1,2026-01-21,11,11,False,True
U300167,new,tier_3,2025-02-06,0,9999,True,False
U300168,new,tier_1,2025-12-22,0,9999,False,True
U300169,new,tier_2,2025-05-27,0,9999,True,False
U300170,high_frequency,tier_2,2024-08-21,18,2,False,True
U300171,active,tier_3,2025-07-27,6,12,True,True
U300172,high_frequency,tier_1,2025-12-26,16,4,False,True
U300173,active,tier_1,2024-09-05,5,15,False,True
U300174,lapsed,tier_1,2025-03-14,5,76,True,True
U300175,active,tier_3,2024-11-24,5,14,False,True
U300176,lapsed,tier_1,2024-05-18,2,93,False,False
U300177,active,tier_3,2025-05-17,5,13,False,True
U300178,high_frequency,tier_1,2024-10-02,21,1,False,False
U300179,active,tier_2,2025-08-10,5,11,False,True
U300180,new,tier_2,2024-09-18,0,9999,False,False
U300181,active,tier_2,2024-08-28,4,10,False,False
U300182,new,tier_1,2025-12-31,0,9999,True,True
U300183,active,tier_3,2025-06-14,5,6,False,False
U300184,active,tier_2,2025-07-19,4,11,False,False
U300185,lapsed,tier_1,2024-04-28,6,143,True,False
U300186,high_frequency,tier_3,2025-12-27,18,0,False,True
U300187,new,tier_1,2024-06-15,0,9999,True,False
U300188,lapsed,tier_2,2024-12-16,4,155,False,False
U300189,high_frequency,tier_1,2026-02-01,15,2,True,False
U300190,lapsed,tier_2,2025-04-29,10,169,False,False
U300191,active,tier_1,2024-04-09,6,16,False,False
U300192,active,tier_3,2025-07-05,8,14,True,True
U300193,high_frequency,tier_1,2025-07-11,14,2,False,True
U300194,active,tier_1,2024-07-09,8,20,True,True
U300195,lapsed,tier_1,2025-02-16,3,107,True,True
U300196,active,tier_1,2024-04-29,4,20,True,True
U300197,lapsed,tier_1,2025-02-16,7,131,False,False
U300198,lapsed,tier_2,2025-05-27,4,68,False,False
U300199,lapsed,tier_1,2026-02-28,4,73,False,False
U300200,active,tier_2,2025-06-17,7,11,True,False
U300201,active,tier_3,2025-11-28,4,17,False,False
U300202,new,tier_1,2024-07-02,0,9999,False,False
U300203,lapsed,tier_3,2025-08-06,7,151,False,False
U300204,new,tier_2,2025-01-09,0,9999,True,False
U300205,active,tier_1,2024-07-26,6,15,True,False
U300206,lapsed,tier_1,2025-01-12,4,160,False,False
U300207,active,tier_2,2024-07-10,7,10,False,False
U300208,active,tier_1,2025-02-28,4,6,True,False
U300209,active,tier_3,2024-07-15,1,5,True,True
U300210,active,tier_1,2024-06-13,5,6,True,True
U300211,lapsed,tier_2,2024-11-28,3,115,True,True
U300212,active,tier_2,2025-03-18,4,17,True,True
U300213,active,tier_3,2025-10-24,4,16,True,True
U300214,high_frequency,tier_3,2024-05-20,19,2,False,False
U300215,active,tier_1,2025-11-11,10,6,True,True
U300216,active,tier_3,2025-06-13,15,8,False,False
U300217,high_frequency,tier_2,2024-04-26,17,2,True,True
U300218,high_frequency,tier_1,2025-12-31,17,4,True,True
U300219,lapsed,tier_1,2024-07-22,4,170,True,False
U300220,active,tier_1,2025-01-08,8,7,False,True
U300221,active,tier_1,2024-06-22,10,15,False,False
U300222,active,tier_3,2025-01-01,6,9,True,True
U300223,high_frequency,tier_2,2024-07-22,16,3,False,True
U300224,new,tier_2,2025-10-30,0,9999,False,True
U300225,high_frequency,tier_1,2025-10-01,14,2,False,True
U300226,active,tier_3,2025-01-04,5,18,False,False
U300227,new,tier_3,2024-08-02,0,9999,False,False
U300228,high_frequency,tier_1,2025-11-28,13,2,True,True
U300229,lapsed,tier_1,2024-07-26,2,64,True,True
U300230,new,tier_2,2025-07-06,0,9999,False,False
U300231,active,tier_1,2025-04-15,5,5,False,False
U300232,new,tier_2,2025-06-20,0,9999,False,False
U300233,lapsed,tier_1,2025-03-12,3,153,False,False
U300234,high_frequency,tier_2,2024-06-28,25,1,True,True
U300235,active,tier_3,2025-09-06,10,7,False,True
U300236,active,tier_2,2025-09-26,4,5,True,False
U300237,new,tier_2,2026-01-11,0,9999,False,True
U300238,new,tier_2,2026-02-17,0,9999,False,False
U300239,new,tier_2,2025-01-27,0,9999,True,False
U300240,lapsed,tier_1,2025-08-21,8,84,False,False
U300241,active,tier_2,2025-09-13,10,5,True,False
U300242,active,tier_3,2025-11-26,3,17,False,False
U300243,active,tier_2,2025-07-12,1,4,True,True
U300244,active,tier_2,2024-08-12,6,7,True,True
U300245,lapsed,tier_2,2024-11-11,5,149,True,False
U300246,active,tier_2,2025-02-10,3,8,False,True
U300247,active,tier_3,2025-09-09,5,15,False,True
U300248,high_frequency,tier_2,2024-12-31,20,3,False,True
U300249,high_frequency,tier_3,2024-04-14,22,4,False,True
U300250,active,tier_2,2025-04-03,8,19,True,True
U300251,active,tier_2,2025-06-14,5,3,True,False
U300252,active,tier_1,2024-09-25,3,7,True,True
U300253,active,tier_1,2025-04-11,10,13,True,True
U300254,high_frequency,tier_1,2025-11-27,23,3,True,True
U300255,active,tier_3,2025-11-14,4,10,True,True
U300256,active,tier_2,2024-09-24,9,16,False,True
U300257,high_frequency,tier_2,2024-09-03,20,1,False,False
U300258,lapsed,tier_1,2024-09-03,3,87,False,False
U300259,new,tier_1,2024-10-18,0,9999,True,False
U300260,active,tier_3,2025-08-19,5,5,True,True
U300261,high_frequency,tier_1,2024-11-26,16,1,True,True
U300262,lapsed,tier_2,2024-06-09,2,152,True,True
U300263,active,tier_1,2025-09-09,8,19,True,True
U300264,active,tier_2,2024-07-24,8,12,False,False
U300265,lapsed,tier_2,2025-03-17,3,170,True,True
U300266,lapsed,tier_1,2024-07-18,9,92,False,False
U300267,new,tier_3,2025-03-26,0,9999,False,False
U300268,active,tier_1,2024-04-10,10,6,False,True
U300269,lapsed,tier_2,2025-04-27,3,175,False,False
U300270,new,tier_1,2025-11-11,0,9999,False,False
U300271,active,tier_1,2025-03-19,6,12,True,False
U300272,lapsed,tier_2,2025-06-24,2,80,True,True
U300273,active,tier_1,2024-05-02,4,17,True,False
U300274,lapsed,tier_1,2025-01-06,3,96,False,False
U300275,new,tier_1,2025-06-03,0,9999,False,False
U300276,high_frequency,tier_2,2025-09-10,18,1,True,True
U300277,lapsed,tier_1,2025-10-09,2,100,False,False
U300278,high_frequency,tier_2,2025-04-09,14,4,True,True
U300279,active,tier_3,2025-01-18,11,18,True,True
U300280,active,tier_3,2025-12-28,10,8,False,False
U300281,active,tier_1,2024-09-12,9,20,True,False
U300282,new,tier_1,2024-05-02,0,9999,True,False
U300283,active,tier_3,2024-10-24,6,10,False,True
U300284,active,tier_1,2024-12-17,7,5,False,False
U300285,high_frequency,tier_1,2025-08-17,19,2,True,False
U300286,new,tier_1,2024-06-23,0,9999,True,False
U300287,new,tier_3,2025-08-13,0,9999,False,True
U300288,lapsed,tier_3,2026-02-17,1,80,True,True
U300289,high_frequency,tier_3,2025-10-17,21,1,True,True
U300290,active,tier_2,2025-05-18,3,5,True,True
U300291,high_frequency,tier_2,2024-07-20,15,3,False,False
U300292,lapsed,tier_3,2025-12-26,1,73,False,False
U300293,lapsed,tier_2,2025-11-15,4,99,False,False
U300294,lapsed,tier_1,2025-02-21,3,161,True,False
U300295,active,tier_1,2024-05-06,8,20,False,True
U300296,lapsed,tier_3,2026-01-30,9,103,True,True
U300297,lapsed,tier_3,2024-04-27,5,118,True,True
U300298,high_frequency,tier_3,2024-12-23,13,1,False,True
U300299,high_frequency,tier_1,2025-10-29,20,3,False,True
U300300,lapsed,tier_3,2025-04-04,3,177,True,False
U300301,high_frequency,tier_1,2025-11-13,23,3,True,True
U300302,new,tier_1,2025-03-28,0,9999,False,False
U300303,new,tier_1,2024-12-29,0,9999,False,False
U300304,active,tier_1,2026-01-05,8,12,True,True
U300305,new,tier_2,2024-12-23,0,9999,False,False
U300306,lapsed,tier_1,2025-05-27,3,155,True,False
U300307,new,tier_2,2024-11-21,0,9999,True,True
U300308,high_frequency,tier_2,2024-04-28,15,0,True,True
U300309,new,tier_2,2025-10-18,0,9999,False,False
U300310,lapsed,tier_1,2024-11-19,5,127,False,True
U300311,new,tier_3,2025-11-12,0,9999,False,False
U300312,high_frequency,tier_3,2025-12-09,11,4,False,True
U300313,active,tier_1,2025-12-20,5,5,True,False
U300314,active,tier_2,2024-05-12,5,13,True,False
U300315,active,tier_3,2024-07-17,3,15,False,True
U300316,lapsed,tier_2,2025-09-09,6,126,True,False
U300317,high_frequency,tier_2,2025-02-27,15,0,True,True
U300318,lapsed,tier_2,2024-11-29,3,121,True,False
U300319,new,tier_1,2025-12-06,0,9999,False,False
U300320,active,tier_2,2024-09-21,8,13,False,False
U300321,active,tier_1,2025-05-20,8,13,True,False
U300322,active,tier_1,2024-07-01,6,3,True,True
U300323,high_frequency,tier_3,2024-11-14,20,2,True,True
U300324,lapsed,tier_1,2025-08-31,6,120,False,False
U300325,lapsed,tier_3,2025-05-12,4,130,False,False
U300326,active,tier_1,2026-02-18,6,8,True,True
U300327,active,tier_2,2025-02-08,8,10,True,True
U300328,active,tier_1,2025-03-05,9,7,True,False
U300329,active,tier_1,2025-09-20,3,16,True,True
U300330,lapsed,tier_2,2024-04-26,6,152,False,True
U300331,active,tier_1,2024-08-29,2,8,False,False
U300332,lapsed,tier_3,2025-10-10,3,93,False,False
U300333,active,tier_1,2025-09-05,2,18,False,False
U300334,lapsed,tier_1,2025-01-06,4,108,True,True
U300335,new,tier_3,2024-08-03,0,9999,True,False
U300336,high_frequency,tier_2,2025-08-15,18,2,True,True
U300337,new,tier_2,2024-10-15,0,9999,False,False
U300338,active,tier_2,2025-07-18,6,11,True,True
U300339,lapsed,tier_2,2024-06-18,3,149,False,False
U300340,active,tier_1,2025-09-24,4,6,True,False
U300341,new,tier_2,2024-04-15,0,9999,True,True
U300342,new,tier_3,2026-02-24,0,9999,True,False
U300343,active,tier_3,2024-05-14,4,17,False,True
U300344,active,tier_2,2025-02-24,9,3,False,False
U300345,high_frequency,tier_3,2025-08-15,22,2,True,True
U300346,lapsed,tier_1,2025-02-28,7,135,True,False
U300347,active,tier_2,2025-05-02,6,12,False,True
U300348,lapsed,tier_2,2024-10-07,3,148,False,False
U300349,active,tier_1,2026-01-25,6,19,True,True
U300350,active,tier_1,2024-11-23,9,12,True,True
U300351,high_frequency,tier_1,2025-05-24,18,1,True,True
U300352,high_frequency,tier_2,2025-10-22,23,2,False,True
U300353,new,tier_1,2024-08-06,0,9999,True,False
U300354,active,tier_3,2024-08-10,8,4,False,True
U300355,lapsed,tier_2,2024-11-03,6,154,True,True
U300356,active,tier_2,2024-04-09,1,10,True,False
U300357,active,tier_2,2025-01-21,7,8,False,True
U300358,new,tier_1,2024-05-19,0,9999,False,True
U300359,high_frequency,tier_3,2025-09-10,18,2,False,False
U300360,new,tier_1,2025-11-06,0,9999,True,False
U300361,lapsed,tier_3,2025-12-12,7,140,False,False
U300362,new,tier_1,2024-12-21,0,9999,True,False
U300363,active,tier_3,2024-08-14,10,12,False,True
U300364,high_frequency,tier_1,2025-09-28,19,3,False,True
U300365,new,tier_1,2024-06-10,0,9999,True,True
U300366,lapsed,tier_1,2024-07-17,6,75,False,False
U300367,active,tier_3,2026-02-26,10,13,False,False
U300368,high_frequency,tier_1,2025-10-12,16,1,False,True
U300369,active,tier_3,2025-02-12,5,3,False,True
U300370,active,tier_3,2025-04-11,5,9,True,False
U300371,high_frequency,tier_2,2024-12-23,16,0,False,True
U300372,new,tier_1,2024-06-29,0,9999,True,False
U300373,active,tier_2,2024-10-27,9,5,False,False
U300374,high_frequency,tier_1,2024-06-21,14,3,True,True
U300375,active,tier_1,2025-08-16,6,18,False,False
U300376,lapsed,tier_1,2025-02-25,6,153,False,True
U300377,high_frequency,tier_2,2024-10-14,18,4,True,True
U300378,lapsed,tier_1,2025-08-02,6,158,False,False
U300379,high_frequency,tier_2,2024-12-09,15,2,False,True
U300380,lapsed,tier_1,2024-04-24,1,138,False,False
U300381,lapsed,tier_1,2025-10-08,5,97,True,False
U300382,new,tier_2,2025-01-13,0,9999,True,False
U300383,high_frequency,tier_2,2025-03-12,13,3,False,True
U300384,active,tier_2,2024-11-17,3,10,True,True
U300385,active,tier_3,2024-05-03,5,19,False,True
U300386,active,tier_2,2026-02-22,9,9,False,True
U300387,active,tier_1,2025-06-12,11,20,False,False
U300388,high_frequency,tier_1,2024-06-05,25,2,False,True
U300389,lapsed,tier_1,2025-08-04,6,64,True,True
U300390,active,tier_3,2025-02-24,5,7,True,True
U300391,new,tier_1,2025-04-15,0,9999,False,False
U300392,lapsed,tier_1,2025-09-08,4,139,False,False
U300393,lapsed,tier_1,2024-05-11,6,71,True,True
U300394,high_frequency,tier_3,2024-07-28,20,1,True,True
U300395,lapsed,tier_3,2024-12-18,1,141,True,False
U300396,active,tier_1,2025-04-12,5,3,True,True
U300397,lapsed,tier_2,2024-05-06,3,141,False,False
U300398,new,tier_1,2025-04-01,0,9999,False,False
U300399,active,tier_1,2025-03-29,3,10,False,False
U300400,lapsed,tier_2,2024-07-01,2,115,False,False
U300401,lapsed,tier_2,2024-08-01,4,71,True,False
U300402,high_frequency,tier_1,2025-10-02,21,3,True,True
U300403,new,tier_1,2026-01-28,0,9999,False,False
U300404,high_frequency,tier_1,2025-01-01,13,0,False,True
U300405,active,tier_1,2024-07-06,6,18,True,True
U300406,new,tier_2,2024-12-22,0,9999,False,False
U300407,active,tier_3,2025-12-14,5,12,True,True
U300408,lapsed,tier_1,2025-01-25,4,134,False,True
U300409,active,tier_1,2025-02-16,3,14,True,True
U300410,active,tier_3,2025-06-22,8,10,True,True
U300411,high_frequency,tier_1,2024-09-17,19,0,True,False
U300412,active,tier_2,2025-01-04,4,18,True,False
U300413,high_frequency,tier_1,2024-09-09,14,2,False,True
U300414,active,tier_2,2025-09-30,6,19,True,True
U300415,new,tier_1,2024-06-18,0,9999,False,False
U300416,active,tier_2,2025-06-18,9,14,False,True
U300417,lapsed,tier_2,2026-01-06,4,78,False,False
U300418,active,tier_3,2025-09-26,6,10,False,True
U300419,active,tier_3,2024-08-28,6,4,True,True
U300420,lapsed,tier_1,2024-05-17,3,159,True,False
U300421,high_frequency,tier_3,2025-06-29,20,1,False,True
U300422,lapsed,tier_1,2024-08-19,8,141,True,True
U300423,lapsed,tier_1,2025-08-08,4,166,False,True
U300424,active,tier_2,2025-08-06,4,7,True,True
U300425,lapsed,tier_3,2025-06-15,4,147,True,False
U300426,lapsed,tier_3,2024-07-09,2,63,False,False
U300427,new,tier_1,2024-08-14,0,9999,True,False
U300428,high_frequency,tier_1,2025-12-02,20,2,False,True
U300429,active,tier_2,2025-11-24,4,20,False,True
U300430,active,tier_1,2025-11-29,4,14,True,False
U300431,active,tier_1,2025-12-17,3,14,True,False
U300432,lapsed,tier_3,2025-10-08,2,102,False,False
U300433,active,tier_2,2025-02-14,4,11,True,True
U300434,lapsed,tier_2,2025-06-23,3,129,True,False
U300435,active,tier_1,2024-09-11,5,14,True,False
U300436,active,tier_3,2025-12-09,6,17,True,False
U300437,active,tier_1,2024-09-20,10,20,False,False
U300438,new,tier_3,2024-05-15,0,9999,False,False
U300439,new,tier_2,2025-06-25,0,9999,True,True
U300440,lapsed,tier_1,2025-08-31,7,88,False,False
U300441,new,tier_2,2024-04-13,0,9999,True,True
U300442,lapsed,tier_2,2025-10-17,2,145,False,False
U300443,high_frequency,tier_3,2024-12-22,16,0,True,True
U300444,high_frequency,tier_2,2024-11-11,18,0,False,True
U300445,new,tier_2,2024-10-04,0,9999,False,True
U300446,active,tier_2,2025-08-10,4,17,False,True
U300447,lapsed,tier_3,2025-05-01,7,168,False,False
U300448,active,tier_3,2024-06-18,5,16,True,True
U300449,active,tier_2,2025-05-13,6,9,True,True
U300450,high_frequency,tier_1,2025-08-30,16,1,True,True
U300451,new,tier_2,2026-01-02,0,9999,True,False
U300452,high_frequency,tier_2,2024-05-23,24,3,True,True
U300453,lapsed,tier_3,2024-10-15,5,148,False,False
U300454,new,tier_1,2024-09-03,0,9999,True,True
U300455,active,tier_1,2024-09-09,5,17,True,False
U300456,active,tier_2,2026-02-16,3,12,False,True
U300457,high_frequency,tier_3,2026-01-27,19,2,True,True
U300458,new,tier_1,2024-05-31,0,9999,True,True
U300459,high_frequency,tier_1,2025-11-18,26,1,True,False
U300460,new,tier_2,2024-10-05,0,9999,False,False
U300461,active,tier_1,2025-07-16,5,8,True,True
U300462,new,tier_1,2024-08-06,0,9999,False,False
U300463,high_frequency,tier_2,2025-04-05,20,4,False,True
U300464,high_frequency,tier_1,2024-11-01,27,3,True,True
U300465,active,tier_1,2025-09-29,1,7,True,True
U300466,lapsed,tier_2,2025-12-29,1,149,True,False
U300467,new,tier_1,2025-08-04,0,9999,True,False
U300468,lapsed,tier_1,2024-05-02,5,74,False,False
U300469,active,tier_1,2024-05-06,5,4,False,True
U300470,lapsed,tier_2,2024-05-26,3,168,False,False
U300471,active,tier_1,2024-07-14,9,17,False,True
U300472,lapsed,tier_2,2026-02-13,6,150,False,False
U300473,active,tier_2,2024-04-01,7,20,True,False
U300474,active,tier_2,2025-02-09,7,5,False,True
U300475,active,tier_1,2026-01-03,5,12,True,False
U300476,active,tier_1,2025-11-27,3,4,True,True
U300477,active,tier_2,2025-10-03,12,12,True,False
U300478,lapsed,tier_2,2024-10-19,4,168,True,False
U300479,lapsed,tier_2,2024-05-26,6,64,False,False
U300480,new,tier_3,2025-12-12,0,9999,False,False
U300481,lapsed,tier_1,2024-10-09,2,81,False,False
U300482,new,tier_1,2026-01-06,0,9999,True,False
U300483,lapsed,tier_2,2025-03-08,3,148,True,True
U300484,lapsed,tier_3,2024-05-29,6,126,False,False
U300485,lapsed,tier_1,2025-07-23,3,92,True,False
U300486,lapsed,tier_1,2024-09-05,9,142,True,True
U300487,active,tier_1,2025-06-23,6,17,True,False
U300488,high_frequency,tier_1,2024-04-29,23,4,False,False
U300489,high_frequency,tier_3,2024-10-13,17,3,False,True
U300490,active,tier_3,2024-10-18,3,7,False,True
U300491,active,tier_1,2026-03-01,4,7,False,False
U300492,high_frequency,tier_3,2024-08-28,16,3,False,True
U300493,lapsed,tier_2,2025-03-07,6,179,True,False
U300494,new,tier_3,2025-07-22,0,9999,False,False
U300495,active,tier_2,2025-08-29,8,12,False,False
U300496,new,tier_2,2025-10-14,0,9999,False,False
U300497,active,tier_3,2024-08-15,10,10,True,False
U300498,active,tier_3,2025-12-09,4,13,False,False
U300499,new,tier_1,2025-07-05,0,9999,True,False
U300500,lapsed,tier_2,2024-06-03,8,147,False,False
U300501,active,tier_1,2024-09-23,14,15,True,False
U300502,high_frequency,tier_2,2024-11-05,15,3,True,True
U300503,lapsed,tier_1,2024-06-08,7,103,False,False
U300504,active,tier_2,2026-02-22,8,13,True,False
U300505,active,tier_1,2025-06-01,8,19,False,True
U300506,new,tier_1,2024-04-07,0,9999,True,False
U300507,active,tier_2,2024-04-11,7,16,False,False
U300508,lapsed,tier_3,2026-01-04,0,158,True,True
U300509,new,tier_1,2025-01-20,0,9999,True,False
U300510,lapsed,tier_1,2024-04-05,4,73,False,False
U300511,active,tier_1,2025-04-01,8,17,False,True
U300512,new,tier_1,2025-03-29,0,9999,True,True
U300513,new,tier_3,2024-05-13,0,9999,True,True
U300514,active,tier_2,2024-11-17,10,4,False,True
U300515,lapsed,tier_1,2025-05-27,0,125,False,False
U300516,active,tier_1,2024-06-08,6,16,False,False
U300517,lapsed,tier_2,2025-04-08,1,60,True,False
U300518,active,tier_2,2024-12-16,2,16,True,False
U300519,active,tier_1,2024-04-16,5,3,False,True
U300520,high_frequency,tier_1,2024-08-16,28,0,False,True
U300521,high_frequency,tier_1,2025-11-14,17,4,True,True
U300522,active,tier_2,2025-12-22,2,20,False,False
U300523,active,tier_2,2024-11-27,7,15,True,False
U300524,lapsed,tier_3,2025-07-08,1,144,True,False
U300525,active,tier_2,2025-03-13,7,5,False,False
U300526,active,tier_1,2025-02-16,7,18,True,True
U300527,high_frequency,tier_1,2026-01-05,16,2,False,True
U300528,lapsed,tier_3,2025-02-27,3,75,True,False
U300529,high_frequency,tier_2,2024-09-21,14,2,False,True
U300530,active,tier_3,2024-08-29,8,4,True,True
U300531,lapsed,tier_3,2025-05-12,5,151,True,True
U300532,active,tier_2,2025-08-10,8,15,True,True
U300533,lapsed,tier_1,2025-03-23,2,166,False,True
U300534,active,tier_2,2024-12-07,6,10,False,False
U300535,new,tier_2,2024-06-13,0,9999,True,True
U300536,high_frequency,tier_1,2024-07-13,18,2,False,True
U300537,high_frequency,tier_1,2025-11-18,23,4,True,True
U300538,new,tier_2,2024-08-24,0,9999,False,False
U300539,high_frequency,tier_1,2025-10-06,18,4,True,False
U300540,active,tier_1,2025-02-02,3,13,True,True
U300541,new,tier_1,2024-05-01,0,9999,True,False
U300542,active,tier_3,2024-08-23,12,12,False,True
U300543,new,tier_2,2025-02-17,0,9999,True,True
U300544,active,tier_1,2024-07-22,5,7,True,False
U300545,high_frequency,tier_3,2025-05-25,17,1,False,True
U300546,active,tier_1,2025-10-12,5,4,True,False
U300547,lapsed,tier_2,2024-09-14,8,64,False,False
U300548,active,tier_3,2025-11-24,2,9,True,True
U300549,new,tier_2,2025-10-02,0,9999,False,False
U300550,high_frequency,tier_1,2026-01-22,18,3,True,True
U300551,high_frequency,tier_3,2025-12-29,14,3,False,True
U300552,new,tier_1,2025-07-27,0,9999,True,False
U300553,active,tier_2,2024-04-21,4,19,False,False
U300554,active,tier_1,2025-10-26,8,7,False,True
U300555,lapsed,tier_1,2025-08-25,3,155,True,False
U300556,active,tier_1,2025-05-15,4,5,True,False
U300557,new,tier_2,2025-10-17,0,9999,False,True
U300558,active,tier_2,2025-12-02,8,10,True,False
U300559,lapsed,tier_1,2025-12-10,9,95,True,False
U300560,high_frequency,tier_2,2025-01-09,20,0,True,True
U300561,new,tier_3,2025-10-28,0,9999,True,True
U300562,lapsed,tier_3,2024-10-19,6,87,True,False
U300563,lapsed,tier_1,2025-07-17,6,112,False,False
U300564,active,tier_2,2024-05-04,3,20,True,True
U300565,active,tier_2,2024-11-13,12,9,True,False
U300566,new,tier_1,2024-10-28,0,9999,True,False
U300567,active,tier_2,2024-07-07,3,20,True,True
U300568,lapsed,tier_2,2025-01-17,3,107,True,False
U300569,active,tier_2,2025-05-30,6,16,True,True
U300570,lapsed,tier_2,2024-11-27,2,79,True,False
U300571,lapsed,tier_1,2025-04-07,2,87,True,False
U300572,new,tier_1,2024-10-12,0,9999,True,False
U300573,active,tier_3,2025-11-07,6,10,False,True
U300574,active,tier_2,2024-07-27,4,18,False,False
U300575,active,tier_2,2025-04-10,2,13,True,True
U300576,lapsed,tier_2,2024-07-11,5,169,True,True
U300577,new,tier_3,2025-10-30,0,9999,True,True
U300578,active,tier_1,2025-10-04,9,3,False,False
U300579,lapsed,tier_2,2025-06-16,2,165,False,True
U300580,active,tier_2,2025-11-25,5,19,False,True
U300581,new,tier_2,2024-04-16,0,9999,False,False
U300582,high_frequency,tier_3,2024-12-23,16,3,True,False
U300583,high_frequency,tier_1,2025-12-18,14,2,False,False
U300584,active,tier_2,2025-12-04,8,20,True,True
U300585,high_frequency,tier_1,2024-07-11,17,3,False,True
U300586,active,tier_3,2025-04-30,4,12,True,False
U300587,new,tier_2,2025-05-28,0,9999,False,False
U300588,lapsed,tier_2,2025-12-20,4,173,True,False
U300589,new,tier_2,2025-03-15,0,9999,False,False
U300590,active,tier_2,2025-08-03,7,7,False,False
U300591,lapsed,tier_1,2024-05-24,3,154,False,False
U300592,active,tier_2,2025-01-16,9,13,True,False
U300593,new,tier_1,2026-02-09,0,9999,True,False
U300594,high_frequency,tier_2,2025-10-07,20,3,False,True
U300595,active,tier_1,2025-05-27,7,5,False,True
U300596,active,tier_2,2024-09-20,10,15,True,False
U300597,active,tier_3,2025-11-30,8,16,False,False
U300598,high_frequency,tier_3,2025-11-13,27,0,False,True
U300599,active,tier_2,2025-01-31,5,14,False,False
U300600,active,tier_1,2024-05-20,2,9,True,True
U300601,lapsed,tier_1,2024-11-09,3,130,True,True
U300602,high_frequency,tier_2,2025-03-22,26,2,False,True
U300603,lapsed,tier_1,2025-11-05,5,95,True,False
U300604,high_frequency,tier_2,2024-10-01,13,2,False,False
U300605,active,tier_3,2025-06-22,2,19,False,True
U300606,active,tier_1,2024-07-13,5,17,False,False
U300607,new,tier_2,2026-01-21,0,9999,False,False
U300608,active,tier_2,2025-09-30,5,18,True,True
U300609,active,tier_2,2024-09-07,4,19,False,False
U300610,high_frequency,tier_1,2024-05-12,21,4,False,True
U300611,high_frequency,tier_1,2026-02-26,15,0,False,True
U300612,new,tier_2,2024-06-02,0,9999,True,False
U300613,lapsed,tier_2,2024-05-24,4,95,True,True
U300614,high_frequency,tier_3,2025-03-31,16,0,True,False
U300615,high_frequency,tier_2,2024-10-13,15,4,True,True
U300616,active,tier_3,2024-07-23,7,11,False,False
U300617,lapsed,tier_2,2024-11-12,3,132,True,False
U300618,lapsed,tier_2,2026-01-22,4,124,False,False
U300619,new,tier_1,2025-04-12,0,9999,True,True
U300620,new,tier_1,2026-01-05,0,9999,False,False
U300621,lapsed,tier_2,2024-04-21,3,155,True,False
U300622,active,tier_1,2024-06-05,8,3,False,True
U300623,lapsed,tier_2,2024-05-23,5,113,True,True
U300624,new,tier_1,2024-12-31,0,9999,True,True
U300625,new,tier_1,2025-03-04,0,9999,True,False
U300626,lapsed,tier_1,2024-10-01,6,169,True,False
U300627,active,tier_1,2024-06-21,6,13,True,True
U300628,active,tier_1,2024-05-10,11,11,False,True
U300629,lapsed,tier_1,2024-09-14,3,129,False,False
U300630,new,tier_1,2025-05-11,0,9999,True,False
U300631,new,tier_2,2025-12-27,0,9999,False,False
U300632,active,tier_2,2025-10-04,2,16,False,True
U300633,lapsed,tier_1,2025-06-15,7,142,False,False
U300634,active,tier_3,2025-08-08,11,17,True,False
U300635,active,tier_1,2025-08-04,9,10,False,False
U300636,lapsed,tier_1,2024-07-03,5,90,True,True
U300637,high_frequency,tier_1,2024-04-26,18,3,True,True
U300638,active,tier_3,2024-05-19,8,10,True,False
U300639,lapsed,tier_3,2024-07-12,3,136,True,True
U300640,active,tier_1,2026-01-07,5,11,False,True
U300641,active,tier_1,2025-10-02,6,13,True,True
U300642,lapsed,tier_2,2025-06-17,4,164,True,False
U300643,active,tier_2,2025-08-07,5,6,True,True
U300644,lapsed,tier_1,2025-01-09,6,93,False,False
U300645,active,tier_2,2024-04-19,7,7,True,False
U300646,lapsed,tier_1,2025-07-16,1,168,True,True
U300647,active,tier_1,2025-11-16,4,5,False,False
U300648,active,tier_1,2024-07-11,11,6,False,True
U300649,new,tier_1,2025-11-05,0,9999,False,False
U300650,active,tier_1,2025-06-11,4,4,True,False
U300651,lapsed,tier_1,2025-07-14,7,89,False,True
U300652,new,tier_1,2024-05-08,0,9999,False,False
U300653,lapsed,tier_1,2024-04-14,3,148,False,False
U300654,high_frequency,tier_3,2024-05-03,9,4,True,True
U300655,high_frequency,tier_2,2024-09-25,13,4,True,True
U300656,active,tier_2,2024-12-31,6,20,False,False
U300657,active,tier_1,2025-04-27,6,9,True,True
U300658,active,tier_2,2024-12-13,7,4,True,False
U300659,lapsed,tier_1,2024-05-28,4,174,True,False
U300660,high_frequency,tier_3,2025-09-10,19,2,True,True
U300661,lapsed,tier_2,2025-08-24,4,121,True,True
U300662,lapsed,tier_1,2026-01-19,3,173,True,False
U300663,lapsed,tier_2,2025-12-06,3,146,True,False
U300664,active,tier_2,2024-12-03,3,17,False,True
U300665,new,tier_1,2025-02-08,0,9999,False,False
U300666,high_frequency,tier_2,2024-12-04,12,3,False,True
U300667,active,tier_1,2024-10-18,6,13,True,True
U300668,active,tier_1,2025-10-11,8,7,False,True
U300669,active,tier_2,2025-07-26,9,9,True,True
U300670,lapsed,tier_3,2025-07-13,2,168,True,False
U300671,active,tier_2,2024-05-05,7,17,False,False
U300672,active,tier_3,2024-05-12,5,20,False,True
U300673,active,tier_1,2024-09-07,5,16,False,True
U300674,lapsed,tier_3,2025-09-30,1,92,False,False
U300675,active,tier_3,2025-12-08,5,18,False,True
U300676,high_frequency,tier_2,2024-05-01,21,1,False,True
U300677,high_frequency,tier_1,2024-11-30,21,2,True,True
U300678,high_frequency,tier_3,2024-12-28,25,0,True,True
U300679,active,tier_2,2025-12-12,6,17,False,True
U300680,active,tier_3,2024-11-27,6,7,False,True
U300681,lapsed,tier_1,2024-08-06,1,147,False,False
U300682,lapsed,tier_1,2025-11-10,4,138,True,True
U300683,active,tier_1,2024-05-11,6,3,False,False
U300684,active,tier_3,2025-04-25,9,19,True,True
U300685,new,tier_1,2024-11-27,0,9999,False,False
U300686,high_frequency,tier_3,2025-08-28,16,0,True,True
U300687,new,tier_1,2024-06-21,0,9999,True,False
U300688,high_frequency,tier_1,2024-05-03,21,0,False,True
U300689,active,tier_3,2025-07-18,8,12,True,True
U300690,lapsed,tier_1,2025-07-26,3,124,False,False
U300691,new,tier_3,2025-11-01,0,9999,False,False
U300692,active,tier_2,2025-11-17,4,6,True,True
U300693,active,tier_1,2024-04-20,6,19,False,False
U300694,lapsed,tier_3,2024-07-01,4,162,True,False
U300695,new,tier_2,2025-03-03,0,9999,False,True
U300696,high_frequency,tier_1,2024-06-05,19,1,True,True
U300697,high_frequency,tier_3,2025-07-10,17,1,True,True
U300698,active,tier_1,2025-01-29,7,7,False,False
U300699,new,tier_1,2024-11-29,0,9999,True,True
U300700,active,tier_1,2025-02-05,9,16,False,False
U300701,active,tier_3,2025-07-17,3,14,True,True
U300702,lapsed,tier_1,2025-12-01,3,124,True,True
U300703,high_frequency,tier_2,2026-02-21,17,1,False,True
U300704,lapsed,tier_1,2024-05-28,3,146,True,True
U300705,lapsed,tier_2,2024-11-21,5,94,False,False
U300706,high_frequency,tier_2,2025-06-25,20,1,False,False
U300707,lapsed,tier_1,2024-12-26,3,154,False,False
U300708,active,tier_3,2025-11-30,9,18,False,False
U300709,new,tier_1,2025-11-13,0,9999,True,True
U300710,active,tier_1,2025-05-16,5,10,False,True
U300711,lapsed,tier_3,2025-06-11,2,83,False,False
U300712,active,tier_1,2025-04-30,8,18,True,False
U300713,active,tier_2,2024-05-19,4,6,False,False
U300714,lapsed,tier_3,2024-07-13,2,68,False,False
U300715,high_frequency,tier_2,2024-05-21,22,2,False,True
U300716,active,tier_1,2026-01-30,11,5,True,False
U300717,high_frequency,tier_1,2025-02-23,24,2,True,True
U300718,lapsed,tier_3,2025-02-21,4,125,False,False
U300719,active,tier_1,2024-07-22,5,9,True,True
U300720,active,tier_1,2024-11-05,5,15,True,True
U300721,new,tier_1,2024-10-01,0,9999,True,True
U300722,lapsed,tier_2,2024-12-17,6,85,True,False
U300723,high_frequency,tier_1,2024-04-20,24,2,True,True
U300724,lapsed,tier_1,2024-08-23,6,94,False,False
U300725,new,tier_3,2024-06-02,0,9999,True,False
U300726,high_frequency,tier_1,2025-11-01,21,1,True,True
U300727,active,tier_1,2026-02-07,8,20,False,True
U300728,lapsed,tier_1,2025-01-01,1,104,True,False
U300729,active,tier_2,2025-06-30,7,5,False,True
U300730,active,tier_1,2024-11-07,7,18,True,True
U300731,active,tier_3,2024-12-15,6,14,False,False
U300732,new,tier_1,2025-02-04,0,9999,False,False
U300733,lapsed,tier_1,2024-08-23,3,92,False,False
U300734,active,tier_3,2024-07-11,9,14,True,False
U300735,lapsed,tier_2,2024-12-24,4,142,True,True
U300736,active,tier_3,2025-03-16,7,4,True,True
U300737,high_frequency,tier_2,2024-07-25,14,4,False,True
U300738,lapsed,tier_2,2025-03-31,1,110,True,False
U300739,lapsed,tier_3,2026-02-14,6,170,False,True
U300740,active,tier_3,2025-12-18,5,20,False,True
U300741,high_frequency,tier_1,2025-07-05,22,0,True,True
U300742,lapsed,tier_1,2026-01-29,3,145,False,False
U300743,lapsed,tier_1,2025-08-27,2,120,True,False
U300744,new,tier_1,2025-07-15,0,9999,False,False
U300745,active,tier_2,2024-09-18,2,17,False,True
U300746,new,tier_2,2024-05-18,0,9999,False,False
U300747,new,tier_1,2024-06-19,0,9999,False,False
U300748,lapsed,tier_2,2024-05-20,3,64,True,False
U300749,active,tier_3,2024-08-24,1,3,False,True
U300750,high_frequency,tier_2,2024-07-22,20,2,True,True
U300751,high_frequency,tier_1,2024-12-30,10,2,True,False
U300752,new,tier_2,2024-12-09,0,9999,False,True
U300753,active,tier_1,2024-05-16,10,3,False,True
U300754,lapsed,tier_1,2025-05-23,5,170,False,True
U300755,active,tier_1,2025-12-16,4,20,False,False
U300756,high_frequency,tier_2,2026-02-25,22,3,False,True
U300757,high_frequency,tier_2,2025-03-21,15,3,True,True
U300758,high_frequency,tier_1,2024-04-11,11,1,False,True
U300759,lapsed,tier_3,2024-04-04,6,138,True,True
U300760,active,tier_2,2025-09-12,10,15,False,True
U300761,active,tier_1,2025-05-20,10,15,False,True
U300762,new,tier_1,2025-08-19,0,9999,False,True
U300763,lapsed,tier_1,2024-04-20,3,71,False,False
U300764,new,tier_2,2025-10-24,0,9999,False,False
U300765,active,tier_2,2024-05-29,8,4,False,True
U300766,new,tier_2,2025-02-28,0,9999,True,False
U300767,new,tier_3,2025-07-23,0,9999,False,True
U300768,lapsed,tier_1,2025-07-10,2,151,True,False
U300769,active,tier_1,2024-06-09,8,11,True,True
U300770,lapsed,tier_1,2024-07-07,2,62,True,True
U300771,active,tier_2,2025-09-01,6,16,False,True
U300772,active,tier_1,2024-04-26,8,16,False,False
U300773,high_frequency,tier_2,2026-01-30,25,1,True,False
U300774,active,tier_1,2025-11-23,5,18,False,False
U300775,active,tier_2,2025-04-17,9,10,True,False
U300776,high_frequency,tier_3,2024-09-23,21,4,False,True
U300777,active,tier_2,2025-06-28,6,19,True,False
U300778,lapsed,tier_1,2025-10-13,5,137,False,False
U300779,high_frequency,tier_1,2026-01-17,20,0,False,True
U300780,active,tier_2,2025-07-01,9,3,True,False
U300781,active,tier_3,2024-12-17,5,20,False,True
U300782,lapsed,tier_1,2025-01-22,2,74,False,False
U300783,lapsed,tier_3,2025-08-25,7,77,True,True
U300784,active,tier_2,2024-08-05,4,6,True,True
U300785,active,tier_3,2025-05-02,7,16,False,True
U300786,active,tier_1,2026-01-26,6,19,False,True
U300787,lapsed,tier_1,2026-02-01,5,125,False,False
U300788,lapsed,tier_1,2025-09-21,3,156,True,True
U300789,active,tier_2,2025-03-11,5,16,True,True
U300790,new,tier_1,2024-11-26,0,9999,False,False
U300791,lapsed,tier_3,2024-08-28,3,95,False,True
U300792,active,tier_2,2025-07-20,9,9,False,False
U300793,lapsed,tier_1,2024-11-27,3,143,True,True
U300794,active,tier_2,2025-03-18,5,20,False,True
U300795,active,tier_1,2025-01-23,7,19,True,False
U300796,active,tier_1,2025-09-12,7,5,True,True
U300797,active,tier_1,2025-06-26,5,3,False,False
U300798,lapsed,tier_2,2024-11-11,3,82,False,False
U300799,new,tier_1,2026-01-31,0,9999,True,True
U300800,new,tier_1,2024-08-15,0,9999,False,True
U300801,active,tier_1,2024-08-25,5,3,True,True
U300802,lapsed,tier_3,2024-08-07,4,146,True,False
U300803,active,tier_1,2024-12-09,5,11,True,False
U300804,high_frequency,tier_1,2024-11-14,12,4,True,True
U300805,new,tier_1,2025-09-05,0,9999,False,True
U300806,active,tier_1,2025-09-17,12,20,True,True
U300807,high_frequency,tier_2,2025-01-01,17,0,True,True
U300808,high_frequency,tier_1,2025-02-23,21,1,False,True
U300809,new,tier_3,2024-06-21,0,9999,False,False
U300810,active,tier_1,2024-08-11,4,6,True,True
U300811,active,tier_2,2024-10-08,4,5,True,True
U300812,active,tier_2,2025-02-13,9,5,False,True
U300813,high_frequency,tier_2,2026-02-27,12,3,True,True
U300814,lapsed,tier_2,2024-06-14,2,95,True,False
U300815,active,tier_1,2025-02-16,7,4,True,True
U300816,active,tier_1,2024-10-05,4,4,True,False
U300817,high_frequency,tier_1,2024-09-08,15,4,False,True
U300818,active,tier_2,2025-04-27,6,12,False,True
U300819,high_frequency,tier_2,2025-05-08,14,1,True,True
U300820,high_frequency,tier_2,2025-12-21,20,3,True,True
U300821,high_frequency,tier_2,2025-06-01,13,2,False,True
U300822,new,tier_1,2025-07-02,0,9999,False,False
U300823,active,tier_2,2025-12-14,5,11,False,True
U300824,high_frequency,tier_1,2025-10-08,19,2,True,True
U300825,active,tier_1,2025-08-12,4,20,True,True
U300826,high_frequency,tier_3,2025-06-27,18,0,True,True
U300827,active,tier_3,2025-12-29,7,3,False,True
U300828,lapsed,tier_2,2025-09-24,3,113,True,True
U300829,new,tier_2,2024-06-10,0,9999,True,False
U300830,lapsed,tier_1,2026-02-20,5,121,True,True
U300831,active,tier_1,2024-07-03,6,4,False,False
U300832,high_frequency,tier_2,2025-03-29,16,3,False,True
U300833,lapsed,tier_2,2025-02-27,4,166,False,False
U300834,lapsed,tier_2,2026-02-19,2,157,False,False
U300835,lapsed,tier_3,2024-12-10,10,149,False,False
U300836,high_frequency,tier_1,2024-09-07,23,2,False,True
U300837,new,tier_1,2025-10-09,0,9999,True,True
U300838,lapsed,tier_2,2024-11-06,5,128,True,False
U300839,high_frequency,tier_2,2025-01-13,19,0,False,True
U300840,new,tier_3,2026-02-06,0,9999,True,False
U300841,active,tier_2,2025-11-23,3,13,False,False
U300842,active,tier_3,2024-09-18,8,3,False,False
U300843,lapsed,tier_1,2024-06-06,3,119,True,True
U300844,active,tier_1,2025-04-26,4,11,True,True
U300845,active,tier_2,2024-06-06,5,15,True,True
U300846,lapsed,tier_1,2026-02-09,3,166,False,False
U300847,new,tier_3,2025-06-17,0,9999,False,False
U300848,lapsed,tier_2,2025-09-06,1,154,True,True
U300849,new,tier_1,2025-12-15,0,9999,True,False
U300850,new,tier_1,2024-07-31,0,9999,True,False
U300851,lapsed,tier_3,2024-10-26,3,134,False,False
U300852,active,tier_1,2024-10-13,4,11,True,False
U300853,active,tier_1,2025-09-13,7,15,False,True
U300854,active,tier_1,2025-11-23,4,10,False,True
U300855,lapsed,tier_2,2025-11-06,1,72,True,False
U300856,high_frequency,tier_1,2024-10-13,17,2,True,True
U300857,high_frequency,tier_2,2025-12-15,28,4,False,True
U300858,lapsed,tier_1,2025-02-03,5,85,True,False
U300859,new,tier_3,2025-05-09,0,9999,False,False
U300860,high_frequency,tier_1,2025-01-20,22,4,True,True
U300861,new,tier_3,2025-11-02,0,9999,False,False
U300862,high_frequency,tier_1,2024-12-10,16,3,True,True
U300863,active,tier_1,2025-01-10,7,10,False,True
U300864,lapsed,tier_1,2024-08-20,2,132,True,False
U300865,new,tier_1,2024-08-13,0,9999,False,False
U300866,new,tier_2,2025-09-03,0,9999,True,False
U300867,lapsed,tier_1,2024-10-28,5,120,True,False
U300868,active,tier_1,2025-06-07,8,6,True,True
U300869,active,tier_2,2024-04-13,5,4,False,True
U300870,lapsed,tier_3,2024-09-05,4,121,False,False
U300871,lapsed,tier_2,2025-06-18,11,72,True,True
U300872,active,tier_1,2024-12-18,7,5,True,True
U300873,high_frequency,tier_1,2024-10-16,16,0,True,True
U300874,active,tier_2,2025-12-24,8,9,False,False
U300875,high_frequency,tier_1,2024-11-09,27,4,False,True
U300876,lapsed,tier_1,2024-11-13,4,128,True,False
U300877,high_frequency,tier_1,2025-09-18,22,3,True,True
U300878,new,tier_2,2024-09-28,0,9999,True,True
U300879,active,tier_2,2024-12-23,7,4,False,True
U300880,new,tier_1,2025-09-23,0,9999,False,False
U300881,active,tier_1,2025-11-30,4,15,True,False
U300882,high_frequency,tier_2,2024-08-11,16,0,False,False
U300883,high_frequency,tier_1,2024-06-01,13,1,False,True
U300884,high_frequency,tier_1,2025-04-16,25,3,False,True
U300885,lapsed,tier_1,2025-10-12,6,154,False,False
U300886,high_frequency,tier_1,2024-12-09,16,0,False,True
U300887,lapsed,tier_1,2025-09-01,4,95,False,False
U300888,active,tier_2,2024-07-20,10,14,False,True
U300889,new,tier_3,2025-08-25,0,9999,True,False
U300890,lapsed,tier_2,2024-07-30,5,104,False,False
U300891,high_frequency,tier_1,2025-09-13,23,0,True,True
U300892,new,tier_1,2024-06-05,0,9999,False,False
U300893,active,tier_2,2024-10-25,9,15,False,False
U300894,high_frequency,tier_1,2024-04-07,16,0,False,True
U300895,lapsed,tier_2,2026-02-03,7,132,True,False
U300896,lapsed,tier_2,2025-12-03,4,120,False,False
U300897,active,tier_1,2025-02-21,5,7,True,True
U300898,new,tier_2,2024-04-02,0,9999,True,True
U300899,lapsed,tier_2,2025-06-23,3,111,True,False
U300900,lapsed,tier_3,2025-10-14,1,170,True,False
U300901,high_frequency,tier_2,2025-11-06,14,3,True,True
U300902,lapsed,tier_3,2025-10-29,5,163,True,True
U300903,lapsed,tier_1,2025-02-18,5,67,True,True
U300904,lapsed,tier_2,2024-12-16,7,89,True,True
U300905,new,tier_1,2024-06-25,0,9999,True,False
U300906,active,tier_2,2025-11-02,10,16,False,True
U300907,lapsed,tier_1,2025-01-27,2,60,False,False
U300908,new,tier_1,2024-10-24,0,9999,False,False
U300909,high_frequency,tier_1,2024-12-02,15,3,False,True
U300910,high_frequency,tier_2,2026-01-14,19,4,False,True
U300911,active,tier_1,2025-08-10,7,13,False,True
U300912,active,tier_2,2025-07-07,6,7,True,True
U300913,high_frequency,tier_1,2025-03-30,20,2,True,True
U300914,active,tier_2,2026-02-22,8,17,True,False
U300915,lapsed,tier_3,2025-02-05,8,68,True,True
U300916,lapsed,tier_1,2025-10-11,5,123,True,True
U300917,high_frequency,tier_1,2026-01-28,18,1,True,True
U300918,active,tier_2,2026-02-10,6,20,False,True
U300919,lapsed,tier_1,2024-07-04,1,171,False,False
U300920,high_frequency,tier_1,2024-12-16,20,2,True,True
U300921,high_frequency,tier_1,2025-02-01,15,4,False,False
U300922,active,tier_1,2025-07-17,7,3,True,True
U300923,active,tier_1,2025-06-13,6,7,True,True
U300924,lapsed,tier_1,2025-04-23,2,122,False,False
U300925,lapsed,tier_2,2024-08-17,1,81,True,False
U300926,active,tier_3,2024-09-10,12,20,True,True
U300927,lapsed,tier_3,2025-12-14,3,161,True,True
U300928,active,tier_1,2025-09-06,1,3,True,True
U300929,lapsed,tier_1,2024-12-09,1,105,False,False
U300930,lapsed,tier_1,2025-01-19,1,68,False,False
U300931,high_frequency,tier_3,2026-02-11,22,0,False,True
U300932,high_frequency,tier_2,2025-09-08,25,2,False,True
U300933,new,tier_1,2024-06-20,0,9999,False,False
U300934,new,tier_1,2024-07-13,0,9999,False,False
U300935,active,tier_2,2025-11-15,6,11,True,True
U300936,active,tier_1,2026-01-28,5,7,True,True
U300937,new,tier_2,2026-01-15,0,9999,False,False
U300938,active,tier_1,2024-05-07,6,3,True,False
U300939,lapsed,tier_2,2024-08-09,2,65,True,True
U300940,new,tier_2,2024-08-28,0,9999,False,False
U300941,lapsed,tier_2,2025-06-09,3,64,True,False
U300942,lapsed,tier_1,2025-11-28,2,90,False,False
U300943,new,tier_1,2024-11-13,0,9999,True,False
U300944,lapsed,tier_1,2025-12-17,1,110,False,False
U300945,active,tier_1,2025-04-27,10,15,False,False
U300946,new,tier_3,2025-09-21,0,9999,False,True
U300947,active,tier_2,2025-08-27,11,3,True,True
U300948,high_frequency,tier_3,2024-10-31,18,4,True,True
U300949,high_frequency,tier_1,2025-09-06,17,0,False,True
U300950,lapsed,tier_3,2026-01-12,2,132,True,False
U300951,new,tier_3,2025-02-14,0,9999,True,False
U300952,active,tier_1,2025-01-30,3,10,True,False
U300953,new,tier_2,2025-12-09,0,9999,False,False
U300954,high_frequency,tier_3,2025-10-31,19,4,False,True
U300955,new,tier_2,2025-10-16,0,9999,True,False
U300956,lapsed,tier_1,2026-02-27,5,147,False,False
U300957,lapsed,tier_1,2025-10-28,5,80,True,True
U300958,high_frequency,tier_3,2025-05-24,13,4,True,True
U300959,high_frequency,tier_3,2024-06-26,14,0,True,True
U300960,new,tier_3,2024-05-02,0,9999,True,True
U300961,high_frequency,tier_2,2025-10-20,17,4,False,True
U300962,active,tier_2,2024-08-06,8,15,False,False
U300963,lapsed,tier_2,2026-01-08,2,105,True,False
U300964,high_frequency,tier_2,2024-05-14,8,0,False,True
U300965,new,tier_2,2025-10-05,0,9999,False,False
U300966,new,tier_1,2025-07-26,0,9999,True,True
U300967,active,tier_3,2025-04-28,3,14,False,False
U300968,lapsed,tier_2,2024-09-03,3,138,False,False
U300969,lapsed,tier_1,2025-02-09,10,138,False,False
U300970,lapsed,tier_2,2024-12-20,4,60,True,False
U300971,active,tier_1,2025-07-06,5,4,True,True
U300972,lapsed,tier_2,2024-10-29,2,111,False,False
U300973,active,tier_1,2025-03-07,8,20,True,True
U300974,lapsed,tier_1,2025-01-09,2,138,False,False
U300975,lapsed,tier_2,2024-04-03,4,76,True,False
U300976,active,tier_2,2025-10-21,7,11,True,True
U300977,active,tier_3,2024-11-27,10,16,True,False
U300978,new,tier_2,2024-12-22,0,9999,True,False
U300979,new,tier_1,2025-01-08,0,9999,False,False
U300980,lapsed,tier_1,2025-09-02,1,68,True,False
U300981,high_frequency,tier_2,2025-05-11,13,3,False,True
U300982,lapsed,tier_1,2024-04-30,4,105,True,False
U300983,active,tier_1,2025-05-27,12,19,False,False
U300984,lapsed,tier_1,2025-01-28,4,151,False,False
U300985,lapsed,tier_2,2024-11-20,3,96,False,False
U300986,active,tier_1,2024-11-29,9,17,True,True
U300987,lapsed,tier_2,2025-08-21,1,123,False,False
U300988,active,tier_1,2024-08-18,10,13,False,False
U300989,lapsed,tier_3,2025-11-08,7,66,False,False
U300990,high_frequency,tier_1,2025-10-31,24,3,True,True
U300991,lapsed,tier_2,2025-04-26,2,130,False,False
U300992,high_frequency,tier_1,2024-10-30,22,3,True,True
U300993,lapsed,tier_3,2025-11-09,0,97,True,True
U300994,active,tier_2,2024-07-21,7,5,False,False
U300995,high_frequency,tier_1,2024-08-03,18,0,False,True
U300996,active,tier_3,2024-10-28,8,15,True,True
U300997,new,tier_2,2025-04-01,0,9999,True,False
U300998,high_frequency,tier_2,2025-09-23,15,0,False,False
U300999,active,tier_1,2025-08-07,6,8,True,True
U301000,high_frequency,tier_2,2025-03-12,14,4,True,True
U301001,lapsed,tier_2,2025-08-11,5,135,True,False
U301002,active,tier_1,2025-03-05,3,9,False,True
U301003,lapsed,tier_1,2025-07-18,7,113,True,True
U301004,active,tier_1,2026-01-24,6,16,False,False
U301005,active,tier_1,2024-06-24,2,14,False,False
U301006,lapsed,tier_1,2025-11-11,10,161,False,False
U301007,active,tier_3,2024-08-21,7,3,False,True
U301008,active,tier_3,2024-11-09,9,12,True,True
U301009,new,tier_2,2025-06-10,0,9999,False,False
U301010,active,tier_2,2025-04-06,6,16,False,False
U301011,lapsed,tier_3,2025-03-20,4,139,False,False
U301012,active,tier_1,2024-11-05,6,8,True,True
U301013,active,tier_2,2024-06-24,4,20,True,False
U301014,active,tier_2,2024-10-16,4,14,True,True
U301015,high_frequency,tier_1,2024-11-23,19,3,False,True
U301016,new,tier_1,2025-09-08,0,9999,False,False
U301017,lapsed,tier_2,2025-10-29,0,95,True,False
U301018,new,tier_1,2025-06-22,0,9999,True,False
U301019,new,tier_2,2025-12-15,0,9999,False,False
U301020,high_frequency,tier_2,2024-10-02,17,0,True,False
U301021,active,tier_1,2025-12-10,6,7,True,True
U301022,active,tier_1,2025-12-02,8,7,True,True
U301023,high_frequency,tier_3,2025-02-23,21,2,True,True
U301024,active,tier_1,2024-12-27,5,8,True,False
U301025,active,tier_2,2025-03-26,6,12,True,False
U301026,high_frequency,tier_3,2026-01-01,20,4,False,True
U301027,high_frequency,tier_1,2025-09-20,13,1,False,True
U301028,high_frequency,tier_2,2025-11-26,13,4,False,False
U301029,new,tier_2,2025-09-05,0,9999,True,False
U301030,lapsed,tier_2,2026-02-04,8,87,False,False
U301031,high_frequency,tier_2,2025-03-21,18,2,False,True
U301032,new,tier_1,2024-06-19,0,9999,True,True
U301033,active,tier_3,2024-05-12,6,4,True,True
U301034,active,tier_3,2024-06-20,3,3,True,False
U301035,high_frequency,tier_1,2025-03-12,21,3,False,True
U301036,new,tier_2,2025-05-08,0,9999,True,True
U301037,active,tier_2,2025-05-08,6,4,False,True
U301038,new,tier_1,2025-11-21,0,9999,True,True
U301039,lapsed,tier_3,2024-07-19,6,65,True,False
U301040,lapsed,tier_3,2025-01-08,1,129,True,False
U301041,active,tier_1,2024-12-22,4,5,True,True
U301042,high_frequency,tier_2,2025-11-24,19,1,False,False
U301043,high_frequency,tier_1,2024-10-05,18,3,False,True
U301044,new,tier_1,2025-11-29,0,9999,False,False
U301045,lapsed,tier_1,2025-03-19,3,104,True,False
U301046,high_frequency,tier_1,2024-07-26,23,3,False,True
U301047,lapsed,tier_1,2024-09-04,4,97,True,True
U301048,new,tier_3,2025-06-05,0,9999,True,False
U301049,new,tier_1,2025-01-14,0,9999,False,False
U301050,new,tier_1,2024-06-02,0,9999,False,False
U301051,active,tier_1,2024-07-16,4,3,True,True
U301052,active,tier_1,2024-11-27,7,3,False,True
U301053,high_frequency,tier_2,2025-08-30,25,4,True,True
U301054,high_frequency,tier_1,2024-05-28,28,1,True,True
U301055,high_frequency,tier_1,2024-10-02,18,0,False,True
U301056,lapsed,tier_1,2024-10-18,3,61,False,False
U301057,lapsed,tier_3,2024-07-23,7,109,True,True
U301058,new,tier_3,2024-10-22,0,9999,True,True
U301059,active,tier_3,2024-04-06,6,16,False,True
U301060,high_frequency,tier_1,2025-01-23,22,2,False,True
U301061,active,tier_2,2025-08-21,8,12,False,False
U301062,high_frequency,tier_2,2025-12-04,12,2,False,True
U301063,lapsed,tier_2,2026-01-13,4,74,True,True
U301064,lapsed,tier_1,2026-02-13,3,94,True,True
U301065,high_frequency,tier_2,2025-11-23,19,0,True,True
U301066,lapsed,tier_2,2024-11-13,5,107,True,True
U301067,lapsed,tier_1,2024-11-28,4,119,False,False
U301068,lapsed,tier_1,2025-01-02,4,161,False,False
U301069,lapsed,tier_2,2025-12-20,4,68,False,False
U301070,active,tier_2,2024-08-28,8,6,True,True
U301071,active,tier_1,2025-06-26,10,16,True,True
U301072,active,tier_2,2024-08-20,6,20,False,False
U301073,new,tier_3,2025-11-06,0,9999,True,False
U301074,lapsed,tier_2,2025-01-23,2,134,False,False
U301075,lapsed,tier_2,2025-03-22,7,167,True,False
U301076,high_frequency,tier_2,2024-06-15,13,2,False,True
U301077,lapsed,tier_1,2025-08-27,3,77,True,False
U301078,lapsed,tier_3,2025-02-28,6,99,False,False
U301079,active,tier_2,2024-09-28,8,13,True,True
U301080,new,tier_3,2024-04-06,0,9999,True,False
U301081,high_frequency,tier_1,2025-04-18,18,1,True,True
U301082,active,tier_3,2024-09-08,4,16,False,False
U301083,high_frequency,tier_3,2025-04-25,11,4,False,False
U301084,active,tier_2,2024-07-05,7,20,True,False
U301085,high_frequency,tier_1,2024-10-31,19,1,False,True
U301086,active,tier_2,2025-08-07,9,13,True,True
U301087,active,tier_1,2024-04-28,4,16,False,True
U301088,new,tier_2,2025-05-28,0,9999,False,False
U301089,high_frequency,tier_3,2025-03-20,18,1,True,True
U301090,lapsed,tier_3,2024-09-18,3,142,False,True
U301091,lapsed,tier_2,2025-12-28,1,95,True,False
U301092,active,tier_2,2025-02-23,6,7,True,False
U301093,lapsed,tier_2,2025-08-29,7,173,False,True
U301094,new,tier_2,2024-12-13,0,9999,False,False
U301095,active,tier_2,2025-03-31,7,11,False,True
U301096,high_frequency,tier_2,2025-07-21,23,0,False,False
U301097,active,tier_1,2024-08-13,6,17,False,False
U301098,active,tier_2,2024-08-30,11,10,False,True
U301099,active,tier_2,2024-06-15,7,7,False,True
U301100,high_frequency,tier_1,2025-01-31,16,4,True,True
U301101,active,tier_1,2025-06-27,5,11,False,True
U301102,active,tier_1,2025-01-23,10,10,True,True
U301103,lapsed,tier_2,2024-12-31,2,149,False,True
U301104,high_frequency,tier_2,2025-01-05,18,2,False,True
U301105,high_frequency,tier_2,2024-10-04,17,1,True,True
U301106,new,tier_2,2025-05-05,0,9999,True,False
U301107,new,tier_2,2024-09-19,0,9999,True,True
U301108,active,tier_2,2025-02-15,8,14,True,False
U301109,new,tier_3,2025-08-06,0,9999,True,False
U301110,new,tier_2,2025-01-09,0,9999,True,False
U301111,high_frequency,tier_3,2026-01-24,25,2,True,True
U301112,active,tier_2,2024-10-15,5,7,False,True
U301113,high_frequency,tier_1,2026-01-10,13,3,True,True
U301114,high_frequency,tier_2,2024-07-20,23,2,False,True
U301115,active,tier_1,2024-11-28,5,15,True,False
U301116,active,tier_1,2026-02-05,3,7,False,True
U301117,high_frequency,tier_1,2026-01-04,19,1,False,False
U301118,new,tier_2,2024-12-17,0,9999,False,False
U301119,new,tier_1,2025-05-24,0,9999,False,False
U301120,new,tier_2,2024-05-07,0,9999,False,False
U301121,new,tier_3,2025-05-16,0,9999,False,False
U301122,active,tier_3,2025-02-20,5,3,False,True
U301123,new,tier_1,2025-01-18,0,9999,False,False
U301124,lapsed,tier_1,2024-10-02,6,162,True,False
U301125,lapsed,tier_2,2025-02-27,5,95,False,False
U301126,active,tier_1,2025-01-18,2,6,False,False
U301127,new,tier_1,2026-02-21,0,9999,False,False
U301128,active,tier_1,2025-10-13,8,17,True,True
U301129,active,tier_2,2025-01-04,6,14,True,True
U301130,lapsed,tier_2,2025-12-20,5,100,True,False
U301131,active,tier_1,2024-09-25,10,18,True,True
U301132,high_frequency,tier_2,2025-09-06,18,4,False,True
U301133,active,tier_1,2024-08-19,4,4,True,True
U301134,new,tier_2,2024-05-11,0,9999,False,True
U301135,new,tier_3,2024-05-13,0,9999,True,True
U301136,high_frequency,tier_2,2024-04-06,20,2,False,True
U301137,active,tier_3,2026-02-24,7,20,False,False
U301138,active,tier_2,2025-05-17,6,10,True,True
U301139,high_frequency,tier_2,2025-10-30,20,4,True,True
U301140,new,tier_2,2025-07-08,0,9999,True,False
U301141,high_frequency,tier_3,2024-04-17,17,4,False,True
U301142,high_frequency,tier_1,2025-08-03,15,2,True,True
U301143,high_frequency,tier_1,2024-07-25,17,1,False,False
U301144,active,tier_1,2024-09-23,7,3,False,False
U301145,high_frequency,tier_1,2026-01-03,18,4,False,True
U301146,high_frequency,tier_1,2025-04-28,16,0,False,True
U301147,new,tier_2,2025-03-14,0,9999,False,False
U301148,lapsed,tier_3,2024-07-12,2,144,True,False
U301149,new,tier_2,2024-08-23,0,9999,False,False
U301150,active,tier_2,2024-10-26,3,4,True,True
U301151,high_frequency,tier_2,2025-05-09,18,4,True,True
U301152,new,tier_1,2025-09-01,0,9999,True,False
U301153,high_frequency,tier_1,2025-08-06,19,4,True,True
U301154,high_frequency,tier_1,2024-10-21,13,2,False,True
U301155,high_frequency,tier_2,2026-02-04,24,4,False,True
U301156,new,tier_2,2025-12-18,0,9999,True,False
U301157,active,tier_1,2025-11-28,5,7,True,True
U301158,lapsed,tier_1,2025-11-04,3,87,True,False
U301159,lapsed,tier_2,2025-02-09,3,164,True,False
U301160,active,tier_2,2026-01-18,6,17,True,True
U301161,lapsed,tier_2,2024-04-14,0,106,True,False
U301162,new,tier_1,2025-12-01,0,9999,False,False
U301163,lapsed,tier_1,2024-08-13,3,147,False,False
U301164,active,tier_1,2026-02-07,6,13,True,True
U301165,active,tier_1,2024-09-14,6,19,True,True
U301166,high_frequency,tier_2,2025-12-19,19,4,False,True
U301167,high_frequency,tier_2,2024-06-17,16,4,False,True
U301168,lapsed,tier_3,2025-04-11,5,162,False,False
U301169,high_frequency,tier_1,2025-10-14,21,3,False,True
U301170,active,tier_3,2025-10-01,5,6,False,False
U301171,new,tier_3,2025-07-08,0,9999,True,False
U301172,high_frequency,tier_1,2026-01-16,21,0,False,True
U301173,lapsed,tier_3,2025-06-07,0,112,True,True
U301174,high_frequency,tier_2,2025-02-09,10,3,False,True
U301175,high_frequency,tier_2,2026-02-27,27,1,False,True
U301176,lapsed,tier_1,2026-02-06,8,170,True,False
U301177,lapsed,tier_1,2025-01-28,7,147,False,False
U301178,active,tier_1,2025-08-11,2,16,False,True
U301179,new,tier_1,2026-02-16,0,9999,True,True
U301180,new,tier_1,2025-02-12,0,9999,False,False
U301181,high_frequency,tier_2,2025-12-11,14,2,True,True
U301182,high_frequency,tier_3,2025-03-23,24,2,False,True
U301183,lapsed,tier_2,2024-05-03,1,94,False,False
U301184,active,tier_3,2025-09-11,5,3,False,False
U301185,active,tier_1,2024-06-26,8,8,False,True
U301186,new,tier_3,2024-04-23,0,9999,False,False
U301187,active,tier_1,2025-06-11,6,19,True,False
U301188,new,tier_2,2025-11-15,0,9999,True,True
U301189,lapsed,tier_3,2025-11-26,6,93,False,False
U301190,lapsed,tier_3,2024-06-21,6,125,False,False
U301191,active,tier_3,2025-10-19,4,18,True,True
U301192,active,tier_2,2026-02-03,4,17,False,True
U301193,lapsed,tier_1,2024-06-15,5,65,False,True
U301194,lapsed,tier_1,2024-11-28,5,96,False,False
U301195,active,tier_2,2024-10-08,4,3,True,False
U301196,new,tier_2,2025-12-18,0,9999,True,True
U301197,high_frequency,tier_1,2025-08-23,13,3,False,True
U301198,new,tier_1,2024-09-27,0,9999,False,False
U301199,active,tier_1,2024-09-26,2,6,False,True
U301200,high_frequency,tier_3,2024-09-01,18,0,False,True
U301201,new,tier_1,2024-12-18,0,9999,True,False
U301202,active,tier_1,2025-04-28,5,10,True,True
U301203,active,tier_1,2025-11-05,10,18,False,True
U301204,active,tier_1,2025-02-24,11,10,False,True
U301205,new,tier_1,2025-06-08,0,9999,True,False
U301206,high_frequency,tier_3,2026-01-22,16,1,False,True
U301207,high_frequency,tier_3,2024-09-10,19,0,True,True
U301208,new,tier_2,2024-09-05,0,9999,True,True
U301209,lapsed,tier_1,2026-01-31,5,174,False,False
U301210,active,tier_2,2025-08-02,8,3,False,True
U301211,new,tier_1,2024-10-09,0,9999,False,False
U301212,active,tier_1,2025-05-12,6,15,True,True
U301213,lapsed,tier_3,2025-11-22,5,174,False,True
U301214,active,tier_2,2025-01-27,4,13,True,True
U301215,high_frequency,tier_2,2026-02-14,18,2,False,True
U301216,lapsed,tier_2,2024-05-18,5,127,True,False
U301217,high_frequency,tier_2,2024-05-10,24,2,True,True
U301218,high_frequency,tier_1,2025-11-17,22,3,True,True
U301219,lapsed,tier_1,2024-08-01,3,109,True,False
U301220,high_frequency,tier_1,2024-04-10,18,1,True,False
U301221,lapsed,tier_1,2024-11-14,4,99,True,True
U301222,new,tier_3,2024-08-07,0,9999,False,False
U301223,active,tier_3,2024-08-19,2,5,False,True
U301224,active,tier_2,2025-07-02,7,6,True,True
U301225,high_frequency,tier_1,2025-08-10,14,1,True,True
U301226,lapsed,tier_1,2024-11-12,5,147,False,False
U301227,active,tier_2,2024-05-01,6,17,False,False
U301228,active,tier_3,2025-03-20,8,12,False,True
U301229,high_frequency,tier_3,2024-07-30,17,3,True,True
U301230,active,tier_3,2024-07-12,4,7,True,False
U301231,lapsed,tier_1,2025-01-09,0,162,False,False
U301232,active,tier_1,2026-01-09,6,12,True,True
U301233,lapsed,tier_1,2024-05-18,2,177,True,False
U301234,high_frequency,tier_2,2026-02-13,18,4,True,True
U301235,lapsed,tier_1,2025-08-22,3,117,True,False
U301236,high_frequency,tier_1,2025-10-08,12,0,False,True
U301237,active,tier_2,2024-09-25,8,4,False,False
U301238,new,tier_3,2024-12-31,0,9999,True,True
U301239,new,tier_2,2025-05-18,0,9999,False,True
U301240,new,tier_1,2024-04-07,0,9999,True,False
U301241,active,tier_3,2025-02-18,5,17,False,True
U301242,new,tier_2,2025-09-30,0,9999,True,True
U301243,new,tier_2,2024-06-12,0,9999,True,False
U301244,active,tier_1,2026-01-14,6,18,True,False
U301245,high_frequency,tier_1,2024-12-21,19,3,True,True
U301246,active,tier_3,2025-08-14,5,3,True,False
U301247,high_frequency,tier_1,2025-02-22,21,4,True,True
U301248,active,tier_2,2024-09-24,3,8,True,False
U301249,high_frequency,tier_2,2024-05-11,13,3,False,True
U301250,high_frequency,tier_2,2025-03-07,17,3,True,True
U301251,high_frequency,tier_3,2026-01-18,17,2,False,True
U301252,lapsed,tier_1,2024-12-11,1,135,True,False
U301253,active,tier_2,2025-05-27,8,3,False,True
U301254,active,tier_1,2026-01-08,6,10,True,True
U301255,lapsed,tier_3,2025-11-17,4,168,False,False
U301256,active,tier_2,2025-12-10,4,15,False,False
U301257,high_frequency,tier_1,2025-08-28,19,4,True,False
U301258,active,tier_2,2025-05-01,6,19,True,True
U301259,new,tier_2,2024-07-26,0,9999,True,True
U301260,new,tier_3,2025-12-15,0,9999,True,True
U301261,active,tier_1,2024-12-06,6,19,True,True
U301262,high_frequency,tier_1,2025-10-07,14,1,False,False
U301263,lapsed,tier_1,2024-11-08,6,70,False,False
U301264,active,tier_2,2026-01-21,4,6,True,False
U301265,lapsed,tier_2,2025-01-29,3,100,True,True
U301266,high_frequency,tier_1,2025-03-05,11,4,True,True
U301267,active,tier_1,2025-10-21,7,3,False,True
U301268,lapsed,tier_3,2025-05-07,5,139,False,False
U301269,new,tier_1,2024-10-01,0,9999,True,False
U301270,active,tier_1,2025-10-07,6,20,False,False
U301271,active,tier_2,2025-02-20,7,3,True,True
U301272,active,tier_2,2024-12-27,5,7,True,True
U301273,active,tier_3,2024-12-08,4,14,False,False
U301274,active,tier_2,2025-09-30,7,8,False,False
U301275,new,tier_2,2024-04-27,0,9999,False,True
U301276,high_frequency,tier_1,2024-07-21,23,0,True,True
U301277,lapsed,tier_2,2024-06-07,3,125,True,False
U301278,new,tier_2,2025-08-10,0,9999,False,True
U301279,lapsed,tier_3,2025-12-20,1,60,True,False
U301280,new,tier_3,2025-01-01,0,9999,False,True
U301281,active,tier_1,2024-08-30,5,9,True,False
U301282,new,tier_2,2025-06-10,0,9999,True,True
U301283,high_frequency,tier_3,2024-12-04,13,1,False,True
U301284,active,tier_2,2024-12-12,5,16,False,True
U301285,lapsed,tier_2,2025-02-04,5,94,True,True
U301286,lapsed,tier_2,2025-01-20,3,85,False,False
U301287,new,tier_1,2025-05-03,0,9999,True,True
U301288,high_frequency,tier_1,2025-07-18,15,1,True,False
U301289,new,tier_2,2024-10-10,0,9999,True,True
U301290,new,tier_2,2025-01-20,0,9999,True,False
U301291,active,tier_1,2025-02-14,9,8,False,False
U301292,active,tier_1,2025-03-02,7,9,True,False
U301293,high_frequency,tier_1,2024-11-13,18,4,False,True
U301294,lapsed,tier_1,2025-01-03,2,167,False,False
U301295,high_frequency,tier_1,2025-04-06,19,2,True,True
U301296,active,tier_1,2024-10-05,5,16,False,False
U301297,active,tier_1,2024-07-22,4,14,False,False
U301298,active,tier_3,2025-12-18,8,5,False,False
U301299,active,tier_1,2024-08-22,4,17,True,True
U301300,active,tier_3,2024-06-22,9,16,True,False
U301301,new,tier_2,2026-01-20,0,9999,False,False
U301302,lapsed,tier_2,2026-02-18,6,129,True,False
U301303,new,tier_1,2026-01-24,0,9999,False,False
U301304,new,tier_1,2025-11-28,0,9999,False,False
U301305,high_frequency,tier_3,2024-08-06,20,4,False,True
U301306,lapsed,tier_2,2024-08-26,3,125,True,True
U301307,active,tier_3,2026-01-31,8,6,True,True
U301308,lapsed,tier_2,2024-04-10,0,155,True,True
U301309,active,tier_2,2025-12-21,5,18,True,True
U301310,new,tier_1,2025-06-14,0,9999,True,True
U301311,active,tier_2,2024-10-10,6,13,False,False
U301312,new,tier_1,2025-03-11,0,9999,False,False
U301313,active,tier_1,2025-09-30,5,13,True,True
U301314,new,tier_1,2025-05-15,0,9999,True,False
U301315,active,tier_2,2025-02-11,7,19,False,False
U301316,lapsed,tier_2,2025-05-26,1,172,False,False
U301317,lapsed,tier_2,2025-05-16,2,138,False,False
U301318,high_frequency,tier_2,2024-09-04,18,4,False,False
U301319,lapsed,tier_1,2024-10-03,11,110,False,False
U301320,lapsed,tier_2,2024-09-18,2,154,False,False
U301321,lapsed,tier_1,2024-07-07,1,127,False,False
U301322,high_frequency,tier_1,2025-04-07,21,2,False,False
U301323,lapsed,tier_1,2025-07-12,4,95,False,False
U301324,lapsed,tier_2,2025-11-10,2,64,False,False
U301325,high_frequency,tier_1,2025-11-20,20,4,True,True
U301326,lapsed,tier_2,2025-05-04,5,107,True,False
U301327,high_frequency,tier_1,2025-10-16,17,0,True,True
U301328,lapsed,tier_2,2024-05-11,4,136,True,True
U301329,new,tier_3,2025-05-15,0,9999,True,True
U301330,high_frequency,tier_1,2024-05-24,21,0,True,True
U301331,lapsed,tier_2,2025-09-12,5,142,True,False
U301332,active,tier_1,2024-05-28,4,11,True,False
U301333,lapsed,tier_2,2024-06-06,1,170,False,False
U301334,active,tier_1,2025-09-02,7,20,True,True
U301335,high_frequency,tier_2,2024-10-12,13,2,False,False
U301336,active,tier_2,2025-04-05,10,11,True,True
U301337,lapsed,tier_2,2026-01-09,6,117,False,False
U301338,active,tier_1,2024-06-22,6,9,False,False
U301339,lapsed,tier_2,2025-08-28,5,159,False,False
U301340,new,tier_1,2024-11-20,0,9999,True,False
U301341,new,tier_2,2026-02-15,0,9999,True,True
U301342,active,tier_2,2025-07-18,6,7,True,False
U301343,active,tier_1,2025-05-10,3,10,True,False
U301344,lapsed,tier_3,2024-05-30,2,143,True,False
U301345,active,tier_2,2026-01-28,9,18,True,True
U301346,lapsed,tier_3,2025-01-24,5,142,True,False
U301347,active,tier_2,2024-06-08,5,8,False,False
U301348,lapsed,tier_1,2026-01-01,3,178,False,False
U301349,active,tier_1,2024-09-04,4,5,False,False
U301350,active,tier_1,2025-06-21,5,5,True,False
U301351,new,tier_1,2025-11-25,0,9999,False,False
U301352,active,tier_3,2026-02-16,13,15,True,True
U301353,active,tier_3,2025-04-20,4,16,True,False
U301354,new,tier_2,2025-01-18,0,9999,False,False
U301355,lapsed,tier_1,2025-08-24,2,134,True,False
U301356,new,tier_2,2024-12-04,0,9999,False,False
U301357,active,tier_2,2024-12-01,10,10,False,True
U301358,active,tier_1,2024-12-04,3,8,True,True
U301359,high_frequency,tier_3,2025-09-03,13,4,False,True
U301360,active,tier_3,2024-06-08,7,6,False,True
U301361,new,tier_3,2024-07-30,0,9999,True,False
U301362,active,tier_2,2024-12-05,4,7,True,False
U301363,active,tier_1,2025-10-24,8,15,True,True
U301364,new,tier_1,2025-07-08,0,9999,False,False
U301365,high_frequency,tier_1,2025-10-29,23,3,False,True
U301366,new,tier_2,2024-05-06,0,9999,True,False
U301367,active,tier_3,2025-05-09,8,6,False,True
U301368,new,tier_1,2025-05-05,0,9999,True,False
U301369,active,tier_2,2025-02-07,9,10,False,False
U301370,new,tier_2,2024-07-08,0,9999,True,False
U301371,active,tier_2,2025-06-12,10,19,False,True
U301372,lapsed,tier_1,2025-04-27,3,89,False,False
U301373,active,tier_2,2025-09-03,5,3,False,True
U301374,lapsed,tier_2,2024-04-14,2,110,True,False
U301375,high_frequency,tier_2,2024-05-14,18,2,False,False
U301376,lapsed,tier_2,2024-09-02,1,116,False,True
U301377,new,tier_1,2025-08-29,0,9999,True,True
U301378,high_frequency,tier_2,2024-04-07,18,1,False,False
U301379,high_frequency,tier_2,2024-08-26,17,4,True,True
U301380,high_frequency,tier_3,2024-09-28,19,1,True,True
U301381,active,tier_1,2025-04-26,8,18,True,True
U301382,high_frequency,tier_1,2024-09-25,20,3,True,False
U301383,active,tier_3,2024-07-26,8,5,True,False
U301384,active,tier_2,2024-12-01,12,11,True,False
U301385,active,tier_2,2024-07-06,6,4,True,True
U301386,lapsed,tier_1,2025-12-26,1,122,False,False
U301387,active,tier_1,2025-06-21,6,15,False,True
U301388,active,tier_1,2025-07-05,5,18,False,False
U301389,active,tier_3,2025-09-25,3,7,True,False
U301390,new,tier_1,2025-11-05,0,9999,False,False
U301391,lapsed,tier_1,2024-04-13,4,113,True,True
U301392,lapsed,tier_1,2024-04-13,3,126,False,False
U301393,active,tier_2,2024-06-06,4,19,False,True
U301394,high_frequency,tier_2,2024-09-08,15,1,True,False
U301395,lapsed,tier_2,2024-07-27,7,82,True,False
U301396,active,tier_1,2024-06-10,4,8,False,False
U301397,lapsed,tier_1,2025-07-07,4,103,False,False
U301398,active,tier_2,2025-06-16,2,3,True,True
U301399,new,tier_2,2025-08-29,0,9999,False,False
U301400,active,tier_3,2024-05-27,8,17,True,True
U301401,lapsed,tier_2,2024-10-14,10,148,False,False
U301402,active,tier_1,2026-01-04,5,16,False,True
U301403,new,tier_2,2025-12-24,0,9999,True,False
U301404,active,tier_2,2025-01-23,8,11,True,True
U301405,active,tier_1,2024-12-29,1,8,True,True
U301406,active,tier_1,2025-08-27,5,16,True,True
U301407,new,tier_2,2024-11-04,0,9999,True,False
U301408,active,tier_2,2025-11-17,10,15,True,True
U301409,active,tier_2,2025-02-11,7,3,True,False
U301410,active,tier_3,2024-07-04,5,17,True,True
U301411,lapsed,tier_1,2024-08-08,3,129,True,True
U301412,high_frequency,tier_2,2025-02-03,17,2,True,True
U301413,active,tier_1,2024-06-08,7,14,True,False
U301414,active,tier_3,2025-11-10,9,8,False,False
U301415,lapsed,tier_1,2024-12-26,5,106,False,False
U301416,lapsed,tier_3,2025-05-24,5,68,False,True
U301417,active,tier_1,2025-03-28,6,19,False,False
U301418,active,tier_1,2024-12-10,2,12,False,True
U301419,new,tier_3,2025-10-18,0,9999,False,False
U301420,lapsed,tier_1,2024-06-04,4,105,False,False
U301421,active,tier_1,2025-01-13,8,16,True,True
U301422,high_frequency,tier_3,2025-08-29,22,2,False,True
U301423,active,tier_1,2025-06-25,5,20,False,True
U301424,active,tier_1,2025-01-20,4,14,False,False
U301425,high_frequency,tier_2,2024-07-29,18,0,False,True
U301426,new,tier_1,2025-11-01,0,9999,False,False
U301427,active,tier_1,2025-02-08,12,16,True,False
U301428,active,tier_2,2024-08-01,3,18,False,True
U301429,active,tier_1,2024-04-11,7,20,True,True
U301430,lapsed,tier_1,2025-04-27,2,105,True,False
U301431,lapsed,tier_1,2024-09-01,7,137,False,True
U301432,lapsed,tier_2,2025-07-12,8,161,False,False
U301433,active,tier_2,2025-10-14,7,3,True,True
U301434,active,tier_2,2025-10-26,3,19,False,True
U301435,new,tier_1,2024-07-05,0,9999,False,True
U301436,new,tier_2,2025-05-22,0,9999,False,False
U301437,new,tier_2,2025-02-08,0,9999,False,False
U301438,lapsed,tier_3,2025-09-10,2,89,False,False
U301439,active,tier_1,2024-04-21,5,8,True,True
U301440,active,tier_3,2025-01-03,8,7,True,False
U301441,lapsed,tier_2,2025-11-25,4,138,True,False
U301442,lapsed,tier_2,2025-12-23,8,62,True,True
U301443,lapsed,tier_1,2025-04-26,6,161,False,False
U301444,active,tier_2,2025-08-01,6,6,True,True
U301445,lapsed,tier_2,2025-12-09,2,113,True,False
U301446,new,tier_2,2024-09-26,0,9999,False,False
U301447,lapsed,tier_3,2025-09-17,4,96,True,False
U301448,active,tier_1,2025-07-11,4,20,False,True
U301449,new,tier_3,2025-10-20,0,9999,True,False
U301450,lapsed,tier_3,2025-06-18,2,61,False,False
U301451,high_frequency,tier_1,2025-11-08,16,4,False,True
U301452,new,tier_2,2025-11-25,0,9999,False,True
U301453,new,tier_1,2026-02-04,0,9999,True,False
U301454,active,tier_1,2024-11-01,5,16,True,True
U301455,active,tier_3,2025-12-28,9,11,False,False
U301456,new,tier_1,2025-04-27,0,9999,True,False
U301457,active,tier_2,2025-03-28,5,7,False,False
U301458,active,tier_1,2025-06-15,7,5,False,True
U301459,new,tier_1,2024-12-30,0,9999,True,True
U301460,lapsed,tier_1,2025-11-15,7,71,True,False
U301461,new,tier_3,2026-02-17,0,9999,True,False
U301462,lapsed,tier_1,2025-09-01,6,169,False,False
U301463,lapsed,tier_1,2025-06-02,3,155,True,True
U301464,lapsed,tier_2,2025-09-04,4,97,True,False
U301465,high_frequency,tier_1,2025-08-17,20,4,False,True
U301466,high_frequency,tier_2,2024-06-18,22,3,False,True
U301467,lapsed,tier_3,2025-08-22,3,112,True,False
U301468,lapsed,tier_3,2024-05-06,3,174,True,False
U301469,lapsed,tier_1,2025-09-04,3,177,False,False
U301470,active,tier_2,2024-11-03,5,14,False,True
U301471,lapsed,tier_3,2025-05-23,8,177,False,False
U301472,lapsed,tier_1,2025-12-05,3,172,True,False
U301473,lapsed,tier_1,2024-11-30,3,102,True,False
U301474,new,tier_3,2025-04-15,0,9999,False,False
U301475,lapsed,tier_3,2025-06-10,2,177,False,False
U301476,active,tier_1,2024-05-15,5,19,True,True
U301477,lapsed,tier_1,2024-11-19,5,72,False,False
U301478,high_frequency,tier_1,2024-07-26,16,2,False,True
U301479,active,tier_1,2024-09-11,7,8,True,True
U301480,lapsed,tier_2,2026-01-02,1,141,True,False
U301481,new,tier_2,2025-12-02,0,9999,True,False
U301482,high_frequency,tier_3,2024-11-27,20,1,True,False
U301483,active,tier_1,2025-09-24,7,11,True,True
U301484,new,tier_1,2024-12-09,0,9999,True,True
U301485,active,tier_1,2025-11-15,6,11,False,True
U301486,new,tier_2,2025-03-07,0,9999,False,True
U301487,active,tier_1,2024-07-22,4,5,False,False
U301488,active,tier_2,2024-07-09,5,12,False,True
U301489,high_frequency,tier_2,2024-09-16,19,1,False,True
U301490,high_frequency,tier_1,2024-07-26,22,3,True,True
U301491,active,tier_1,2025-05-25,6,11,True,False
U301492,lapsed,tier_1,2025-04-15,3,83,False,False
U301493,active,tier_1,2024-04-16,3,5,True,True
U301494,lapsed,tier_1,2024-06-27,11,139,False,False
U301495,high_frequency,tier_2,2026-01-11,17,0,False,True
U301496,new,tier_3,2025-01-12,0,9999,False,False
U301497,active,tier_1,2025-09-26,3,10,True,True
U301498,new,tier_1,2025-11-30,0,9999,True,True
U301499,new,tier_3,2024-09-07,0,9999,True,True
U301500,active,tier_3,2025-04-29,4,11,True,False
U301501,new,tier_3,2024-05-24,0,9999,True,True
U301502,high_frequency,tier_1,2024-06-21,12,3,True,False
U301503,lapsed,tier_1,2025-10-30,2,80,False,False
U301504,new,tier_2,2025-04-20,0,9999,False,False
U301505,lapsed,tier_2,2024-04-16,2,85,True,False
U301506,high_frequency,tier_2,2025-06-17,15,1,True,True
U301507,active,tier_2,2025-12-18,5,5,False,True
U301508,active,tier_1,2025-04-29,9,10,False,True
U301509,lapsed,tier_2,2025-05-03,6,134,False,False
U301510,high_frequency,tier_2,2025-03-20,17,0,False,True
U301511,lapsed,tier_2,2025-12-06,2,70,True,False
U301512,active,tier_2,2025-04-25,7,13,True,True
U301513,new,tier_2,2024-08-03,0,9999,True,True
U301514,active,tier_1,2025-11-24,5,16,True,False
U301515,active,tier_2,2025-12-08,3,11,True,True
U301516,high_frequency,tier_1,2024-06-24,11,0,False,True
U301517,lapsed,tier_1,2026-02-04,0,154,True,False
U301518,new,tier_2,2025-10-31,0,9999,False,False
U301519,new,tier_2,2024-10-28,0,9999,True,False
U301520,new,tier_1,2025-08-25,0,9999,True,True
U301521,active,tier_3,2025-09-09,4,4,True,True
U301522,lapsed,tier_1,2025-08-24,2,110,False,False
U301523,high_frequency,tier_2,2024-04-25,17,1,False,True
U301524,active,tier_1,2024-06-26,5,18,True,True
U301525,new,tier_1,2025-01-26,0,9999,True,True
U301526,high_frequency,tier_1,2025-12-27,11,3,False,True
U301527,lapsed,tier_1,2024-06-28,3,142,False,True
U301528,new,tier_1,2025-12-15,0,9999,False,False
U301529,new,tier_1,2025-12-05,0,9999,True,False
U301530,high_frequency,tier_2,2024-08-12,24,1,True,True
U301531,high_frequency,tier_3,2024-10-30,13,1,False,True
U301532,lapsed,tier_1,2024-09-09,4,124,False,False
U301533,new,tier_2,2026-01-03,0,9999,False,False
U301534,lapsed,tier_2,2025-07-12,4,179,False,False
U301535,active,tier_1,2025-07-02,7,14,True,True
U301536,high_frequency,tier_1,2025-06-21,14,3,False,True
U301537,new,tier_1,2025-07-18,0,9999,True,True
U301538,active,tier_2,2024-09-10,5,19,True,False
U301539,active,tier_3,2024-09-14,10,15,False,False
U301540,lapsed,tier_3,2025-01-20,5,95,False,False
U301541,active,tier_2,2024-07-03,10,9,True,True
U301542,active,tier_1,2025-07-27,11,10,True,True
U301543,high_frequency,tier_2,2024-08-30,16,4,True,False
U301544,active,tier_1,2025-04-22,3,12,False,True
U301545,active,tier_1,2024-11-25,3,11,False,False
U301546,lapsed,tier_3,2025-04-19,4,117,True,False
U301547,active,tier_2,2026-01-20,7,6,True,True
U301548,active,tier_1,2025-01-20,4,8,False,True
U301549,active,tier_3,2026-02-14,9,13,False,False
U301550,active,tier_1,2025-03-08,5,8,False,True
U301551,new,tier_2,2024-11-19,0,9999,False,True
U301552,active,tier_3,2024-06-24,9,7,False,True
U301553,lapsed,tier_1,2025-06-13,3,138,True,True
U301554,active,tier_1,2024-05-05,5,4,False,True
U301555,new,tier_2,2024-08-31,0,9999,False,False
U301556,lapsed,tier_3,2025-05-27,3,155,False,False
U301557,high_frequency,tier_2,2024-11-10,12,2,False,True
U301558,new,tier_3,2025-07-07,0,9999,True,True
U301559,high_frequency,tier_3,2024-10-09,13,3,True,False
U301560,high_frequency,tier_2,2025-10-13,26,3,True,True
U301561,lapsed,tier_2,2025-03-25,4,64,True,True
U301562,high_frequency,tier_3,2025-07-28,19,4,True,True
U301563,active,tier_1,2025-03-09,6,6,False,True
U301564,lapsed,tier_2,2025-08-20,2,166,False,True
U301565,active,tier_3,2024-06-11,4,8,False,False
U301566,new,tier_1,2024-04-11,0,9999,True,False
U301567,high_frequency,tier_2,2025-11-23,21,3,True,True
U301568,active,tier_1,2025-04-28,9,3,True,True
U301569,high_frequency,tier_2,2025-04-11,17,3,False,True
U301570,active,tier_2,2025-08-02,8,15,False,False
U301571,new,tier_2,2025-07-15,0,9999,False,True
U301572,high_frequency,tier_1,2024-09-15,16,4,False,True
U301573,lapsed,tier_3,2024-08-13,2,108,False,True
U301574,high_frequency,tier_1,2025-02-22,11,1,True,True
U301575,lapsed,tier_3,2025-02-24,6,168,True,False
U301576,high_frequency,tier_2,2024-04-14,21,2,True,False
U301577,lapsed,tier_2,2026-02-05,10,88,False,False
U301578,new,tier_2,2025-02-25,0,9999,False,True
U301579,high_frequency,tier_2,2024-10-13,18,2,True,True
U301580,new,tier_1,2024-07-03,0,9999,True,False
U301581,lapsed,tier_1,2025-11-21,7,179,False,False
U301582,new,tier_2,2025-02-09,0,9999,True,True
U301583,active,tier_1,2025-08-10,6,4,True,True
U301584,new,tier_3,2026-01-17,0,9999,True,False
U301585,new,tier_2,2025-08-21,0,9999,True,True
U301586,high_frequency,tier_2,2025-07-10,17,0,True,False
U301587,lapsed,tier_2,2026-01-10,2,163,True,False
U301588,active,tier_2,2025-07-07,5,8,False,False
U301589,active,tier_2,2025-02-11,8,18,False,True
U301590,lapsed,tier_2,2025-11-27,4,70,False,False
U301591,active,tier_2,2026-01-17,3,3,True,False
U301592,new,tier_1,2024-07-16,0,9999,False,False
U301593,high_frequency,tier_1,2026-02-04,18,1,False,True
U301594,lapsed,tier_3,2025-03-08,5,109,False,False
U301595,active,tier_3,2025-10-31,7,7,False,False
U301596,lapsed,tier_2,2025-01-23,5,157,False,False
U301597,new,tier_3,2025-06-03,0,9999,True,False
U301598,lapsed,tier_1,2025-10-22,6,155,False,True
U301599,active,tier_1,2024-08-19,3,13,True,True
U301600,active,tier_2,2024-07-14,2,13,True,True
U301601,lapsed,tier_2,2024-05-14,7,73,True,False
U301602,high_frequency,tier_1,2025-06-10,15,1,False,True
U301603,active,tier_1,2025-09-18,7,13,True,True
U301604,new,tier_1,2025-10-15,0,9999,True,False
U301605,new,tier_2,2025-04-16,0,9999,True,False
U301606,lapsed,tier_2,2025-10-10,5,105,True,False
U301607,lapsed,tier_2,2025-11-09,4,125,True,False
U301608,high_frequency,tier_2,2024-10-15,22,0,True,True
U301609,active,tier_1,2024-09-09,7,19,True,True
U301610,high_frequency,tier_2,2025-11-23,24,0,False,False
U301611,active,tier_2,2025-08-19,6,10,False,False
U301612,high_frequency,tier_2,2025-12-27,18,0,True,False
U301613,active,tier_2,2025-09-09,6,8,False,False
U301614,new,tier_2,2024-08-15,0,9999,False,False
U301615,lapsed,tier_3,2025-10-02,3,146,False,False
U301616,active,tier_2,2026-02-04,3,4,True,True
U301617,lapsed,tier_1,2024-04-19,2,69,False,False
U301618,lapsed,tier_2,2025-10-12,3,179,True,True
U301619,high_frequency,tier_2,2025-12-06,22,0,True,True
U301620,lapsed,tier_2,2024-08-17,3,117,False,True
U301621,lapsed,tier_1,2026-01-30,3,89,False,False
U301622,new,tier_1,2024-04-21,0,9999,True,True
U301623,high_frequency,tier_3,2025-06-14,19,1,False,True
U301624,new,tier_3,2025-04-09,0,9999,False,False
U301625,new,tier_2,2024-10-21,0,9999,False,False
U301626,high_frequency,tier_1,2026-02-18,20,0,True,False
U301627,lapsed,tier_3,2025-08-01,6,116,False,False
U301628,active,tier_2,2024-05-14,7,13,True,True
U301629,active,tier_2,2024-12-11,7,3,False,True
U301630,high_frequency,tier_1,2026-01-11,23,2,False,False
U301631,lapsed,tier_3,2025-08-22,2,85,False,False
U301632,high_frequency,tier_2,2024-08-02,16,2,False,True
U301633,high_frequency,tier_1,2025-10-11,16,1,True,True
U301634,active,tier_1,2025-09-21,7,6,True,False
U301635,high_frequency,tier_2,2024-10-29,9,1,True,True
U301636,active,tier_2,2024-12-06,4,5,False,True
U301637,high_frequency,tier_2,2025-12-29,24,4,False,False
U301638,high_frequency,tier_1,2025-02-06,24,2,True,True
U301639,active,tier_1,2025-05-26,1,20,True,True
U301640,new,tier_1,2024-07-20,0,9999,False,False
U301641,new,tier_1,2026-01-09,0,9999,True,True
U301642,active,tier_2,2026-02-13,1,5,False,False
U301643,lapsed,tier_1,2024-09-07,2,162,True,False
U301644,lapsed,tier_1,2024-09-18,4,107,False,False
U301645,high_frequency,tier_2,2024-07-20,14,0,False,True
U301646,active,tier_1,2025-12-04,7,6,False,False
U301647,high_frequency,tier_2,2025-09-10,19,0,True,True
U301648,active,tier_2,2025-09-06,4,19,True,False
U301649,active,tier_1,2026-01-12,11,12,False,True
U301650,active,tier_1,2024-08-21,7,20,False,False
U301651,new,tier_1,2024-11-23,0,9999,False,False
U301652,active,tier_3,2024-10-28,1,15,False,False
U301653,active,tier_2,2024-10-07,6,3,False,True
U301654,new,tier_1,2024-05-16,0,9999,True,True
U301655,new,tier_2,2025-05-08,0,9999,False,False
U301656,active,tier_2,2024-09-19,6,7,False,True
U301657,active,tier_1,2025-04-30,8,20,True,True
U301658,new,tier_1,2025-04-10,0,9999,False,False
U301659,high_frequency,tier_2,2024-05-23,28,3,False,True
U301660,active,tier_2,2024-05-02,13,20,True,True
U301661,active,tier_1,2024-07-28,8,8,False,False
U301662,high_frequency,tier_1,2025-02-23,18,2,True,False
U301663,active,tier_2,2024-11-15,6,12,False,False
U301664,active,tier_1,2025-10-01,6,10,False,True
U301665,lapsed,tier_2,2025-05-18,3,98,False,True
U301666,new,tier_2,2025-02-09,0,9999,True,False
U301667,active,tier_2,2025-07-06,7,3,True,True
U301668,high_frequency,tier_1,2025-03-16,28,1,True,True
U301669,high_frequency,tier_2,2024-08-28,19,0,True,True
U301670,new,tier_1,2026-01-13,0,9999,False,False
U301671,new,tier_2,2025-07-27,0,9999,False,False
U301672,high_frequency,tier_2,2024-04-30,21,0,True,True
U301673,active,tier_1,2025-05-07,2,20,False,True
U301674,lapsed,tier_1,2025-11-10,6,73,False,False
U301675,active,tier_3,2025-09-29,6,16,True,False
U301676,new,tier_2,2026-02-22,0,9999,True,False
U301677,lapsed,tier_3,2025-08-06,5,172,True,False
U301678,lapsed,tier_1,2025-05-28,3,72,True,False
U301679,new,tier_1,2024-10-20,0,9999,False,False
U301680,lapsed,tier_2,2025-01-10,3,146,False,False
U301681,active,tier_3,2024-05-05,6,16,False,False
U301682,lapsed,tier_1,2025-04-18,1,134,False,False
U301683,lapsed,tier_1,2025-06-26,5,93,False,False
U301684,lapsed,tier_1,2025-06-18,4,137,True,False
U301685,active,tier_1,2025-07-31,9,13,True,True
U301686,lapsed,tier_3,2025-02-13,1,142,False,False
U301687,new,tier_2,2025-01-22,0,9999,False,False
U301688,lapsed,tier_3,2024-09-09,5,154,True,True
U301689,high_frequency,tier_2,2025-10-14,10,0,True,True
U301690,lapsed,tier_2,2025-07-02,1,165,True,True
U301691,new,tier_2,2025-03-09,0,9999,False,False
U301692,active,tier_2,2024-06-28,4,19,True,True
U301693,lapsed,tier_1,2025-04-24,8,178,False,False
U301694,active,tier_3,2025-12-15,5,10,False,False
U301695,new,tier_1,2025-05-18,0,9999,False,False
U301696,lapsed,tier_2,2024-06-18,4,117,True,True
U301697,new,tier_2,2024-04-10,0,9999,False,False
U301698,active,tier_2,2025-09-13,4,20,False,False
U301699,active,tier_2,2025-08-13,7,8,True,True
U301700,new,tier_1,2026-01-23,0,9999,False,False
U301701,new,tier_2,2025-01-05,0,9999,True,False
U301702,new,tier_1,2025-07-17,0,9999,True,False
U301703,lapsed,tier_3,2025-11-18,5,155,True,False
U301704,high_frequency,tier_3,2024-07-27,25,1,True,True
U301705,active,tier_3,2024-11-23,7,4,False,True
U301706,active,tier_2,2025-03-09,3,20,False,True
U301707,lapsed,tier_3,2026-02-27,2,61,False,False
U301708,lapsed,tier_2,2024-10-12,1,72,True,False
U301709,lapsed,tier_3,2026-02-10,1,127,False,False
U301710,new,tier_1,2025-11-07,0,9999,False,False
U301711,active,tier_3,2024-04-23,4,16,True,True
U301712,active,tier_1,2025-12-27,6,8,True,False
U301713,active,tier_2,2025-07-29,3,18,True,True
U301714,high_frequency,tier_2,2024-10-14,23,2,False,True
U301715,high_frequency,tier_2,2025-11-16,20,0,True,True
U301716,high_frequency,tier_1,2024-04-14,21,1,True,True
U301717,high_frequency,tier_2,2025-10-08,20,0,False,True
U301718,active,tier_2,2025-12-19,4,6,False,False
U301719,active,tier_2,2025-01-06,5,17,False,True
U301720,active,tier_1,2025-04-21,7,7,False,True
U301721,new,tier_2,2024-08-20,0,9999,False,False
U301722,high_frequency,tier_1,2024-10-17,23,4,True,True
U301723,lapsed,tier_2,2026-02-08,4,136,True,False
U301724,new,tier_1,2024-05-09,0,9999,False,True
U301725,lapsed,tier_2,2026-02-13,1,93,True,False
U301726,active,tier_1,2024-04-27,4,12,False,True
U301727,active,tier_2,2024-07-13,6,6,False,False
U301728,lapsed,tier_1,2025-11-07,6,124,True,False
U301729,high_frequency,tier_3,2024-12-18,14,4,False,True
U301730,lapsed,tier_3,2025-10-21,4,61,False,False
U301731,new,tier_2,2024-05-29,0,9999,True,False
U301732,active,tier_1,2025-02-02,6,4,False,False
U301733,lapsed,tier_2,2025-05-11,5,157,False,False
U301734,active,tier_3,2024-12-16,10,14,False,True
U301735,active,tier_1,2025-06-10,3,6,True,True
U301736,active,tier_2,2025-12-14,7,16,False,False
U301737,active,tier_1,2025-02-14,5,5,False,False
U301738,active,tier_2,2026-02-17,2,6,False,True
U301739,new,tier_3,2024-05-22,0,9999,True,False
U301740,active,tier_1,2024-06-01,9,16,False,False
U301741,active,tier_1,2024-06-27,2,19,False,True
U301742,lapsed,tier_1,2025-08-18,4,99,False,False
U301743,active,tier_1,2024-10-11,10,9,False,True
U301744,active,tier_2,2025-12-18,4,19,True,True
U301745,new,tier_2,2024-09-14,0,9999,True,False
U301746,lapsed,tier_2,2024-07-12,6,75,True,False
U301747,new,tier_3,2025-05-05,0,9999,False,False
U301748,active,tier_3,2024-11-04,7,11,False,False
U301749,lapsed,tier_2,2024-09-11,3,167,False,False
U301750,lapsed,tier_1,2024-05-04,4,171,False,True
U301751,high_frequency,tier_1,2025-09-15,16,4,True,True
U301752,active,tier_2,2025-10-19,8,13,False,True
U301753,new,tier_3,2024-10-11,0,9999,True,False
U301754,active,tier_2,2025-08-21,5,3,False,True
U301755,active,tier_2,2025-01-14,3,14,True,True
U301756,high_frequency,tier_1,2025-10-11,20,3,True,True
U301757,new,tier_1,2024-07-03,0,9999,False,False
U301758,active,tier_1,2025-01-24,5,11,False,True
U301759,high_frequency,tier_1,2025-05-05,18,1,False,True
U301760,lapsed,tier_2,2024-05-31,4,168,False,False
U301761,new,tier_3,2025-04-20,0,9999,False,True
U301762,active,tier_1,2024-05-19,3,10,True,True
U301763,lapsed,tier_1,2025-04-20,3,126,True,False
U301764,active,tier_2,2025-12-11,9,18,False,False
U301765,lapsed,tier_2,2025-03-07,4,75,False,False
U301766,lapsed,tier_2,2025-07-17,5,151,False,False
U301767,active,tier_3,2024-11-25,5,18,True,True
U301768,active,tier_1,2024-05-06,8,18,False,True
U301769,new,tier_2,2025-05-25,0,9999,False,False
U301770,lapsed,tier_1,2025-06-26,2,140,True,True
U301771,high_frequency,tier_2,2025-07-28,27,1,False,False
U301772,high_frequency,tier_1,2024-12-30,18,1,False,True
U301773,lapsed,tier_1,2025-05-14,5,115,True,False
U301774,active,tier_3,2024-04-08,8,3,True,False
U301775,new,tier_3,2025-07-28,0,9999,True,False
U301776,active,tier_1,2024-06-03,1,8,True,True
U301777,lapsed,tier_1,2025-05-22,2,77,False,False
U301778,active,tier_2,2025-12-05,10,17,True,True
U301779,active,tier_2,2025-08-20,8,10,False,False
U301780,new,tier_1,2025-08-16,0,9999,False,False
U301781,active,tier_2,2025-04-12,4,9,False,True
U301782,active,tier_2,2024-04-30,5,18,False,True
U301783,new,tier_1,2025-03-26,0,9999,True,False
U301784,high_frequency,tier_1,2025-01-25,18,3,False,True
U301785,new,tier_1,2024-05-23,0,9999,False,False
U301786,active,tier_2,2025-05-28,8,19,False,False
U301787,active,tier_2,2024-11-27,4,17,False,False
U301788,high_frequency,tier_2,2026-02-19,18,4,False,True
U301789,lapsed,tier_2,2024-11-09,5,133,False,False
U301790,new,tier_1,2026-01-29,0,9999,True,True
U301791,high_frequency,tier_1,2024-08-16,25,0,False,True
U301792,high_frequency,tier_1,2025-07-03,18,2,False,False
U301793,lapsed,tier_1,2025-01-20,1,105,True,True
U301794,lapsed,tier_1,2025-11-11,4,128,True,True
U301795,high_frequency,tier_3,2024-12-22,19,4,False,True
U301796,high_frequency,tier_1,2024-04-25,9,3,False,True
U301797,lapsed,tier_1,2025-11-04,3,81,False,False
U301798,active,tier_2,2025-08-23,6,11,False,True
U301799,lapsed,tier_3,2025-01-27,7,163,True,False
U301800,high_frequency,tier_2,2025-08-04,14,4,False,True
U301801,active,tier_3,2025-01-09,3,11,False,True
U301802,high_frequency,tier_2,2025-02-03,16,0,True,True
U301803,lapsed,tier_1,2025-06-07,4,141,True,False
U301804,active,tier_2,2024-09-22,5,13,True,True
U301805,lapsed,tier_2,2024-11-18,4,63,False,False
U301806,lapsed,tier_1,2024-06-22,0,178,True,False
U301807,new,tier_1,2025-06-18,0,9999,False,False
U301808,active,tier_2,2025-12-12,8,12,False,False
U301809,new,tier_1,2025-03-12,0,9999,True,True
U301810,active,tier_3,2025-02-27,3,18,True,False
U301811,lapsed,tier_2,2025-03-10,7,101,False,False
U301812,active,tier_2,2024-10-16,4,6,True,False
U301813,lapsed,tier_1,2025-06-01,3,132,False,False
U301814,active,tier_2,2025-02-11,6,3,False,True
U301815,high_frequency,tier_2,2024-04-11,11,1,False,True
U301816,lapsed,tier_1,2025-04-07,7,95,False,False
U301817,active,tier_2,2024-08-10,4,3,False,True
U301818,active,tier_2,2024-09-01,5,8,False,False
U301819,high_frequency,tier_3,2025-02-25,15,1,True,True
U301820,active,tier_1,2025-11-03,6,11,True,True
U301821,active,tier_1,2026-01-14,5,8,True,False
U301822,new,tier_3,2024-07-04,0,9999,False,False
U301823,active,tier_2,2024-09-04,5,17,True,True
U301824,high_frequency,tier_2,2024-05-19,17,2,True,True
U301825,active,tier_1,2024-04-18,10,5,True,True
U301826,active,tier_1,2025-06-27,7,16,True,False
U301827,new,tier_1,2024-07-29,0,9999,True,False
U301828,active,tier_3,2024-10-15,4,5,True,True
U301829,new,tier_1,2025-11-05,0,9999,True,False
U301830,new,tier_1,2025-06-19,0,9999,False,True
U301831,lapsed,tier_2,2025-07-30,3,179,False,False
U301832,lapsed,tier_1,2025-12-18,2,94,True,False
U301833,high_frequency,tier_2,2025-08-11,24,1,False,False
U301834,high_frequency,tier_1,2026-01-04,15,4,False,True
U301835,high_frequency,tier_1,2024-08-24,15,4,True,True
U301836,active,tier_1,2025-08-07,8,16,True,True
U301837,active,tier_3,2024-08-21,7,10,False,True
U301838,active,tier_1,2025-09-19,5,18,True,True
U301839,high_frequency,tier_2,2024-08-09,22,1,False,True
U301840,high_frequency,tier_1,2026-01-11,18,4,False,True
U301841,high_frequency,tier_1,2025-08-11,8,4,True,True
U301842,new,tier_1,2025-04-04,0,9999,False,False
U301843,new,tier_1,2025-12-27,0,9999,False,False
U301844,lapsed,tier_1,2024-08-22,6,153,True,False
U301845,lapsed,tier_1,2024-10-09,3,90,False,False
U301846,high_frequency,tier_2,2025-04-20,21,4,True,True
U301847,new,tier_1,2024-11-25,0,9999,True,False
U301848,new,tier_1,2024-09-25,0,9999,False,True
U301849,new,tier_1,2024-09-02,0,9999,False,False
U301850,new,tier_3,2025-06-24,0,9999,True,False
U301851,new,tier_1,2024-08-09,0,9999,True,False
U301852,high_frequency,tier_3,2024-10-05,19,3,False,False
U301853,active,tier_2,2024-07-30,3,8,True,True
U301854,high_frequency,tier_1,2025-11-17,26,0,False,True
U301855,lapsed,tier_2,2024-04-24,5,152,True,False
U301856,new,tier_1,2025-01-11,0,9999,True,True
U301857,high_frequency,tier_1,2025-04-09,18,4,True,True
U301858,high_frequency,tier_2,2024-07-05,15,2,False,True
U301859,new,tier_1,2025-04-11,0,9999,False,False
U301860,lapsed,tier_3,2025-02-27,3,173,False,True
U301861,active,tier_1,2025-05-15,4,19,False,True
U301862,active,tier_2,2025-01-18,3,8,True,True
U301863,active,tier_3,2025-12-20,3,20,False,False
U301864,active,tier_3,2024-08-09,4,17,True,True
U301865,active,tier_1,2024-05-25,10,6,False,True
U301866,lapsed,tier_2,2026-02-11,5,146,True,True
U301867,new,tier_1,2024-04-24,0,9999,True,False
U301868,high_frequency,tier_3,2025-01-30,19,2,True,True
U301869,high_frequency,tier_1,2024-07-07,16,4,False,True
U301870,new,tier_1,2024-08-16,0,9999,True,False
U301871,active,tier_2,2025-11-05,5,19,False,True
U301872,active,tier_3,2025-06-04,2,12,True,False
U301873,active,tier_3,2025-09-26,7,8,False,True
U301874,active,tier_2,2024-08-21,6,17,False,False
U301875,new,tier_1,2024-09-03,0,9999,False,False
U301876,lapsed,tier_3,2026-02-15,3,170,False,False
U301877,new,tier_3,2024-12-22,0,9999,False,False
U301878,high_frequency,tier_1,2025-09-25,17,0,True,True
U301879,lapsed,tier_2,2026-01-25,3,175,False,False
U301880,active,tier_3,2025-01-03,4,13,True,False
U301881,lapsed,tier_2,2024-11-09,1,173,False,False
U301882,active,tier_2,2025-09-08,5,14,True,False
U301883,high_frequency,tier_1,2024-05-23,15,1,False,True
U301884,new,tier_2,2025-05-20,0,9999,False,True
U301885,new,tier_3,2024-04-24,0,9999,False,False
U301886,active,tier_2,2025-07-10,3,11,True,True
U301887,lapsed,tier_1,2025-05-10,4,140,True,False
U301888,active,tier_1,2025-05-13,7,17,True,True
U301889,high_frequency,tier_2,2025-10-23,21,4,True,False
U301890,new,tier_2,2025-10-14,0,9999,False,False
U301891,active,tier_2,2024-09-25,10,13,False,False
U301892,high_frequency,tier_2,2024-09-14,12,2,True,True
U301893,lapsed,tier_3,2024-07-31,3,91,False,False
U301894,new,tier_2,2025-05-18,0,9999,True,True
U301895,lapsed,tier_1,2024-12-04,2,109,False,False
U301896,new,tier_3,2024-05-05,0,9999,False,False
U301897,new,tier_1,2025-05-17,0,9999,False,False
U301898,new,tier_3,2025-12-05,0,9999,True,False
U301899,high_frequency,tier_1,2025-05-01,22,4,True,True
U301900,active,tier_2,2025-04-18,5,18,False,True
U301901,active,tier_2,2025-09-13,6,17,False,True
U301902,active,tier_1,2024-12-09,8,15,False,True
U301903,active,tier_1,2024-05-16,4,11,False,True
U301904,active,tier_3,2026-02-08,6,4,True,True
U301905,active,tier_3,2025-12-15,5,11,True,True
U301906,lapsed,tier_1,2025-03-23,5,111,False,False
U301907,lapsed,tier_1,2025-11-28,2,142,True,True
U301908,high_frequency,tier_3,2024-10-02,26,3,False,True
U301909,lapsed,tier_2,2025-03-26,3,90,True,True
U301910,high_frequency,tier_1,2024-04-22,21,2,False,True
U301911,new,tier_2,2024-09-05,0,9999,True,False
U301912,active,tier_1,2025-01-04,8,11,False,False
U301913,active,tier_1,2024-06-13,4,18,False,True
U301914,active,tier_1,2024-07-26,4,8,True,True
U301915,active,tier_3,2025-06-30,7,11,False,False
U301916,lapsed,tier_3,2025-01-29,5,80,True,True
U301917,active,tier_2,2025-07-04,5,10,True,False
U301918,new,tier_2,2025-05-15,0,9999,True,False
U301919,active,tier_1,2025-11-29,7,16,False,True
U301920,high_frequency,tier_2,2025-10-21,16,4,False,True
U301921,high_frequency,tier_1,2025-02-04,20,2,False,True
U301922,high_frequency,tier_1,2024-11-17,19,0,True,True
U301923,high_frequency,tier_3,2024-09-23,18,1,False,True
U301924,active,tier_3,2024-06-17,6,19,False,True
U301925,high_frequency,tier_3,2024-09-02,19,2,True,True
U301926,new,tier_2,2025-04-26,0,9999,False,True
U301927,new,tier_1,2025-06-06,0,9999,True,True
U301928,high_frequency,tier_2,2025-06-15,11,3,True,False
U301929,lapsed,tier_1,2026-01-19,3,120,False,True
U301930,high_frequency,tier_3,2025-05-21,10,2,False,True
U301931,active,tier_3,2026-02-12,5,15,False,False
U301932,lapsed,tier_2,2025-09-26,0,171,True,False
U301933,lapsed,tier_2,2026-01-31,7,125,True,True
U301934,lapsed,tier_1,2025-12-31,0,90,False,False
U301935,high_frequency,tier_1,2024-05-07,15,0,False,False
U301936,high_frequency,tier_2,2024-09-12,24,4,False,False
U301937,new,tier_1,2024-09-28,0,9999,False,True
U301938,high_frequency,tier_2,2025-02-19,16,2,False,True
U301939,active,tier_2,2024-05-30,9,13,False,True
U301940,new,tier_2,2024-06-14,0,9999,True,True
U301941,high_frequency,tier_1,2025-10-10,27,2,False,False
U301942,active,tier_1,2025-10-14,5,5,True,True
U301943,lapsed,tier_1,2025-02-07,4,73,True,True
U301944,new,tier_1,2025-01-10,0,9999,False,True
U301945,high_frequency,tier_1,2024-12-22,18,3,False,False
U301946,active,tier_1,2024-10-17,7,9,False,False
U301947,high_frequency,tier_2,2025-10-16,21,4,False,False
U301948,lapsed,tier_1,2025-04-07,3,65,False,False
U301949,high_frequency,tier_2,2024-12-11,21,0,True,True
U301950,lapsed,tier_1,2025-06-22,3,66,False,False
U301951,high_frequency,tier_1,2024-04-26,13,0,False,True
U301952,new,tier_3,2025-02-05,0,9999,False,False
U301953,new,tier_1,2025-06-14,0,9999,True,True
U301954,new,tier_1,2025-08-14,0,9999,False,False
U301955,high_frequency,tier_3,2025-01-20,16,1,False,True
U301956,high_frequency,tier_2,2025-08-24,13,2,True,True
U301957,active,tier_1,2024-07-20,11,19,False,True
U301958,new,tier_3,2024-04-02,0,9999,True,False
U301959,active,tier_1,2024-07-10,5,14,True,True
U301960,active,tier_2,2025-06-10,3,15,True,True
U301961,high_frequency,tier_1,2025-03-01,18,2,True,False
U301962,active,tier_1,2025-11-02,5,11,False,False
U301963,active,tier_3,2025-04-14,6,9,True,True
U301964,lapsed,tier_1,2025-04-11,4,77,True,True
U301965,high_frequency,tier_2,2026-02-25,16,0,True,True
U301966,active,tier_3,2024-12-18,8,10,False,True
U301967,lapsed,tier_2,2026-01-27,8,157,False,False
U301968,high_frequency,tier_1,2025-01-16,18,4,True,False
U301969,active,tier_2,2025-11-23,9,8,True,False
U301970,lapsed,tier_1,2025-11-16,2,141,False,False
U301971,active,tier_1,2024-07-02,4,15,True,False
U301972,lapsed,tier_1,2025-10-12,5,130,False,False
U301973,lapsed,tier_2,2024-08-04,3,92,True,True
U301974,new,tier_2,2025-04-25,0,9999,False,False
U301975,new,tier_1,2025-08-04,0,9999,True,True
U301976,new,tier_2,2025-03-03,0,9999,False,False
U301977,active,tier_3,2024-07-25,5,6,False,False
U301978,lapsed,tier_3,2024-10-26,2,100,False,True
U301979,new,tier_1,2024-12-21,0,9999,False,False
U301980,new,tier_2,2026-01-08,0,9999,False,False
U301981,lapsed,tier_1,2024-05-18,4,100,False,True
U301982,active,tier_2,2025-05-25,9,13,True,True
U301983,high_frequency,tier_1,2024-12-26,21,2,False,True
U301984,high_frequency,tier_1,2024-04-12,21,2,True,False
U301985,lapsed,tier_3,2024-12-18,2,147,True,False
U301986,active,tier_1,2025-06-30,8,19,True,True
U301987,active,tier_1,2025-09-05,2,17,False,False
U301988,lapsed,tier_2,2025-11-20,3,73,True,False
U301989,new,tier_1,2025-02-11,0,9999,False,False
U301990,lapsed,tier_3,2024-11-07,4,155,False,True
U301991,lapsed,tier_1,2025-04-28,4,139,True,False
U301992,lapsed,tier_2,2025-01-31,7,144,True,True
U301993,lapsed,tier_3,2024-06-19,5,96,False,False
U301994,lapsed,tier_3,2025-08-03,2,71,False,False
U301995,active,tier_1,2024-12-16,3,15,False,False
U301996,new,tier_1,2024-06-23,0,9999,False,False
U301997,lapsed,tier_1,2025-08-17,2,76,True,False
U301998,high_frequency,tier_3,2025-10-01,19,2,False,False
U301999,lapsed,tier_2,2025-12-08,4,81,False,False
U302000,active,tier_3,2025-04-04,7,20,False,False
U302001,active,tier_3,2025-06-02,5,12,True,False
U302002,high_frequency,tier_3,2025-07-08,21,2,False,True
U302003,active,tier_1,2025-12-26,8,6,False,True
U302004,high_frequency,tier_3,2026-02-09,19,4,False,True
U302005,active,tier_3,2025-07-10,4,20,False,True
U302006,lapsed,tier_1,2025-01-08,5,106,False,False
U302007,active,tier_1,2024-07-25,6,15,True,True
U302008,new,tier_2,2025-08-12,0,9999,True,False
U302009,active,tier_1,2025-06-04,3,18,True,False
U302010,active,tier_1,2024-09-11,3,12,False,False
U302011,high_frequency,tier_1,2024-07-21,23,0,True,False
U302012,lapsed,tier_2,2025-04-26,4,63,False,True
U302013,high_frequency,tier_3,2026-01-26,10,1,False,True
U302014,active,tier_3,2025-10-13,6,4,True,True
U302015,active,tier_2,2025-08-07,6,7,True,True
U302016,lapsed,tier_1,2025-01-26,6,84,True,True
U302017,active,tier_2,2025-10-24,5,16,True,True
U302018,lapsed,tier_3,2025-03-03,7,145,False,False
U302019,active,tier_3,2025-08-12,3,12,True,False
U302020,lapsed,tier_3,2025-05-02,4,172,False,False
U302021,active,tier_1,2024-06-08,8,18,False,False
U302022,high_frequency,tier_2,2025-10-29,17,0,True,True
U302023,high_frequency,tier_3,2025-07-25,14,4,True,False
U302024,active,tier_2,2025-09-07,2,20,False,False
U302025,active,tier_1,2025-10-06,5,12,False,False
U302026,new,tier_2,2025-12-15,0,9999,True,True
U302027,active,tier_2,2025-12-01,6,15,False,True
U302028,lapsed,tier_2,2025-10-03,4,69,True,False
U302029,active,tier_3,2024-04-24,4,16,True,True
U302030,active,tier_1,2025-09-05,6,12,False,True
U302031,new,tier_3,2024-08-01,0,9999,False,False
U302032,new,tier_3,2024-05-23,0,9999,True,True
U302033,lapsed,tier_1,2025-10-20,5,139,False,False
U302034,high_frequency,tier_1,2024-06-09,22,1,False,True
U302035,active,tier_1,2026-02-09,2,5,True,False
U302036,active,tier_2,2026-01-16,7,12,True,False
U302037,active,tier_3,2024-06-24,6,5,True,True
U302038,active,tier_2,2026-02-16,6,11,True,False
U302039,new,tier_2,2026-01-16,0,9999,True,False
U302040,active,tier_1,2026-01-04,4,16,True,False
U302041,lapsed,tier_1,2025-09-21,2,86,True,True
U302042,lapsed,tier_2,2024-05-17,5,160,True,False
U302043,lapsed,tier_3,2025-01-20,6,171,True,False
U302044,active,tier_1,2024-04-26,9,7,True,False
U302045,new,tier_2,2024-12-17,0,9999,True,True
U302046,lapsed,tier_1,2025-01-14,2,121,True,False
U302047,lapsed,tier_1,2025-10-05,5,164,True,False
U302048,high_frequency,tier_1,2025-06-11,24,2,False,False
U302049,new,tier_2,2025-05-08,0,9999,True,True
U302050,active,tier_1,2024-09-22,7,13,False,True
U302051,new,tier_3,2025-07-31,0,9999,False,False
U302052,new,tier_2,2024-08-29,0,9999,True,False
U302053,high_frequency,tier_1,2025-12-29,22,2,True,True
U302054,active,tier_2,2025-10-15,8,4,False,False
U302055,new,tier_2,2024-07-30,0,9999,True,False
U302056,high_frequency,tier_3,2025-04-16,15,0,False,True
U302057,active,tier_2,2024-06-06,6,20,False,False
U302058,new,tier_1,2024-07-11,0,9999,False,False
U302059,new,tier_3,2025-07-11,0,9999,True,False
U302060,active,tier_2,2025-04-02,4,11,True,False
U302061,high_frequency,tier_1,2025-04-15,16,4,False,True
U302062,high_frequency,tier_1,2025-02-06,18,2,True,True
U302063,lapsed,tier_2,2024-06-28,4,142,False,False
U302064,active,tier_2,2025-08-05,3,4,False,False
U302065,lapsed,tier_1,2024-07-11,5,129,True,False
U302066,active,tier_1,2025-01-05,4,12,False,True
U302067,active,tier_2,2026-02-07,10,11,True,True
U302068,lapsed,tier_1,2024-07-23,4,154,False,False
U302069,lapsed,tier_2,2025-01-22,5,119,True,False
U302070,active,tier_2,2024-06-07,5,19,False,True
U302071,lapsed,tier_2,2025-02-02,4,99,False,False
U302072,lapsed,tier_1,2024-04-02,8,90,True,False
U302073,high_frequency,tier_1,2024-04-02,19,0,True,False
U302074,new,tier_3,2024-07-22,0,9999,False,True
U302075,high_frequency,tier_3,2025-02-22,17,4,False,True
U302076,high_frequency,tier_2,2025-05-14,26,2,True,True
U302077,lapsed,tier_1,2025-12-12,5,135,True,True
U302078,lapsed,tier_3,2025-05-24,3,69,False,False
U302079,high_frequency,tier_1,2026-02-25,18,0,True,False
U302080,active,tier_1,2024-12-31,6,7,False,True
U302081,lapsed,tier_1,2024-09-30,7,69,False,False
U302082,high_frequency,tier_2,2025-11-27,16,0,False,True
U302083,active,tier_1,2025-07-09,11,9,False,True
U302084,lapsed,tier_2,2024-12-24,3,82,True,True
U302085,new,tier_2,2026-02-24,0,9999,True,False
U302086,new,tier_1,2025-11-01,0,9999,False,False
U302087,active,tier_1,2025-05-03,6,5,False,False
U302088,active,tier_2,2025-01-03,3,4,True,True
U302089,active,tier_3,2025-08-11,5,13,False,False
U302090,lapsed,tier_2,2025-02-24,5,119,True,True
U302091,new,tier_2,2025-12-08,0,9999,True,False
U302092,active,tier_2,2025-02-19,6,3,True,False
U302093,new,tier_3,2025-09-01,0,9999,True,False
U302094,high_frequency,tier_1,2025-09-14,21,0,False,True
U302095,high_frequency,tier_1,2026-02-24,23,3,True,False
U302096,lapsed,tier_2,2025-03-27,4,63,True,True
U302097,new,tier_1,2025-11-29,0,9999,False,False
U302098,high_frequency,tier_2,2024-05-04,22,2,False,True
U302099,lapsed,tier_1,2024-07-03,4,161,True,False
U302100,active,tier_2,2025-05-23,9,5,False,True
U302101,lapsed,tier_1,2024-07-04,4,143,True,True
U302102,active,tier_1,2025-12-24,6,9,True,True
U302103,lapsed,tier_1,2024-11-25,5,154,True,False
U302104,active,tier_1,2025-11-30,3,9,True,True
U302105,new,tier_2,2026-02-16,0,9999,False,True
U302106,new,tier_2,2025-02-03,0,9999,True,True
U302107,lapsed,tier_1,2025-03-23,0,155,False,False
U302108,new,tier_1,2024-10-18,0,9999,True,False
U302109,high_frequency,tier_2,2025-11-27,19,1,True,True
U302110,high_frequency,tier_3,2025-10-23,13,1,False,False
U302111,high_frequency,tier_3,2025-12-23,17,3,True,False
U302112,active,tier_2,2025-10-05,1,11,False,True
U302113,lapsed,tier_1,2024-06-11,4,123,True,False
U302114,lapsed,tier_2,2025-11-08,3,101,True,False
U302115,new,tier_2,2025-12-24,0,9999,True,False
U302116,high_frequency,tier_3,2024-11-24,19,2,False,True
U302117,high_frequency,tier_3,2024-11-29,18,4,True,True
U302118,new,tier_2,2025-02-10,0,9999,False,False
U302119,high_frequency,tier_3,2024-09-23,12,0,True,True
U302120,active,tier_2,2026-01-18,5,12,True,True
U302121,new,tier_2,2024-12-30,0,9999,False,False
U302122,lapsed,tier_2,2025-10-18,1,110,True,False
U302123,active,tier_2,2024-06-14,9,11,True,True
U302124,lapsed,tier_1,2025-05-02,3,149,False,False
U302125,lapsed,tier_3,2025-12-28,7,78,False,False
U302126,active,tier_2,2025-05-29,3,10,True,True
U302127,lapsed,tier_2,2024-09-04,3,131,True,True
U302128,active,tier_1,2024-10-09,4,4,True,False
U302129,high_frequency,tier_1,2025-07-23,21,3,False,True
U302130,lapsed,tier_1,2024-10-13,6,168,True,False
U302131,new,tier_1,2024-04-29,0,9999,False,True
U302132,lapsed,tier_3,2025-02-09,2,110,False,False
U302133,active,tier_2,2024-08-16,6,14,False,True
U302134,new,tier_1,2026-01-22,0,9999,False,False
U302135,active,tier_3,2024-10-07,7,12,True,False
U302136,new,tier_3,2025-04-01,0,9999,True,True
U302137,lapsed,tier_2,2024-07-18,1,111,False,False
U302138,lapsed,tier_2,2024-12-12,5,149,True,True
U302139,active,tier_1,2025-05-07,5,13,True,True
U302140,active,tier_3,2025-07-29,11,3,False,True
U302141,new,tier_1,2025-02-26,0,9999,True,False
U302142,active,tier_1,2025-06-09,6,3,True,True
U302143,high_frequency,tier_3,2025-08-28,18,3,False,False
U302144,high_frequency,tier_2,2025-03-15,19,1,False,False
U302145,new,tier_2,2025-05-20,0,9999,False,False
U302146,new,tier_1,2025-08-16,0,9999,False,False
U302147,new,tier_2,2025-07-03,0,9999,True,False
U302148,active,tier_2,2024-11-23,2,18,False,True
U302149,lapsed,tier_1,2025-06-05,3,91,False,False
U302150,new,tier_1,2025-06-13,0,9999,True,False
U302151,lapsed,tier_3,2024-05-27,9,118,False,False
U302152,lapsed,tier_3,2024-08-23,3,155,True,False
U302153,new,tier_2,2025-08-22,0,9999,True,True
U302154,high_frequency,tier_1,2024-09-19,19,2,True,True
U302155,high_frequency,tier_2,2025-11-28,22,2,False,False
U302156,lapsed,tier_2,2024-10-25,2,178,True,True
U302157,active,tier_1,2025-10-29,9,17,True,True
U302158,lapsed,tier_1,2024-09-28,6,112,False,False
U302159,new,tier_2,2025-06-10,0,9999,True,False
U302160,lapsed,tier_1,2025-02-17,3,82,False,False
U302161,high_frequency,tier_1,2025-03-21,17,0,False,True
U302162,new,tier_1,2025-01-08,0,9999,False,False
U302163,active,tier_1,2026-02-16,7,7,False,True
U302164,active,tier_1,2025-05-02,6,18,True,True
U302165,high_frequency,tier_1,2024-12-08,17,1,False,True
U302166,new,tier_2,2025-06-05,0,9999,True,False
U302167,active,tier_3,2025-08-13,5,18,True,True
U302168,lapsed,tier_1,2025-06-18,3,120,False,False
U302169,lapsed,tier_2,2024-08-21,7,85,False,False
U302170,new,tier_3,2025-05-30,0,9999,True,False
U302171,lapsed,tier_3,2025-06-28,7,60,True,False
U302172,new,tier_2,2024-12-29,0,9999,False,False
U302173,new,tier_1,2024-09-26,0,9999,True,False
U302174,high_frequency,tier_2,2026-02-18,16,2,False,True
U302175,active,tier_2,2025-11-12,5,12,True,True
U302176,active,tier_2,2024-07-27,6,17,False,True
U302177,lapsed,tier_2,2025-04-30,6,142,False,False
U302178,active,tier_3,2024-12-22,9,7,True,True
U302179,high_frequency,tier_3,2024-12-21,17,3,True,False
U302180,lapsed,tier_2,2024-05-01,4,121,False,False
U302181,active,tier_3,2024-11-20,6,20,True,False
U302182,lapsed,tier_1,2025-11-14,3,160,False,False
U302183,new,tier_2,2024-07-07,0,9999,False,False
U302184,high_frequency,tier_2,2024-08-24,16,0,True,False
U302185,high_frequency,tier_2,2026-01-27,20,4,False,True
U302186,new,tier_1,2025-01-14,0,9999,True,False
U302187,new,tier_1,2025-10-12,0,9999,False,False
U302188,lapsed,tier_2,2025-05-04,4,103,False,False
U302189,high_frequency,tier_1,2024-05-14,17,2,True,False
U302190,active,tier_1,2025-10-08,9,5,False,False
U302191,active,tier_1,2025-01-30,5,15,True,True
U302192,new,tier_2,2026-02-28,0,9999,False,False
U302193,high_frequency,tier_1,2025-08-20,15,2,False,False
U302194,active,tier_3,2025-03-15,4,3,False,True
U302195,high_frequency,tier_1,2026-01-27,12,4,True,True
U302196,high_frequency,tier_2,2025-11-28,18,2,True,True
U302197,active,tier_2,2024-04-26,6,4,False,True
U302198,new,tier_2,2025-04-16,0,9999,False,False
U302199,active,tier_2,2024-10-09,8,19,False,True
U302200,new,tier_3,2024-11-15,0,9999,True,True
U302201,high_frequency,tier_1,2024-09-18,22,0,True,False
U302202,active,tier_2,2024-07-31,3,19,False,False
U302203,lapsed,tier_2,2024-12-31,1,62,False,False
U302204,active,tier_2,2025-10-08,3,7,False,False
U302205,active,tier_2,2026-02-01,7,8,True,True
U302206,active,tier_2,2025-11-07,3,12,True,True
U302207,lapsed,tier_1,2024-08-19,3,139,True,False
U302208,high_frequency,tier_1,2024-06-20,17,2,True,True
U302209,new,tier_2,2024-12-07,0,9999,False,False
U302210,active,tier_2,2025-04-04,6,17,False,False
U302211,lapsed,tier_1,2025-05-04,4,109,False,True
U302212,new,tier_2,2024-08-06,0,9999,True,False
U302213,high_frequency,tier_1,2025-06-11,11,3,True,True
U302214,lapsed,tier_1,2025-08-22,3,67,False,False
U302215,active,tier_2,2024-04-15,8,6,True,False
U302216,active,tier_2,2024-04-15,6,5,False,True
U302217,active,tier_1,2024-06-24,11,20,True,False
U302218,new,tier_1,2025-08-13,0,9999,False,False
U302219,lapsed,tier_3,2025-12-13,1,93,False,True
U302220,active,tier_2,2026-02-22,4,5,True,True
U302221,new,tier_1,2025-11-22,0,9999,False,False
U302222,active,tier_1,2025-08-05,3,14,False,False
U302223,active,tier_1,2024-08-24,3,12,False,True
U302224,active,tier_2,2024-07-25,9,9,True,False
U302225,new,tier_2,2025-12-16,0,9999,True,True
U302226,active,tier_2,2024-07-27,7,14,True,True
U302227,high_frequency,tier_2,2025-11-11,19,1,True,True
U302228,high_frequency,tier_2,2024-04-27,15,0,True,False
U302229,lapsed,tier_1,2025-12-30,3,137,True,True
U302230,new,tier_1,2025-12-12,0,9999,True,False
U302231,active,tier_1,2025-07-17,5,10,False,True
U302232,new,tier_2,2025-06-26,0,9999,False,False
U302233,active,tier_1,2025-07-20,13,7,True,True
U302234,high_frequency,tier_1,2025-08-03,26,1,False,True
U302235,high_frequency,tier_2,2025-12-07,19,2,False,True
U302236,high_frequency,tier_2,2024-06-09,20,1,True,False
U302237,active,tier_2,2026-01-30,5,17,False,True
U302238,active,tier_3,2024-04-21,10,9,True,False
U302239,active,tier_2,2025-11-02,6,15,False,False
U302240,active,tier_1,2024-07-07,11,3,True,True
U302241,lapsed,tier_1,2025-03-31,3,170,False,False
U302242,active,tier_2,2025-09-16,6,8,False,True
U302243,lapsed,tier_2,2026-02-21,2,165,False,True
U302244,active,tier_1,2024-08-18,9,11,True,True
U302245,new,tier_1,2024-09-29,0,9999,False,False
U302246,high_frequency,tier_2,2024-04-23,25,0,True,True
U302247,lapsed,tier_3,2025-02-22,6,80,False,False
U302248,lapsed,tier_2,2024-07-20,2,157,True,False
U302249,active,tier_3,2024-06-26,4,12,False,True
U302250,active,tier_2,2024-07-13,10,8,False,True
U302251,active,tier_1,2025-07-11,5,18,True,True
U302252,high_frequency,tier_2,2025-12-14,17,4,True,True
U302253,active,tier_1,2025-07-09,2,6,True,False
U302254,active,tier_2,2025-03-28,4,12,False,False
U302255,active,tier_3,2024-06-29,9,18,False,False
U302256,active,tier_2,2024-04-17,7,11,False,False
U302257,new,tier_3,2026-02-01,0,9999,True,False
U302258,new,tier_3,2025-06-09,0,9999,False,False
U302259,active,tier_1,2025-04-26,12,5,False,False
U302260,lapsed,tier_2,2025-05-25,5,96,True,False
U302261,new,tier_1,2026-02-23,0,9999,True,False
U302262,new,tier_2,2024-09-23,0,9999,True,True
U302263,new,tier_2,2025-04-17,0,9999,True,True
U302264,new,tier_2,2025-05-18,0,9999,True,False
U302265,high_frequency,tier_2,2024-07-11,16,3,True,True
U302266,lapsed,tier_1,2025-06-13,3,72,True,False
U302267,active,tier_2,2024-06-27,7,5,True,True
U302268,high_frequency,tier_1,2025-03-18,18,0,False,True
U302269,active,tier_2,2025-05-28,7,4,False,True
U302270,active,tier_1,2024-06-16,8,11,True,True
U302271,lapsed,tier_3,2024-09-17,4,143,True,True
U302272,active,tier_2,2025-03-03,2,8,True,True
U302273,active,tier_1,2025-03-28,7,19,True,True
U302274,high_frequency,tier_1,2025-07-20,14,3,False,True
U302275,high_frequency,tier_2,2024-10-14,11,1,True,True
U302276,new,tier_1,2025-07-28,0,9999,True,True
U302277,lapsed,tier_1,2024-05-02,2,98,False,False
U302278,new,tier_2,2025-06-16,0,9999,True,False
U302279,high_frequency,tier_1,2025-12-14,23,0,False,True
U302280,high_frequency,tier_1,2024-06-14,16,1,False,True
U302281,high_frequency,tier_1,2025-01-03,21,0,True,True
U302282,high_frequency,tier_1,2025-03-04,15,0,False,True
U302283,active,tier_1,2025-08-08,8,9,True,True
U302284,high_frequency,tier_2,2024-06-08,26,4,True,True
U302285,active,tier_1,2025-03-18,3,14,False,False
U302286,new,tier_1,2024-08-23,0,9999,False,False
U302287,active,tier_1,2025-04-15,6,14,True,True
U302288,new,tier_1,2025-04-12,0,9999,False,False
U302289,lapsed,tier_1,2024-12-02,1,68,False,False
U302290,new,tier_2,2024-04-21,0,9999,True,True
U302291,active,tier_2,2025-03-02,7,7,True,False
U302292,high_frequency,tier_1,2025-10-25,20,1,True,False
U302293,lapsed,tier_1,2026-02-23,1,147,True,False
U302294,active,tier_2,2025-06-07,7,6,False,True
U302295,high_frequency,tier_2,2024-10-29,15,3,False,True
U302296,new,tier_2,2025-09-28,0,9999,False,False
U302297,active,tier_1,2024-10-25,3,3,True,True
U302298,high_frequency,tier_2,2025-09-22,16,1,True,True
U302299,active,tier_2,2026-01-10,3,16,True,True
U302300,active,tier_1,2025-03-05,7,4,False,True
U302301,active,tier_1,2024-06-26,8,4,False,True
U302302,high_frequency,tier_1,2025-07-08,23,1,True,True
U302303,active,tier_1,2024-12-08,8,4,True,True
U302304,high_frequency,tier_3,2025-03-14,17,1,False,True
U302305,lapsed,tier_3,2025-01-25,7,93,True,False
U302306,active,tier_3,2025-04-18,5,17,True,True
U302307,active,tier_2,2026-01-26,9,12,False,False
U302308,active,tier_3,2025-10-27,14,10,True,False
U302309,active,tier_2,2025-12-12,3,11,False,True
U302310,lapsed,tier_2,2025-01-29,4,132,False,False
U302311,active,tier_2,2025-02-09,7,18,True,True
U302312,lapsed,tier_1,2024-10-23,4,172,False,False
U302313,active,tier_1,2025-11-11,3,12,False,False
U302314,new,tier_1,2025-04-22,0,9999,True,True
U302315,high_frequency,tier_3,2024-08-17,19,4,False,True
U302316,active,tier_3,2025-10-20,6,15,False,True
U302317,new,tier_1,2024-05-05,0,9999,False,False
U302318,high_frequency,tier_3,2025-07-25,17,1,True,True
U302319,active,tier_3,2025-09-02,6,19,True,True
U302320,high_frequency,tier_2,2024-12-27,13,3,False,True
U302321,new,tier_1,2026-02-04,0,9999,False,False
U302322,high_frequency,tier_2,2025-04-17,22,2,False,True
U302323,lapsed,tier_3,2025-07-08,3,123,False,False
U302324,lapsed,tier_2,2025-05-22,3,112,True,False
U302325,active,tier_2,2024-04-17,4,4,False,False
U302326,high_frequency,tier_1,2025-08-05,21,2,False,True
U302327,active,tier_3,2025-01-28,5,14,False,True
U302328,new,tier_1,2024-06-11,0,9999,True,False
U302329,lapsed,tier_1,2024-11-25,2,74,False,True
U302330,active,tier_1,2025-02-14,4,4,False,True
U302331,active,tier_2,2024-12-05,7,13,True,False
U302332,lapsed,tier_1,2025-03-19,7,112,True,True
U302333,lapsed,tier_1,2026-02-16,3,135,True,False
U302334,new,tier_1,2025-09-30,0,9999,True,True
U302335,lapsed,tier_3,2025-07-01,3,71,False,False
U302336,active,tier_2,2025-02-28,6,16,False,False
U302337,new,tier_1,2025-03-17,0,9999,True,False
U302338,lapsed,tier_1,2025-02-05,6,70,False,False
U302339,high_frequency,tier_1,2025-11-22,15,0,False,False
U302340,active,tier_2,2024-05-23,6,15,True,True
U302341,lapsed,tier_1,2025-10-25,8,76,True,False
U302342,active,tier_3,2025-01-02,5,6,False,True
U302343,active,tier_1,2024-10-17,5,20,True,True
U302344,active,tier_2,2025-06-19,4,18,False,True
U302345,lapsed,tier_2,2024-11-10,4,178,True,True
U302346,high_frequency,tier_2,2024-05-08,16,1,True,True
U302347,new,tier_1,2024-12-31,0,9999,True,True
U302348,lapsed,tier_2,2024-09-15,1,167,True,False
U302349,active,tier_2,2026-01-28,7,6,True,True
U302350,new,tier_1,2025-11-05,0,9999,True,False
U302351,active,tier_2,2025-11-26,8,19,True,False
U302352,new,tier_1,2024-05-05,0,9999,False,False
U302353,high_frequency,tier_1,2026-03-01,17,3,True,True
U302354,active,tier_3,2025-07-02,5,11,False,False
U302355,high_frequency,tier_1,2024-09-05,21,1,True,False
U302356,high_frequency,tier_1,2025-09-24,19,0,False,True
U302357,new,tier_2,2025-03-07,0,9999,False,True
U302358,active,tier_1,2025-07-30,9,20,False,False
U302359,high_frequency,tier_1,2025-06-26,14,2,False,True
U302360,active,tier_2,2025-01-20,6,18,False,True
U302361,lapsed,tier_2,2025-12-09,5,84,True,False
U302362,new,tier_1,2024-07-20,0,9999,False,False
U302363,active,tier_1,2025-06-05,5,8,False,True
U302364,active,tier_2,2024-12-22,4,3,False,True
U302365,active,tier_2,2025-08-14,7,20,True,True
U302366,active,tier_2,2025-03-23,7,20,False,False
U302367,active,tier_2,2025-04-16,5,20,True,False
U302368,new,tier_1,2024-09-12,0,9999,False,False
U302369,high_frequency,tier_1,2025-06-15,18,0,True,True
U302370,active,tier_3,2025-07-27,5,18,False,False
U302371,new,tier_3,2025-07-26,0,9999,False,False
U302372,lapsed,tier_1,2026-01-29,3,127,False,False
U302373,new,tier_1,2025-10-16,0,9999,True,False
U302374,lapsed,tier_1,2024-06-28,6,72,False,False
U302375,high_frequency,tier_2,2025-11-12,12,2,False,True
U302376,active,tier_2,2024-05-09,3,7,False,False
U302377,high_frequency,tier_3,2026-01-27,19,3,True,True
U302378,lapsed,tier_1,2025-10-11,5,99,False,False
U302379,active,tier_1,2024-12-19,4,6,True,True
U302380,high_frequency,tier_1,2024-11-09,20,0,False,True
U302381,new,tier_2,2024-10-13,0,9999,True,True
U302382,active,tier_2,2025-03-09,7,10,False,False
U302383,high_frequency,tier_1,2024-05-23,22,1,True,True
U302384,high_frequency,tier_3,2024-06-04,24,1,False,True
U302385,new,tier_1,2024-08-26,0,9999,False,False
U302386,active,tier_2,2025-05-11,2,16,False,False
U302387,lapsed,tier_3,2024-12-08,3,83,False,False
U302388,high_frequency,tier_1,2025-09-18,13,4,False,True
U302389,new,tier_1,2025-08-01,0,9999,True,False
U302390,lapsed,tier_1,2026-01-23,4,176,True,True
U302391,high_frequency,tier_3,2024-05-27,19,3,True,True
U302392,active,tier_1,2025-03-05,4,17,True,True
U302393,active,tier_1,2025-07-16,7,9,False,True
U302394,new,tier_1,2024-09-20,0,9999,True,True
U302395,lapsed,tier_1,2026-02-25,11,102,True,False
U302396,active,tier_3,2025-10-30,9,6,True,True
U302397,lapsed,tier_1,2025-05-14,7,92,True,True
U302398,active,tier_2,2025-09-03,9,18,True,True
U302399,lapsed,tier_2,2025-04-24,6,113,True,True
U302400,active,tier_3,2024-10-11,1,17,False,True
U302401,new,tier_1,2024-10-17,0,9999,True,False
U302402,new,tier_1,2024-11-11,0,9999,True,False
U302403,high_frequency,tier_1,2025-10-12,25,1,True,False
U302404,new,tier_1,2024-10-06,0,9999,True,False
U302405,active,tier_1,2025-01-25,5,20,False,True
U302406,new,tier_2,2024-06-09,0,9999,True,True
U302407,active,tier_2,2025-09-07,4,16,True,False
U302408,active,tier_2,2025-07-08,7,18,True,False
U302409,lapsed,tier_1,2024-05-11,4,82,True,True
U302410,new,tier_1,2025-09-27,0,9999,True,True
U302411,active,tier_1,2024-10-23,4,4,True,True
U302412,high_frequency,tier_1,2025-10-29,22,4,False,True
U302413,active,tier_1,2024-06-27,8,12,False,False
U302414,new,tier_3,2025-05-29,0,9999,True,True
U302415,active,tier_1,2025-03-17,4,6,True,False
U302416,active,tier_1,2026-02-25,5,3,True,True
U302417,lapsed,tier_2,2024-09-08,6,64,True,True
U302418,new,tier_1,2025-03-21,0,9999,True,False
U302419,high_frequency,tier_1,2025-01-17,18,1,False,True
U302420,active,tier_1,2026-02-02,5,7,False,False
U302421,lapsed,tier_1,2025-12-31,2,146,False,True
U302422,active,tier_3,2025-08-16,5,11,True,True
U302423,new,tier_1,2025-03-22,0,9999,True,False
U302424,lapsed,tier_1,2025-06-13,2,127,False,False
U302425,active,tier_2,2024-09-23,6,12,False,True
U302426,active,tier_2,2025-11-24,7,17,True,True
U302427,lapsed,tier_2,2025-03-07,6,72,False,False
U302428,high_frequency,tier_2,2024-12-16,11,4,True,True
U302429,active,tier_2,2024-10-25,9,18,False,False
U302430,high_frequency,tier_1,2024-12-21,20,4,False,True
U302431,active,tier_3,2026-01-21,2,17,False,True
U302432,active,tier_2,2025-11-12,4,10,False,False
U302433,new,tier_3,2025-07-20,0,9999,True,True
U302434,lapsed,tier_2,2025-04-17,8,63,True,False
U302435,high_frequency,tier_2,2025-05-30,15,1,True,True
U302436,lapsed,tier_3,2024-07-29,6,66,True,True
U302437,new,tier_2,2025-08-09,0,9999,False,True
U302438,lapsed,tier_1,2026-02-09,6,123,True,False
U302439,active,tier_1,2024-10-02,4,20,True,True
U302440,lapsed,tier_3,2024-11-04,4,97,True,True
U302441,active,tier_1,2024-12-13,4,3,True,True
U302442,lapsed,tier_2,2025-09-11,5,114,True,False
U302443,active,tier_1,2025-01-14,2,8,False,False
U302444,high_frequency,tier_1,2025-02-04,22,1,True,False
U302445,active,tier_2,2024-04-18,4,12,False,True
U302446,new,tier_1,2024-11-08,0,9999,False,False
U302447,new,tier_2,2026-02-07,0,9999,True,False
U302448,high_frequency,tier_2,2025-07-11,11,2,False,False
U302449,active,tier_2,2025-10-28,4,9,True,True
U302450,high_frequency,tier_1,2025-09-24,13,2,False,True
U302451,new,tier_1,2026-01-22,0,9999,False,False
U302452,high_frequency,tier_2,2025-07-26,30,3,True,True
U302453,new,tier_2,2025-05-08,0,9999,True,True
U302454,new,tier_1,2025-07-30,0,9999,False,True
U302455,active,tier_2,2026-01-06,4,18,True,True
U302456,active,tier_2,2024-09-06,4,16,True,True
U302457,lapsed,tier_3,2024-08-02,4,108,True,False
U302458,new,tier_3,2025-11-19,0,9999,False,False
U302459,high_frequency,tier_2,2024-04-28,19,0,False,True
U302460,high_frequency,tier_2,2025-11-26,18,1,True,True
U302461,new,tier_2,2025-11-14,0,9999,True,False
U302462,high_frequency,tier_3,2026-01-25,18,3,True,True
U302463,lapsed,tier_2,2025-03-31,3,86,False,False
U302464,lapsed,tier_1,2025-04-16,4,69,False,False
U302465,new,tier_2,2025-07-20,0,9999,False,True
U302466,high_frequency,tier_1,2024-05-26,23,1,False,True
U302467,active,tier_3,2024-05-11,9,8,False,True
U302468,high_frequency,tier_3,2024-05-07,18,4,True,True
U302469,lapsed,tier_1,2024-04-01,1,132,True,False
U302470,lapsed,tier_1,2024-11-20,5,100,False,True
U302471,active,tier_3,2024-10-02,2,13,False,False
U302472,active,tier_3,2025-05-09,6,9,True,True
U302473,active,tier_2,2024-09-29,8,5,False,True
U302474,active,tier_3,2024-09-17,7,10,True,True
U302475,lapsed,tier_1,2025-09-15,6,126,False,True
U302476,high_frequency,tier_1,2025-11-26,22,4,True,True
U302477,new,tier_3,2025-04-11,0,9999,True,False
U302478,lapsed,tier_2,2025-09-03,5,124,False,True
U302479,high_frequency,tier_2,2024-12-18,17,1,False,True
U302480,lapsed,tier_3,2024-09-24,2,161,False,False
U302481,lapsed,tier_3,2024-08-18,2,122,False,True
U302482,high_frequency,tier_1,2025-03-25,19,4,True,False
U302483,active,tier_2,2025-02-08,4,18,True,True
U302484,active,tier_1,2025-04-09,5,19,True,True
U302485,high_frequency,tier_3,2024-10-15,20,2,True,False
U302486,new,tier_1,2025-02-17,0,9999,False,False
U302487,lapsed,tier_3,2024-06-29,3,155,False,False
U302488,lapsed,tier_2,2025-06-07,2,70,False,False
U302489,active,tier_2,2024-05-11,4,3,False,False
U302490,new,tier_1,2025-11-13,0,9999,False,False
U302491,active,tier_1,2025-07-25,10,4,True,False
U302492,new,tier_1,2024-10-25,0,9999,False,False
U302493,active,tier_2,2024-10-31,4,4,True,False
U302494,lapsed,tier_1,2025-09-15,4,132,True,True
U302495,active,tier_1,2025-09-15,3,3,False,False
U302496,new,tier_1,2024-09-22,0,9999,False,True
U302497,lapsed,tier_1,2025-11-21,2,157,False,False
U302498,active,tier_1,2024-11-29,7,16,False,True
U302499,high_frequency,tier_1,2025-11-29,20,3,False,True
U302500,high_frequency,tier_1,2024-12-09,17,4,False,True
U302501,lapsed,tier_1,2025-02-11,1,151,True,True
U302502,active,tier_2,2026-02-23,4,4,True,False
U302503,active,tier_2,2024-07-24,9,7,True,True
U302504,active,tier_1,2026-02-23,8,5,False,False
U302505,lapsed,tier_3,2026-01-31,1,67,False,False
U302506,lapsed,tier_3,2025-03-24,5,69,False,False
U302507,active,tier_2,2025-03-15,7,16,False,False
U302508,active,tier_2,2025-07-19,8,8,False,True
U302509,new,tier_1,2025-08-15,0,9999,True,False
U302510,new,tier_2,2025-01-04,0,9999,False,False
U302511,new,tier_1,2026-01-27,0,9999,False,False
U302512,active,tier_1,2024-07-12,5,12,True,False
U302513,new,tier_1,2025-12-02,0,9999,False,False
U302514,high_frequency,tier_3,2025-07-12,17,0,False,True
U302515,new,tier_3,2025-07-30,0,9999,True,False
U302516,active,tier_2,2024-04-05,7,15,True,True
U302517,active,tier_3,2026-02-21,2,14,False,False
U302518,active,tier_2,2025-05-13,4,3,False,False
U302519,lapsed,tier_2,2025-12-06,2,133,False,False
U302520,new,tier_1,2025-11-15,0,9999,False,True
U302521,high_frequency,tier_1,2024-05-17,19,2,True,True
U302522,new,tier_3,2024-09-12,0,9999,True,True
U302523,new,tier_1,2024-08-14,0,9999,True,True
U302524,high_frequency,tier_3,2024-07-12,6,2,True,True
U302525,active,tier_2,2024-05-16,5,5,True,True
U302526,active,tier_1,2025-06-10,4,19,True,False
U302527,high_frequency,tier_1,2025-06-15,18,1,False,True
U302528,active,tier_1,2025-10-20,6,14,True,True
U302529,lapsed,tier_2,2025-06-20,6,128,True,False
U302530,high_frequency,tier_3,2024-06-23,24,2,False,True
U302531,active,tier_1,2026-02-10,5,5,True,True
U302532,high_frequency,tier_2,2025-01-04,16,4,False,False
U302533,active,tier_1,2025-07-14,6,13,True,True
U302534,new,tier_3,2024-07-20,0,9999,True,False
U302535,active,tier_2,2025-09-20,5,15,False,False
U302536,new,tier_2,2024-04-10,0,9999,False,False
U302537,new,tier_1,2025-10-25,0,9999,False,False
U302538,high_frequency,tier_1,2025-09-07,23,2,True,True
U302539,high_frequency,tier_3,2025-02-02,15,4,False,True
U302540,lapsed,tier_1,2024-09-07,4,154,False,False
U302541,high_frequency,tier_2,2026-01-03,23,4,True,True
U302542,active,tier_1,2025-02-27,4,7,False,True
U302543,lapsed,tier_3,2026-01-06,5,150,False,True
U302544,high_frequency,tier_2,2025-03-08,20,2,False,True
U302545,new,tier_1,2025-12-19,0,9999,True,False
U302546,lapsed,tier_1,2025-05-26,3,147,True,True
U302547,high_frequency,tier_1,2025-04-28,23,4,True,False
U302548,active,tier_3,2025-01-15,5,12,True,False
U302549,high_frequency,tier_1,2025-06-12,23,2,False,True
U302550,high_frequency,tier_1,2024-09-25,20,4,True,False
U302551,high_frequency,tier_1,2025-04-25,15,2,True,True
U302552,lapsed,tier_2,2024-07-25,4,136,True,True
U302553,active,tier_2,2025-01-10,7,12,True,True
U302554,high_frequency,tier_3,2025-12-04,15,1,True,False
U302555,lapsed,tier_1,2024-05-04,3,112,False,False
U302556,active,tier_2,2024-09-18,3,17,False,False
U302557,new,tier_2,2024-12-17,0,9999,True,True
U302558,active,tier_1,2025-12-22,8,11,True,True
U302559,active,tier_3,2024-12-01,6,13,False,True
U302560,active,tier_1,2026-02-01,5,8,False,True
U302561,high_frequency,tier_1,2025-11-11,22,2,False,True
U302562,high_frequency,tier_1,2024-09-29,16,4,True,False
U302563,high_frequency,tier_2,2026-01-06,16,0,False,True
U302564,high_frequency,tier_2,2026-01-27,16,3,False,False
U302565,new,tier_1,2024-12-13,0,9999,False,False
U302566,active,tier_1,2025-01-06,1,5,True,False
U302567,active,tier_1,2025-08-14,7,12,True,True
U302568,active,tier_2,2024-06-20,6,20,False,False
U302569,lapsed,tier_1,2024-07-12,2,103,True,True
U302570,active,tier_3,2024-06-15,9,12,True,True
U302571,high_frequency,tier_2,2024-11-29,11,2,True,True
U302572,high_frequency,tier_1,2025-01-18,17,3,False,False
U302573,lapsed,tier_1,2025-02-05,7,168,False,False
U302574,high_frequency,tier_1,2024-07-07,20,4,False,True
U302575,active,tier_3,2026-02-02,9,14,True,False
U302576,active,tier_1,2024-06-03,4,18,True,False
U302577,lapsed,tier_1,2025-01-09,2,85,True,False
U302578,high_frequency,tier_1,2025-01-04,21,1,True,True
U302579,high_frequency,tier_1,2024-05-02,19,0,False,True
U302580,active,tier_3,2026-02-15,7,10,True,True
U302581,high_frequency,tier_3,2025-11-30,21,2,False,False
U302582,active,tier_2,2025-07-27,6,9,False,False
U302583,new,tier_1,2025-01-31,0,9999,True,False
U302584,active,tier_3,2026-02-02,7,7,False,False
U302585,lapsed,tier_1,2026-02-17,4,153,False,False
U302586,lapsed,tier_3,2024-05-14,4,84,False,False
U302587,lapsed,tier_2,2025-09-30,4,136,True,False
U302588,lapsed,tier_1,2024-06-25,3,102,True,True
U302589,lapsed,tier_3,2024-08-15,6,171,False,False
U302590,lapsed,tier_2,2024-10-04,5,135,False,False
U302591,lapsed,tier_2,2024-09-23,2,72,False,False
U302592,lapsed,tier_1,2025-01-13,4,64,False,False
U302593,active,tier_1,2025-10-25,5,8,True,True
U302594,active,tier_2,2025-10-02,5,10,False,False
U302595,high_frequency,tier_1,2024-05-28,16,3,True,False
U302596,lapsed,tier_3,2024-11-14,2,75,False,False
U302597,lapsed,tier_1,2025-01-02,6,124,False,False
U302598,active,tier_1,2024-11-24,7,13,True,True
U302599,lapsed,tier_2,2025-08-24,4,170,False,True
U302600,active,tier_2,2025-03-19,6,10,True,True
U302601,high_frequency,tier_3,2025-04-21,17,3,False,True
U302602,high_frequency,tier_2,2024-04-12,14,2,False,True
U302603,active,tier_2,2024-04-06,2,11,True,True
U302604,new,tier_2,2025-10-07,0,9999,True,False
U302605,active,tier_1,2024-07-08,4,18,True,False
U302606,lapsed,tier_2,2024-09-30,8,60,False,False
U302607,active,tier_1,2024-07-10,3,20,True,True
U302608,lapsed,tier_1,2024-05-03,5,135,False,False
U302609,high_frequency,tier_2,2025-03-24,21,4,False,True
U302610,high_frequency,tier_3,2024-11-29,14,3,True,False
U302611,new,tier_1,2025-03-19,0,9999,False,True
U302612,active,tier_1,2024-10-12,3,6,False,False
U302613,lapsed,tier_1,2024-10-31,4,130,True,False
U302614,active,tier_2,2024-04-04,4,9,False,True
U302615,high_frequency,tier_3,2026-02-21,19,2,False,False
U302616,high_frequency,tier_3,2025-08-05,14,4,False,True
U302617,high_frequency,tier_3,2024-09-29,14,3,False,True
U302618,active,tier_1,2025-11-14,8,16,False,False
U302619,lapsed,tier_1,2026-01-19,2,80,False,False
U302620,active,tier_3,2024-12-24,1,20,True,True
U302621,new,tier_2,2025-01-03,0,9999,True,True
U302622,lapsed,tier_2,2026-02-26,1,178,False,False
U302623,new,tier_2,2024-09-05,0,9999,True,False
U302624,lapsed,tier_1,2025-11-11,5,107,False,False
U302625,lapsed,tier_3,2024-10-26,5,76,True,True
U302626,high_frequency,tier_1,2025-08-16,21,3,True,False
U302627,lapsed,tier_1,2024-08-17,7,74,True,False
U302628,active,tier_2,2025-08-07,8,13,False,False
U302629,new,tier_1,2024-08-10,0,9999,False,False
U302630,lapsed,tier_2,2024-04-23,2,114,True,True
U302631,high_frequency,tier_1,2025-06-24,21,1,True,True
U302632,high_frequency,tier_2,2024-10-31,22,0,False,False
U302633,active,tier_2,2026-02-06,5,12,False,False
U302634,new,tier_1,2024-10-28,0,9999,True,True
U302635,lapsed,tier_2,2025-10-06,3,133,False,False
U302636,active,tier_3,2024-08-07,7,12,True,True
U302637,active,tier_1,2024-07-30,7,5,False,True
U302638,lapsed,tier_1,2025-03-11,1,171,False,False
U302639,active,tier_2,2025-10-17,3,14,False,False
U302640,lapsed,tier_1,2024-11-29,5,150,True,False
U302641,high_frequency,tier_3,2024-05-10,21,2,True,True
U302642,new,tier_2,2024-07-27,0,9999,False,False
U302643,active,tier_1,2024-10-06,3,6,False,False
U302644,lapsed,tier_3,2025-09-02,8,161,True,False
U302645,active,tier_1,2024-11-26,7,11,True,False
U302646,high_frequency,tier_2,2025-07-25,13,1,False,True
U302647,new,tier_1,2026-02-09,0,9999,False,False
U302648,lapsed,tier_3,2024-08-02,7,135,False,False
U302649,new,tier_1,2025-04-20,0,9999,False,False
U302650,high_frequency,tier_1,2025-07-16,21,2,False,True
U302651,new,tier_3,2025-12-07,0,9999,True,False
U302652,active,tier_2,2024-08-22,6,13,False,True
U302653,new,tier_1,2024-10-07,0,9999,False,False
U302654,high_frequency,tier_1,2024-05-05,17,2,True,True
U302655,high_frequency,tier_1,2024-06-14,22,1,True,True
U302656,lapsed,tier_1,2026-01-03,3,141,False,False
U302657,lapsed,tier_3,2025-08-19,6,131,False,False
U302658,active,tier_1,2025-07-26,8,14,False,True
U302659,active,tier_2,2025-11-18,8,19,True,True
U302660,lapsed,tier_2,2024-08-08,3,151,True,False
U302661,active,tier_1,2025-09-30,9,9,False,False
U302662,high_frequency,tier_1,2025-12-23,13,1,True,True
U302663,new,tier_3,2025-09-29,0,9999,False,True
U302664,lapsed,tier_2,2024-07-31,3,151,False,False
U302665,high_frequency,tier_2,2026-01-09,15,3,False,True
U302666,lapsed,tier_2,2025-11-13,3,98,False,True
U302667,lapsed,tier_2,2024-12-01,8,177,False,True
U302668,high_frequency,tier_1,2024-11-19,19,1,False,True
U302669,high_frequency,tier_1,2024-12-28,17,0,False,True
U302670,high_frequency,tier_1,2024-07-13,21,3,True,False
U302671,active,tier_1,2024-08-05,3,12,False,True
U302672,active,tier_2,2025-07-02,13,15,True,False
U302673,active,tier_2,2025-09-10,9,11,False,True
U302674,active,tier_1,2024-10-21,9,5,False,False
U302675,high_frequency,tier_3,2024-07-27,15,2,False,True
U302676,high_frequency,tier_1,2025-05-08,20,2,False,True
U302677,high_frequency,tier_3,2025-05-08,19,3,True,True
U302678,high_frequency,tier_2,2025-01-20,14,1,False,True
U302679,active,tier_1,2025-03-24,10,11,True,True
U302680,high_frequency,tier_1,2024-09-15,21,2,True,True
U302681,active,tier_1,2025-08-08,5,16,False,False
U302682,high_frequency,tier_1,2025-03-31,16,1,True,True
U302683,active,tier_1,2025-08-15,10,11,False,True
U302684,active,tier_1,2025-02-24,9,7,True,True
U302685,lapsed,tier_2,2025-03-23,4,103,False,False
U302686,lapsed,tier_1,2024-11-25,3,63,False,False
U302687,active,tier_1,2025-03-15,3,13,False,False
U302688,new,tier_1,2025-06-30,0,9999,True,False
U302689,lapsed,tier_2,2026-02-04,7,64,True,True
U302690,active,tier_1,2024-08-12,6,20,False,True
U302691,new,tier_3,2024-10-24,0,9999,True,False
U302692,active,tier_2,2024-10-06,5,15,True,False
U302693,active,tier_3,2025-03-26,4,6,False,False
U302694,lapsed,tier_2,2026-01-01,7,134,True,False
U302695,active,tier_1,2024-08-11,6,15,False,False
U302696,active,tier_1,2025-08-06,1,16,True,True
U302697,active,tier_2,2024-11-08,2,18,True,True
U302698,new,tier_2,2025-05-06,0,9999,False,False
U302699,lapsed,tier_1,2024-06-04,4,60,True,True
U302700,active,tier_3,2025-01-28,8,13,False,True
U302701,active,tier_2,2024-09-04,7,17,True,True
U302702,lapsed,tier_1,2025-11-04,2,112,True,False
U302703,new,tier_1,2025-07-22,0,9999,False,False
U302704,high_frequency,tier_2,2025-02-21,22,1,False,True
U302705,lapsed,tier_1,2024-11-14,3,130,False,False
U302706,high_frequency,tier_2,2025-08-21,16,4,False,True
U302707,lapsed,tier_1,2025-03-15,3,107,False,False
U302708,lapsed,tier_1,2024-05-14,7,67,True,False
U302709,high_frequency,tier_1,2025-04-21,15,0,False,True
U302710,active,tier_1,2025-08-16,7,3,True,True
U302711,active,tier_1,2026-02-21,7,13,True,False
U302712,lapsed,tier_1,2025-12-22,6,65,False,False
U302713,active,tier_3,2024-06-05,6,17,True,False
U302714,high_frequency,tier_1,2024-10-12,19,3,True,False
U302715,high_frequency,tier_3,2025-08-06,19,1,True,True
U302716,high_frequency,tier_1,2025-09-01,20,1,True,True
U302717,lapsed,tier_3,2025-09-05,4,64,False,True
U302718,lapsed,tier_2,2025-04-24,5,101,True,False
U302719,lapsed,tier_2,2026-01-01,4,122,True,False
U302720,active,tier_3,2025-02-17,8,10,False,False
U302721,high_frequency,tier_1,2025-11-06,17,1,False,True
U302722,lapsed,tier_2,2025-09-22,6,148,False,False
U302723,lapsed,tier_3,2026-02-11,5,77,True,True
U302724,high_frequency,tier_1,2025-12-26,26,4,True,False
U302725,active,tier_3,2025-06-15,2,7,True,True
U302726,new,tier_3,2025-09-26,0,9999,True,True
U302727,high_frequency,tier_1,2024-08-02,18,0,False,False
U302728,lapsed,tier_2,2025-10-28,2,94,True,False
U302729,lapsed,tier_1,2025-12-01,3,177,False,False
U302730,active,tier_1,2024-11-01,7,13,False,False
U302731,active,tier_1,2025-02-26,5,20,True,True
U302732,active,tier_2,2024-05-23,11,4,False,False
U302733,new,tier_2,2025-09-22,0,9999,True,False
U302734,active,tier_2,2024-05-26,3,20,True,True
U302735,high_frequency,tier_2,2025-01-21,25,1,True,False
U302736,active,tier_1,2025-11-19,5,3,True,False
U302737,new,tier_1,2025-06-11,0,9999,False,False
U302738,active,tier_3,2024-12-10,7,6,True,True
U302739,new,tier_1,2025-03-11,0,9999,True,False
U302740,lapsed,tier_1,2024-08-09,4,102,False,False
U302741,active,tier_3,2025-08-24,10,19,False,True
U302742,active,tier_1,2024-12-28,2,9,True,False
U302743,active,tier_1,2025-07-04,7,18,True,True
U302744,lapsed,tier_2,2026-01-20,1,137,True,False
U302745,lapsed,tier_2,2025-12-25,1,113,False,False
U302746,active,tier_2,2024-04-20,9,6,True,True
U302747,high_frequency,tier_3,2025-07-26,19,3,False,True
U302748,lapsed,tier_1,2024-12-10,4,138,True,False
U302749,active,tier_3,2026-02-05,5,20,False,False
U302750,high_frequency,tier_3,2025-05-01,23,2,False,True
U302751,lapsed,tier_2,2024-08-30,1,149,True,False
U302752,high_frequency,tier_2,2026-01-16,24,4,False,True
U302753,active,tier_1,2024-04-24,7,18,False,True
U302754,lapsed,tier_3,2025-04-22,5,162,False,False
U302755,new,tier_1,2025-12-28,0,9999,True,True
U302756,active,tier_3,2024-08-18,4,6,True,False
U302757,new,tier_1,2025-08-06,0,9999,False,False
U302758,active,tier_1,2025-04-03,7,11,True,False
U302759,active,tier_1,2024-04-16,6,12,True,True
U302760,active,tier_1,2024-08-08,6,20,True,True
U302761,active,tier_2,2024-06-28,9,8,True,True
U302762,new,tier_2,2025-04-14,0,9999,False,False
U302763,high_frequency,tier_2,2026-02-24,15,0,False,True
U302764,lapsed,tier_1,2025-02-15,3,110,True,False
U302765,active,tier_3,2025-11-04,5,6,False,True
U302766,active,tier_2,2024-06-21,1,19,True,False
U302767,active,tier_3,2024-12-30,7,15,True,True
U302768,active,tier_3,2024-06-23,5,14,False,True
U302769,lapsed,tier_1,2024-05-07,3,139,False,False
U302770,active,tier_1,2026-01-22,6,10,True,False
U302771,active,tier_2,2024-09-30,3,18,False,False
U302772,lapsed,tier_2,2024-10-25,3,61,True,True
U302773,active,tier_1,2025-07-26,3,5,True,True
U302774,active,tier_3,2025-02-15,4,4,True,True
U302775,active,tier_3,2024-06-01,2,19,False,True
U302776,high_frequency,tier_1,2026-01-01,15,2,False,True
U302777,active,tier_3,2024-06-03,4,3,True,True
U302778,active,tier_1,2025-12-12,8,13,True,True
U302779,lapsed,tier_1,2025-11-13,4,102,False,False
U302780,high_frequency,tier_1,2025-02-08,16,3,True,False
U302781,active,tier_2,2025-05-08,6,3,True,True
U302782,high_frequency,tier_2,2024-11-07,8,3,False,True
U302783,active,tier_2,2025-07-11,2,13,False,True
U302784,lapsed,tier_3,2024-05-05,5,98,True,False
U302785,high_frequency,tier_2,2024-04-18,18,3,True,True
U302786,active,tier_1,2025-09-02,3,5,True,True
U302787,active,tier_3,2025-10-04,4,3,True,False
U302788,high_frequency,tier_2,2025-05-10,19,1,True,True
U302789,new,tier_3,2024-04-10,0,9999,False,False
U302790,lapsed,tier_2,2025-12-26,5,176,False,False
U302791,lapsed,tier_1,2025-02-25,6,143,False,False
U302792,active,tier_1,2026-01-16,5,12,True,False
U302793,lapsed,tier_3,2025-08-28,7,161,False,False
U302794,active,tier_2,2025-05-18,6,17,True,True
U302795,new,tier_3,2024-09-21,0,9999,False,False
U302796,high_frequency,tier_2,2026-01-05,20,3,True,True
U302797,lapsed,tier_1,2025-01-06,1,144,True,False
U302798,high_frequency,tier_2,2025-04-14,18,2,False,False
U302799,high_frequency,tier_2,2024-08-19,17,1,False,False
U302800,active,tier_2,2026-03-01,4,9,False,True
U302801,active,tier_2,2024-07-10,3,8,True,False
U302802,high_frequency,tier_1,2025-05-20,15,4,True,True
U302803,new,tier_2,2025-07-31,0,9999,True,True
U302804,lapsed,tier_2,2024-11-21,3,155,True,False
U302805,active,tier_3,2024-09-04,4,5,False,True
U302806,high_frequency,tier_1,2025-04-24,20,2,False,True
U302807,new,tier_1,2025-10-22,0,9999,True,True
U302808,high_frequency,tier_1,2025-06-13,13,3,True,True
U302809,high_frequency,tier_3,2025-08-06,15,2,False,False
U302810,new,tier_1,2025-12-30,0,9999,False,False
U302811,high_frequency,tier_1,2025-08-24,16,2,True,False
U302812,lapsed,tier_1,2025-12-29,2,138,True,True
U302813,lapsed,tier_1,2025-02-23,5,123,True,False
U302814,active,tier_2,2024-07-26,5,15,False,False
U302815,lapsed,tier_3,2025-11-07,4,109,True,False
U302816,new,tier_3,2024-06-24,0,9999,False,False
U302817,active,tier_3,2024-10-11,5,15,True,False
U302818,new,tier_1,2025-07-24,0,9999,False,False
U302819,high_frequency,tier_3,2025-06-26,13,0,True,True
U302820,active,tier_2,2024-10-09,6,16,False,True
U302821,lapsed,tier_1,2025-10-30,2,138,False,False
U302822,active,tier_1,2026-03-01,3,12,True,False
U302823,lapsed,tier_1,2024-04-26,4,83,False,False
U302824,lapsed,tier_3,2024-08-29,2,138,False,False
U302825,new,tier_2,2025-08-25,0,9999,True,False
U302826,high_frequency,tier_1,2024-12-01,18,0,True,True
U302827,new,tier_1,2024-12-16,0,9999,False,False
U302828,new,tier_2,2025-06-25,0,9999,False,False
U302829,new,tier_1,2024-10-17,0,9999,True,False
U302830,lapsed,tier_3,2024-07-08,5,124,False,False
U302831,active,tier_2,2024-08-31,9,12,True,True
U302832,high_frequency,tier_2,2024-05-29,26,0,True,True
U302833,active,tier_3,2025-08-26,9,10,False,True
U302834,new,tier_1,2025-12-14,0,9999,True,True
U302835,active,tier_3,2025-08-04,9,15,True,False
U302836,active,tier_2,2025-01-05,5,12,True,False
U302837,high_frequency,tier_1,2025-04-09,10,1,False,True
U302838,lapsed,tier_1,2025-10-17,6,86,False,False
U302839,lapsed,tier_1,2025-06-22,4,134,True,True
U302840,lapsed,tier_2,2025-03-06,5,99,True,False
U302841,lapsed,tier_2,2025-09-07,1,165,True,False
U302842,active,tier_1,2024-07-01,8,18,True,False
U302843,new,tier_1,2025-04-20,0,9999,False,False
U302844,high_frequency,tier_2,2026-01-07,18,3,False,True
U302845,new,tier_2,2025-07-28,0,9999,False,False
U302846,active,tier_2,2025-07-28,6,9,True,True
U302847,lapsed,tier_2,2024-07-07,5,85,True,True
U302848,active,tier_3,2024-08-19,6,14,True,True
U302849,new,tier_2,2024-06-26,0,9999,True,True
U302850,high_frequency,tier_1,2025-12-17,26,1,True,False
U302851,new,tier_1,2025-10-01,0,9999,True,False
U302852,active,tier_3,2025-06-28,7,4,False,True
U302853,active,tier_2,2025-02-27,7,5,False,True
U302854,new,tier_1,2026-02-27,0,9999,True,True
U302855,lapsed,tier_2,2025-10-29,3,102,True,True
U302856,new,tier_3,2025-05-31,0,9999,False,False
U302857,new,tier_1,2025-06-26,0,9999,False,False
U302858,active,tier_2,2024-09-10,7,3,True,False
U302859,lapsed,tier_3,2025-06-01,0,138,False,False
U302860,lapsed,tier_3,2024-08-10,7,61,False,False
U302861,new,tier_2,2024-05-20,0,9999,False,True
U302862,active,tier_2,2025-03-05,4,16,True,True
U302863,lapsed,tier_2,2025-02-19,4,143,True,False
U302864,high_frequency,tier_1,2024-12-23,10,0,True,True
U302865,lapsed,tier_1,2025-08-24,2,108,False,False
U302866,active,tier_1,2024-09-10,5,13,True,False
U302867,high_frequency,tier_2,2025-11-26,19,3,False,True
U302868,high_frequency,tier_2,2026-02-19,12,3,False,False
U302869,active,tier_2,2025-02-04,6,17,True,True
U302870,active,tier_1,2025-12-30,3,20,True,True
U302871,active,tier_1,2024-06-11,7,16,True,False
U302872,new,tier_1,2025-11-22,0,9999,False,False
U302873,active,tier_1,2025-11-25,6,10,True,False
U302874,lapsed,tier_1,2026-02-08,0,89,True,False
U302875,active,tier_2,2025-07-26,5,10,True,False
U302876,high_frequency,tier_3,2024-09-14,17,4,True,True
U302877,lapsed,tier_3,2024-04-15,4,172,False,False
U302878,lapsed,tier_3,2024-07-07,1,89,False,False
U302879,new,tier_1,2024-08-17,0,9999,True,False
U302880,active,tier_2,2026-01-13,8,6,True,False
U302881,high_frequency,tier_1,2024-09-16,25,3,True,True
U302882,active,tier_1,2024-04-22,10,13,False,True
U302883,active,tier_1,2025-12-09,8,9,False,True
U302884,lapsed,tier_1,2024-05-25,4,163,False,False
U302885,new,tier_3,2025-07-16,0,9999,False,False
U302886,active,tier_2,2025-08-31,3,10,False,False
U302887,high_frequency,tier_2,2026-02-17,27,2,False,True
U302888,new,tier_3,2025-04-13,0,9999,True,True
U302889,lapsed,tier_2,2025-08-11,6,167,True,True
U302890,active,tier_1,2025-04-05,8,17,True,False
U302891,active,tier_2,2024-11-03,12,18,False,False
U302892,active,tier_1,2025-02-13,5,9,True,True
U302893,new,tier_1,2025-03-18,0,9999,True,False
U302894,new,tier_2,2025-06-18,0,9999,False,False
U302895,active,tier_2,2024-11-08,6,16,False,True
U302896,new,tier_3,2024-11-28,0,9999,False,False
U302897,lapsed,tier_2,2025-02-04,3,155,True,True
U302898,new,tier_2,2024-10-21,0,9999,True,True
U302899,high_frequency,tier_1,2025-06-03,15,2,True,False
U302900,lapsed,tier_2,2025-12-15,4,116,True,False
U302901,active,tier_1,2024-08-27,10,9,False,False
U302902,high_frequency,tier_1,2025-06-06,11,2,True,True
U302903,active,tier_1,2024-09-01,4,9,True,True
U302904,high_frequency,tier_3,2025-09-10,20,3,False,True
U302905,lapsed,tier_1,2024-04-26,2,70,True,False
U302906,high_frequency,tier_1,2026-02-21,21,2,True,False
U302907,active,tier_1,2026-01-07,10,5,True,True
U302908,new,tier_1,2025-09-08,0,9999,True,False
U302909,active,tier_3,2024-08-12,7,8,True,True
U302910,active,tier_1,2024-08-20,2,17,False,False
U302911,high_frequency,tier_3,2024-09-14,20,1,True,True
U302912,active,tier_2,2024-05-02,5,9,False,True
U302913,lapsed,tier_1,2025-03-25,7,132,True,False
U302914,active,tier_2,2025-06-20,11,19,True,False
U302915,lapsed,tier_1,2024-07-17,4,112,False,False
U302916,new,tier_2,2024-08-12,0,9999,False,False
U302917,active,tier_3,2024-06-27,6,7,True,True
U302918,high_frequency,tier_2,2024-12-03,9,2,False,True
U302919,new,tier_1,2026-01-31,0,9999,True,False
U302920,active,tier_2,2025-04-12,3,13,True,True
U302921,active,tier_1,2024-07-22,5,7,True,True
U302922,new,tier_1,2024-08-15,0,9999,True,True
U302923,lapsed,tier_3,2025-02-20,5,141,True,True
U302924,new,tier_1,2025-12-26,0,9999,False,False
U302925,lapsed,tier_3,2025-04-26,2,61,False,False
U302926,active,tier_2,2025-10-22,4,20,True,True
U302927,new,tier_1,2025-11-27,0,9999,False,False
U302928,new,tier_2,2024-07-16,0,9999,False,False
U302929,new,tier_3,2024-04-13,0,9999,True,True
U302930,lapsed,tier_1,2024-08-24,5,140,True,False
U302931,active,tier_1,2024-08-31,9,8,True,False
U302932,lapsed,tier_3,2025-07-02,3,85,False,False
U302933,high_frequency,tier_2,2025-10-03,21,3,True,False
U302934,new,tier_2,2025-09-24,0,9999,False,True
U302935,new,tier_1,2025-12-19,0,9999,False,False
U302936,active,tier_3,2025-12-02,6,17,False,False
U302937,new,tier_3,2024-05-21,0,9999,True,True
U302938,new,tier_2,2025-08-31,0,9999,True,True
U302939,active,tier_1,2025-11-13,6,17,True,True
U302940,new,tier_1,2026-01-16,0,9999,False,False
U302941,active,tier_2,2024-08-02,6,3,True,True
U302942,lapsed,tier_3,2025-05-14,3,152,False,False
U302943,lapsed,tier_3,2025-09-03,7,145,False,False
U302944,active,tier_3,2024-11-01,7,7,True,True
U302945,new,tier_1,2024-07-24,0,9999,False,False
U302946,lapsed,tier_1,2024-08-18,1,84,False,False
U302947,active,tier_2,2024-09-26,2,6,True,False
U302948,lapsed,tier_1,2026-01-04,8,81,True,False
U302949,high_frequency,tier_3,2025-10-29,22,0,True,True
U302950,active,tier_2,2025-09-23,12,5,True,False
U302951,lapsed,tier_2,2024-05-26,5,79,False,False
U302952,active,tier_1,2024-07-25,6,13,False,True
U302953,active,tier_2,2024-07-29,5,19,False,True
U302954,lapsed,tier_2,2025-11-01,6,157,False,False
U302955,active,tier_3,2025-04-25,3,12,False,True
U302956,active,tier_2,2024-12-29,4,12,False,False
U302957,active,tier_3,2025-05-07,5,12,True,False
U302958,active,tier_1,2025-10-30,5,10,False,True
U302959,lapsed,tier_1,2025-05-06,6,87,True,False
U302960,new,tier_2,2025-06-13,0,9999,False,False
U302961,high_frequency,tier_2,2024-05-02,19,4,False,True
U302962,high_frequency,tier_2,2024-11-07,22,2,False,True
U302963,active,tier_3,2024-12-28,9,11,False,False
U302964,new,tier_1,2025-07-02,0,9999,True,True
U302965,new,tier_1,2025-11-27,0,9999,True,False
U302966,active,tier_2,2024-07-23,9,7,True,False
U302967,active,tier_1,2025-10-06,9,16,True,False
U302968,new,tier_3,2024-09-02,0,9999,False,False
U302969,lapsed,tier_2,2025-09-22,6,149,True,True
U302970,active,tier_2,2025-05-12,6,9,True,True
U302971,new,tier_2,2024-11-05,0,9999,False,False
U302972,high_frequency,tier_2,2025-11-03,25,2,True,False
U302973,high_frequency,tier_3,2024-05-10,26,1,True,True
U302974,high_frequency,tier_1,2025-08-07,20,0,False,True
U302975,active,tier_1,2024-07-12,4,9,False,False
U302976,active,tier_2,2024-07-05,8,11,False,True
U302977,active,tier_3,2024-10-26,6,7,True,True
U302978,lapsed,tier_3,2024-08-26,5,103,False,False
U302979,active,tier_1,2024-09-10,5,12,True,True
U302980,high_frequency,tier_1,2024-04-11,19,1,True,False
U302981,active,tier_1,2024-07-29,6,18,True,True
U302982,high_frequency,tier_3,2024-05-18,12,0,True,True
U302983,new,tier_1,2024-06-17,0,9999,True,False
U302984,new,tier_1,2025-10-22,0,9999,False,False
U302985,active,tier_2,2025-02-18,5,15,True,True
U302986,lapsed,tier_1,2024-04-14,6,151,True,False
U302987,lapsed,tier_2,2024-06-29,4,99,False,False
U302988,active,tier_3,2025-08-13,3,18,False,True
U302989,active,tier_1,2024-12-02,7,12,False,True
U302990,lapsed,tier_3,2024-09-06,5,107,False,False
U302991,lapsed,tier_1,2025-05-15,3,168,True,False
U302992,active,tier_2,2024-12-25,5,12,False,True
U302993,active,tier_3,2025-01-13,6,16,False,True
U302994,lapsed,tier_2,2026-02-25,2,146,False,False
U302995,high_frequency,tier_3,2024-04-25,13,2,True,False
U302996,lapsed,tier_2,2024-10-06,2,109,False,False
U302997,active,tier_2,2025-06-21,8,8,False,False
U302998,high_frequency,tier_2,2026-02-18,11,0,False,True
U302999,active,tier_1,2026-02-21,8,18,False,True
U303000,lapsed,tier_2,2026-02-02,4,96,True,False
U303001,lapsed,tier_3,2025-01-02,4,175,False,False
U303002,active,tier_1,2025-03-12,4,11,False,False
U303003,lapsed,tier_3,2026-01-23,5,150,False,False
U303004,new,tier_1,2024-04-08,0,9999,False,False
U303005,active,tier_1,2025-09-13,6,12,False,False
U303006,lapsed,tier_2,2025-04-22,6,102,False,False
U303007,lapsed,tier_1,2024-09-07,2,94,False,False
U303008,high_frequency,tier_1,2024-08-05,13,2,True,True
U303009,lapsed,tier_1,2024-08-30,7,78,False,False
U303010,lapsed,tier_2,2024-04-17,3,135,True,False
U303011,high_frequency,tier_3,2025-01-10,17,2,True,True
U303012,lapsed,tier_1,2025-08-24,5,62,False,False
U303013,new,tier_1,2025-12-03,0,9999,False,True
U303014,high_frequency,tier_1,2025-10-14,21,1,False,True
U303015,high_frequency,tier_1,2025-05-17,23,0,True,True
U303016,high_frequency,tier_1,2025-11-12,17,1,True,True
U303017,active,tier_2,2025-09-21,4,6,False,True
U303018,lapsed,tier_2,2025-05-10,4,80,False,False
U303019,lapsed,tier_1,2025-10-26,3,127,True,False
U303020,lapsed,tier_1,2024-05-23,6,128,False,False
U303021,lapsed,tier_3,2025-12-13,2,68,False,False
U303022,lapsed,tier_1,2024-12-19,3,84,False,False
U303023,active,tier_3,2024-06-10,11,7,False,False
U303024,high_frequency,tier_1,2025-12-06,18,1,False,True
U303025,active,tier_3,2025-05-05,7,6,True,False
U303026,active,tier_3,2024-07-30,9,11,True,False
U303027,active,tier_1,2024-07-26,4,6,True,False
U303028,active,tier_2,2026-02-01,8,13,True,True
U303029,new,tier_2,2024-05-28,0,9999,False,False
U303030,new,tier_3,2025-06-27,0,9999,False,False
U303031,new,tier_1,2025-07-19,0,9999,False,False
U303032,lapsed,tier_1,2024-11-01,3,143,True,True
U303033,high_frequency,tier_2,2025-02-12,20,4,False,False
U303034,high_frequency,tier_2,2024-05-10,20,3,True,True
U303035,high_frequency,tier_1,2025-12-19,13,4,False,False
U303036,lapsed,tier_3,2024-10-04,4,166,False,False
U303037,active,tier_3,2024-10-16,10,10,True,False
U303038,active,tier_3,2024-07-05,7,15,False,False
U303039,active,tier_2,2024-11-17,6,11,True,False
U303040,high_frequency,tier_3,2025-12-24,22,0,True,False
U303041,high_frequency,tier_3,2024-12-30,25,0,True,True
U303042,active,tier_2,2024-07-08,7,11,False,True
U303043,new,tier_3,2025-06-08,0,9999,True,False
U303044,high_frequency,tier_1,2024-06-20,14,0,True,False
U303045,new,tier_3,2024-11-05,0,9999,False,False
U303046,lapsed,tier_1,2025-05-25,3,71,True,False
U303047,high_frequency,tier_2,2025-04-21,20,1,False,True
U303048,new,tier_1,2024-06-02,0,9999,True,True
U303049,lapsed,tier_3,2025-05-18,4,148,True,False
U303050,new,tier_2,2025-03-12,0,9999,True,False
U303051,active,tier_1,2024-08-29,6,12,False,True
U303052,active,tier_2,2026-02-05,9,15,False,True
U303053,high_frequency,tier_2,2024-11-30,17,2,True,True
U303054,lapsed,tier_1,2025-03-20,5,170,False,False
U303055,new,tier_2,2024-07-25,0,9999,True,False
U303056,lapsed,tier_2,2024-06-24,11,75,True,False
U303057,new,tier_2,2024-07-13,0,9999,False,False
U303058,active,tier_2,2024-12-20,4,12,True,True
U303059,new,tier_2,2025-05-04,0,9999,True,True
U303060,active,tier_3,2025-04-21,5,18,True,True
U303061,high_frequency,tier_1,2025-03-28,18,1,False,False
U303062,lapsed,tier_2,2025-02-16,9,72,False,False
U303063,lapsed,tier_1,2026-02-16,2,110,True,False
U303064,active,tier_1,2024-05-31,8,17,True,True
U303065,high_frequency,tier_3,2025-11-03,20,0,True,True
U303066,active,tier_1,2025-03-06,5,17,True,True
U303067,lapsed,tier_2,2024-11-15,2,94,False,False
U303068,lapsed,tier_3,2024-09-03,8,76,True,False
U303069,active,tier_1,2026-01-24,5,4,True,True
U303070,new,tier_2,2024-10-06,0,9999,False,False
U303071,active,tier_3,2025-12-12,4,7,False,True
U303072,active,tier_2,2024-10-29,2,5,True,True
U303073,lapsed,tier_2,2024-07-18,1,84,True,False
U303074,high_frequency,tier_2,2026-01-29,14,1,True,False
U303075,active,tier_2,2024-09-28,12,4,True,True
U303076,high_frequency,tier_3,2026-01-22,23,4,False,True
U303077,new,tier_2,2025-04-18,0,9999,True,False
U303078,lapsed,tier_1,2024-04-06,4,128,False,False
U303079,active,tier_2,2026-01-14,2,19,True,True
U303080,new,tier_2,2024-12-07,0,9999,True,True
U303081,active,tier_3,2025-05-10,3,3,False,True
U303082,active,tier_1,2025-09-08,4,8,False,True
U303083,active,tier_1,2024-09-05,7,6,True,True
U303084,active,tier_3,2025-03-25,5,15,True,False
U303085,lapsed,tier_2,2025-05-19,0,146,False,False
U303086,high_frequency,tier_3,2024-07-29,17,2,True,True
U303087,active,tier_2,2025-12-09,4,20,False,True
U303088,active,tier_3,2025-12-02,6,15,False,False
U303089,high_frequency,tier_2,2024-04-13,16,3,False,True
U303090,new,tier_1,2024-10-23,0,9999,False,False
U303091,new,tier_1,2024-09-21,0,9999,True,False
U303092,high_frequency,tier_1,2025-08-28,24,3,True,True
U303093,lapsed,tier_2,2025-04-20,4,74,True,True
U303094,lapsed,tier_3,2025-11-10,2,137,True,False
U303095,lapsed,tier_3,2025-10-23,6,161,True,False
U303096,new,tier_2,2024-09-25,0,9999,False,False
U303097,new,tier_1,2024-09-15,0,9999,True,True
U303098,high_frequency,tier_3,2024-09-04,22,1,True,False
U303099,lapsed,tier_1,2025-02-21,2,84,True,False
U303100,active,tier_3,2025-08-29,5,14,True,True
U303101,high_frequency,tier_1,2024-06-02,18,2,False,True
U303102,high_frequency,tier_2,2025-10-30,14,1,True,True
U303103,lapsed,tier_2,2025-01-25,3,83,True,False
U303104,high_frequency,tier_1,2025-09-27,16,1,True,True
U303105,active,tier_1,2025-04-15,5,12,True,True
U303106,lapsed,tier_1,2025-08-02,3,146,True,True
U303107,active,tier_2,2025-08-26,3,13,False,True
U303108,new,tier_1,2025-11-22,0,9999,False,False
U303109,active,tier_1,2024-04-02,5,16,False,False
U303110,active,tier_2,2024-10-27,9,14,True,True
U303111,active,tier_1,2024-08-14,4,3,False,True
U303112,active,tier_1,2025-09-08,9,18,False,True
U303113,high_frequency,tier_1,2025-03-08,25,1,False,True
U303114,high_frequency,tier_1,2024-11-01,18,4,False,True
U303115,active,tier_2,2024-05-24,7,16,False,True
U303116,high_frequency,tier_1,2024-09-18,21,4,True,True
U303117,new,tier_3,2025-01-03,0,9999,True,False
U303118,high_frequency,tier_2,2026-01-25,20,4,False,True
U303119,new,tier_1,2024-04-08,0,9999,True,False
U303120,lapsed,tier_1,2024-11-04,6,97,False,False
U303121,high_frequency,tier_1,2025-05-03,28,3,False,True
U303122,lapsed,tier_3,2024-05-18,4,137,False,False
U303123,high_frequency,tier_3,2025-12-29,11,4,False,True
U303124,active,tier_2,2025-03-05,6,19,True,False
U303125,active,tier_1,2025-01-25,3,8,True,True
U303126,lapsed,tier_2,2024-06-28,6,119,False,False
U303127,new,tier_1,2024-08-02,0,9999,True,True
U303128,active,tier_2,2024-05-15,5,12,False,False
U303129,lapsed,tier_3,2025-01-31,3,100,False,False
U303130,active,tier_1,2024-10-29,2,4,True,True
U303131,active,tier_2,2025-01-04,4,3,False,True
U303132,active,tier_2,2025-04-16,9,6,True,True
U303133,lapsed,tier_3,2026-01-14,5,152,True,False
U303134,lapsed,tier_2,2025-01-09,3,83,False,False
U303135,high_frequency,tier_2,2025-11-21,16,2,False,False
U303136,lapsed,tier_1,2024-12-14,3,70,False,True
U303137,lapsed,tier_2,2025-07-11,3,88,False,False
U303138,active,tier_3,2025-08-09,13,15,True,True
U303139,high_frequency,tier_1,2025-05-30,15,2,True,True
U303140,high_frequency,tier_2,2024-07-18,15,0,True,False
U303141,lapsed,tier_1,2025-10-29,5,114,True,False
U303142,lapsed,tier_2,2024-09-08,3,159,True,False
U303143,new,tier_3,2025-08-25,0,9999,False,True
U303144,active,tier_3,2025-08-07,3,14,True,True
U303145,high_frequency,tier_3,2025-07-18,23,3,True,False
U303146,lapsed,tier_1,2024-04-06,4,116,False,False
U303147,new,tier_1,2024-07-28,0,9999,False,False
U303148,new,tier_2,2025-03-13,0,9999,False,False
U303149,active,tier_1,2024-07-15,4,17,True,True
U303150,high_frequency,tier_1,2025-07-23,24,4,True,True
U303151,active,tier_2,2024-09-24,10,15,False,True
U303152,new,tier_2,2025-05-30,0,9999,False,False
U303153,active,tier_2,2025-05-21,11,10,False,True
U303154,lapsed,tier_1,2025-05-08,4,115,False,False
U303155,active,tier_1,2024-07-20,5,4,True,False
U303156,lapsed,tier_1,2026-03-01,2,175,True,False
U303157,high_frequency,tier_1,2025-11-06,21,2,False,False
U303158,high_frequency,tier_1,2024-07-19,22,3,True,True
U303159,active,tier_3,2025-01-11,4,11,False,True
U303160,new,tier_2,2024-07-01,0,9999,False,False
U303161,lapsed,tier_1,2024-10-07,4,151,False,False
U303162,high_frequency,tier_2,2025-05-13,18,0,False,True
U303163,lapsed,tier_1,2024-05-18,2,137,True,False
U303164,lapsed,tier_1,2024-06-11,5,120,True,False
U303165,high_frequency,tier_1,2024-08-11,18,0,False,True
U303166,new,tier_1,2025-01-18,0,9999,False,True
U303167,high_frequency,tier_1,2025-03-29,21,1,False,True
U303168,high_frequency,tier_1,2026-01-04,13,3,False,True
U303169,new,tier_3,2026-02-01,0,9999,True,True
U303170,active,tier_2,2025-04-09,8,18,False,False
U303171,lapsed,tier_3,2025-07-10,5,159,True,False
U303172,active,tier_1,2025-04-29,10,19,False,False
U303173,lapsed,tier_2,2026-01-19,5,60,True,True
U303174,active,tier_3,2026-02-08,3,15,True,True
U303175,active,tier_3,2024-05-06,6,3,False,True
U303176,lapsed,tier_1,2025-04-25,4,96,True,False
U303177,active,tier_1,2025-10-18,3,16,False,False
U303178,active,tier_2,2024-12-04,3,12,False,True
U303179,active,tier_1,2024-12-07,9,16,True,True
U303180,active,tier_3,2025-05-30,10,12,True,False
U303181,high_frequency,tier_2,2025-09-21,13,4,True,True
U303182,lapsed,tier_2,2024-09-01,3,116,True,True
U303183,active,tier_1,2025-10-15,8,19,True,True
U303184,active,tier_3,2024-10-16,8,7,True,True
U303185,lapsed,tier_1,2025-10-25,3,93,True,True
U303186,active,tier_2,2024-05-20,5,18,True,False
U303187,high_frequency,tier_1,2025-01-03,13,0,False,True
U303188,new,tier_3,2025-11-01,0,9999,True,False
U303189,active,tier_2,2025-11-21,8,8,True,True
U303190,lapsed,tier_3,2026-02-27,4,94,True,False
U303191,new,tier_2,2025-07-04,0,9999,False,False
U303192,active,tier_3,2026-01-06,4,9,True,False
U303193,new,tier_1,2025-02-27,0,9999,True,True
U303194,new,tier_1,2025-05-21,0,9999,False,True
U303195,lapsed,tier_1,2025-02-28,5,105,True,False
U303196,high_frequency,tier_1,2025-09-02,18,2,True,True
U303197,active,tier_3,2024-12-09,10,7,False,True
U303198,active,tier_3,2025-04-20,6,19,True,False
U303199,lapsed,tier_1,2026-03-01,5,74,True,False
U303200,new,tier_1,2024-08-10,0,9999,False,False
U303201,high_frequency,tier_1,2025-04-13,25,1,True,True
U303202,active,tier_2,2025-08-26,3,20,True,True
U303203,lapsed,tier_3,2025-04-06,5,153,False,False
U303204,active,tier_3,2025-07-02,5,4,True,True
U303205,high_frequency,tier_2,2024-12-28,20,1,True,True
U303206,new,tier_1,2025-06-06,0,9999,False,False
U303207,high_frequency,tier_2,2025-01-28,9,0,True,True
U303208,high_frequency,tier_1,2025-03-29,10,4,False,False
U303209,high_frequency,tier_1,2024-04-02,21,1,False,False
U303210,high_frequency,tier_1,2025-05-04,17,3,True,False
U303211,active,tier_1,2024-04-22,4,6,False,True
U303212,lapsed,tier_2,2025-06-01,6,119,False,False
U303213,high_frequency,tier_1,2024-10-03,15,1,True,True
U303214,high_frequency,tier_1,2025-10-06,26,1,False,False
U303215,high_frequency,tier_1,2025-03-25,17,3,False,True
U303216,active,tier_2,2024-06-12,11,19,False,False
U303217,high_frequency,tier_1,2025-08-26,22,3,False,True
U303218,active,tier_3,2025-12-11,2,4,True,True
U303219,active,tier_3,2025-09-06,4,19,False,True
U303220,active,tier_2,2025-05-01,5,18,False,True
U303221,lapsed,tier_2,2025-05-24,5,135,False,False
U303222,lapsed,tier_2,2026-01-07,2,62,False,True
U303223,lapsed,tier_2,2024-12-27,4,169,True,True
U303224,new,tier_2,2025-05-28,0,9999,True,True
U303225,lapsed,tier_1,2024-05-04,4,107,True,True
U303226,new,tier_2,2025-01-30,0,9999,False,False
U303227,active,tier_1,2024-12-09,5,7,True,False
U303228,lapsed,tier_2,2025-03-18,3,81,True,True
U303229,high_frequency,tier_1,2024-12-16,14,1,False,True
U303230,lapsed,tier_1,2025-12-07,3,150,False,False
U303231,active,tier_3,2024-05-05,7,9,False,False
U303232,new,tier_1,2024-09-18,0,9999,False,True
U303233,new,tier_1,2024-07-18,0,9999,False,False
U303234,lapsed,tier_1,2024-07-16,6,71,False,False
U303235,lapsed,tier_1,2025-05-08,3,176,True,False
U303236,lapsed,tier_1,2024-12-10,7,153,True,False
U303237,active,tier_2,2025-02-17,5,16,True,True
U303238,new,tier_1,2025-09-20,0,9999,False,False
U303239,lapsed,tier_1,2025-01-22,5,94,True,False
U303240,active,tier_1,2024-04-04,6,14,True,False
U303241,high_frequency,tier_2,2024-12-30,17,4,True,True
U303242,lapsed,tier_2,2026-02-04,2,71,False,False
U303243,lapsed,tier_3,2025-06-10,2,104,True,True
U303244,high_frequency,tier_2,2024-05-10,18,3,True,True
U303245,new,tier_1,2024-05-28,0,9999,True,True
U303246,active,tier_1,2025-07-30,3,10,False,False
U303247,active,tier_1,2024-05-08,9,11,True,True
U303248,active,tier_1,2024-05-04,8,11,False,False
U303249,lapsed,tier_3,2024-06-14,4,159,False,False
U303250,lapsed,tier_2,2025-07-13,5,70,True,True
U303251,new,tier_2,2025-11-06,0,9999,True,False
U303252,high_frequency,tier_2,2026-02-25,18,3,False,True
U303253,high_frequency,tier_1,2025-08-20,22,4,True,True
U303254,active,tier_1,2024-06-04,8,12,False,False
U303255,new,tier_1,2025-05-04,0,9999,False,False
U303256,active,tier_2,2024-08-27,5,6,False,True
U303257,active,tier_1,2024-10-12,7,4,False,True
U303258,new,tier_1,2024-07-17,0,9999,False,False
U303259,active,tier_2,2026-02-06,5,11,False,True
U303260,new,tier_2,2025-02-20,0,9999,False,True
U303261,lapsed,tier_2,2025-06-02,5,100,False,False
U303262,new,tier_3,2024-07-09,0,9999,True,True
U303263,active,tier_1,2024-05-08,7,17,True,True
U303264,new,tier_1,2026-01-05,0,9999,False,False
U303265,lapsed,tier_3,2024-04-16,2,151,True,False
U303266,new,tier_2,2024-12-20,0,9999,False,False
U303267,high_frequency,tier_1,2025-07-11,10,3,False,False
U303268,high_frequency,tier_1,2025-02-26,20,3,False,False
U303269,new,tier_2,2026-01-15,0,9999,False,True
U303270,active,tier_2,2025-01-25,10,12,True,True
U303271,active,tier_3,2025-09-26,4,10,False,True
U303272,active,tier_1,2024-11-16,4,11,False,False
U303273,lapsed,tier_1,2026-02-18,5,159,True,True
U303274,new,tier_2,2024-05-20,0,9999,True,True
U303275,active,tier_1,2025-03-29,4,17,False,False
U303276,high_frequency,tier_2,2025-04-17,17,4,True,True
U303277,high_frequency,tier_1,2024-06-17,13,4,True,True
U303278,active,tier_2,2025-07-18,1,4,True,True
U303279,lapsed,tier_1,2024-11-08,6,89,True,False
U303280,active,tier_1,2024-04-19,12,14,True,True
U303281,active,tier_1,2024-06-09,6,20,True,False
U303282,high_frequency,tier_2,2025-03-23,13,3,True,True
U303283,high_frequency,tier_1,2025-01-07,18,4,False,True
U303284,lapsed,tier_1,2024-05-30,4,131,False,False
U303285,new,tier_1,2025-09-16,0,9999,False,False
U303286,lapsed,tier_1,2024-08-31,4,172,False,False
U303287,new,tier_3,2025-12-13,0,9999,False,False
U303288,active,tier_1,2025-12-25,9,10,False,False
U303289,high_frequency,tier_3,2024-08-27,21,3,True,True
U303290,new,tier_2,2024-05-06,0,9999,False,False
U303291,active,tier_1,2024-08-15,4,18,True,True
U303292,lapsed,tier_2,2024-09-07,13,62,False,False
U303293,high_frequency,tier_1,2026-01-18,15,1,True,True
U303294,high_frequency,tier_3,2026-01-23,12,0,True,True
U303295,active,tier_1,2025-07-08,5,9,False,True
U303296,high_frequency,tier_3,2024-09-13,22,3,True,True
U303297,lapsed,tier_1,2024-04-06,8,169,True,False
U303298,lapsed,tier_1,2025-03-27,2,67,True,False
U303299,new,tier_2,2025-05-26,0,9999,True,False
U303300,lapsed,tier_1,2025-02-20,4,113,False,False
U303301,active,tier_1,2025-05-17,5,7,False,False
U303302,active,tier_1,2024-12-29,9,7,False,True
U303303,lapsed,tier_2,2024-11-02,3,70,False,False
U303304,lapsed,tier_2,2024-10-20,1,75,False,False
U303305,new,tier_2,2025-11-24,0,9999,True,False
U303306,lapsed,tier_2,2025-11-18,5,60,False,False
U303307,lapsed,tier_2,2025-05-25,9,64,True,False
U303308,high_frequency,tier_2,2025-01-22,23,0,False,True
U303309,active,tier_1,2024-09-04,6,9,True,True
U303310,active,tier_2,2024-12-01,10,13,True,True
U303311,active,tier_1,2026-02-14,3,13,False,True
U303312,lapsed,tier_1,2024-10-10,7,100,True,True
U303313,new,tier_1,2024-11-01,0,9999,True,True
U303314,high_frequency,tier_2,2024-10-04,19,2,True,True
U303315,high_frequency,tier_3,2026-01-01,19,3,False,False
U303316,lapsed,tier_1,2024-09-01,3,111,False,False
U303317,active,tier_3,2024-07-17,5,19,False,False
U303318,high_frequency,tier_1,2025-03-30,25,1,False,True
U303319,lapsed,tier_1,2024-10-30,2,138,False,False
U303320,new,tier_2,2025-07-22,0,9999,True,False
U303321,active,tier_2,2025-01-06,6,3,True,True
U303322,active,tier_1,2024-05-02,6,20,True,True
U303323,high_frequency,tier_3,2025-04-07,9,0,True,True
U303324,high_frequency,tier_3,2025-11-23,25,0,False,True
U303325,high_frequency,tier_1,2025-05-28,15,1,False,True
U303326,high_frequency,tier_2,2026-02-11,17,0,False,True
U303327,active,tier_1,2025-03-20,7,14,False,False
U303328,high_frequency,tier_1,2025-06-13,18,3,True,True
U303329,lapsed,tier_3,2025-02-15,5,68,True,False
U303330,new,tier_1,2025-09-10,0,9999,True,True
U303331,lapsed,tier_1,2025-10-24,2,87,False,False
U303332,lapsed,tier_1,2025-10-14,3,143,False,False
U303333,high_frequency,tier_1,2025-05-17,11,4,False,True
U303334,new,tier_2,2025-01-17,0,9999,True,True
U303335,new,tier_3,2024-04-17,0,9999,True,False
U303336,lapsed,tier_1,2025-12-08,7,135,True,True
U303337,active,tier_3,2026-02-23,7,9,False,True
U303338,active,tier_3,2024-08-30,6,18,False,True
U303339,active,tier_1,2025-12-24,3,18,False,True
U303340,high_frequency,tier_3,2025-09-08,16,2,True,True
U303341,new,tier_2,2025-01-08,0,9999,True,False
U303342,high_frequency,tier_2,2025-05-25,15,4,False,True
U303343,lapsed,tier_1,2025-09-07,3,109,False,False
U303344,active,tier_1,2026-02-04,3,3,False,True
U303345,active,tier_1,2025-12-30,6,8,True,True
U303346,new,tier_2,2025-07-07,0,9999,True,True
U303347,active,tier_1,2024-10-03,7,14,True,True
U303348,high_frequency,tier_2,2025-05-27,17,0,False,False
U303349,high_frequency,tier_2,2026-02-07,14,3,False,True
U303350,active,tier_2,2024-12-26,5,9,True,True
U303351,lapsed,tier_1,2024-07-10,5,115,False,False
U303352,high_frequency,tier_3,2025-08-23,25,1,False,True
U303353,active,tier_3,2024-07-27,2,18,False,True
U303354,active,tier_3,2025-04-08,4,13,False,False
U303355,new,tier_2,2025-03-21,0,9999,True,False
U303356,new,tier_2,2025-05-09,0,9999,False,False
U303357,lapsed,tier_1,2024-11-13,2,97,False,False
U303358,active,tier_1,2025-07-09,7,5,False,True
U303359,high_frequency,tier_3,2026-02-07,20,0,False,False
U303360,lapsed,tier_1,2025-09-17,7,124,False,False
U303361,lapsed,tier_1,2025-07-03,4,89,False,False
U303362,high_frequency,tier_3,2025-12-18,20,0,True,True
U303363,active,tier_2,2026-01-15,3,17,True,True
U303364,new,tier_1,2024-06-29,0,9999,True,False
U303365,lapsed,tier_1,2026-02-14,4,175,False,False
U303366,lapsed,tier_1,2024-05-16,5,142,True,True
U303367,lapsed,tier_1,2025-09-18,5,132,True,True
U303368,active,tier_1,2024-06-11,6,3,True,True
U303369,lapsed,tier_3,2026-02-12,4,141,True,True
U303370,active,tier_1,2025-02-24,6,11,True,False
U303371,lapsed,tier_1,2025-06-19,9,135,True,True
U303372,new,tier_2,2026-02-07,0,9999,True,False
U303373,active,tier_1,2024-08-24,10,7,False,False
U303374,new,tier_1,2024-11-24,0,9999,True,True
U303375,active,tier_2,2024-10-04,8,8,True,True
U303376,new,tier_1,2024-11-15,0,9999,False,False
U303377,active,tier_1,2025-07-03,6,3,True,True
U303378,lapsed,tier_1,2025-09-10,5,100,False,False
U303379,active,tier_3,2024-04-27,8,6,True,True
U303380,lapsed,tier_3,2025-08-12,4,116,True,False
U303381,lapsed,tier_3,2024-11-08,3,119,False,False
U303382,lapsed,tier_3,2025-12-29,5,82,True,False
U303383,lapsed,tier_3,2024-07-16,0,70,False,False
U303384,lapsed,tier_3,2025-10-27,8,100,False,False
U303385,active,tier_2,2024-11-14,5,13,False,False
U303386,high_frequency,tier_3,2025-05-19,16,3,False,True
U303387,active,tier_1,2025-11-14,7,18,False,True
U303388,active,tier_2,2025-05-14,8,18,True,False
U303389,active,tier_1,2025-08-07,5,12,False,True
U303390,active,tier_3,2025-11-03,6,12,True,True
U303391,lapsed,tier_1,2025-08-29,3,152,False,False
U303392,high_frequency,tier_3,2024-12-13,24,1,True,True
U303393,new,tier_2,2025-08-14,0,9999,False,False
U303394,high_frequency,tier_2,2024-06-28,17,4,False,True
U303395,active,tier_1,2025-02-21,6,17,False,True
U303396,active,tier_3,2025-07-26,5,10,True,True
U303397,active,tier_2,2024-06-24,4,5,False,True
U303398,active,tier_1,2025-12-31,3,19,False,True
U303399,active,tier_1,2026-01-25,3,3,False,True
U303400,lapsed,tier_3,2024-11-03,1,75,False,False
U303401,new,tier_1,2024-06-17,0,9999,False,True
U303402,new,tier_1,2025-05-14,0,9999,True,True
U303403,active,tier_2,2024-10-20,5,3,False,False
U303404,high_frequency,tier_2,2025-12-24,21,0,True,True
U303405,high_frequency,tier_2,2025-10-14,15,2,True,True
U303406,new,tier_2,2024-09-08,0,9999,False,True
U303407,high_frequency,tier_2,2025-12-13,14,1,False,True
U303408,new,tier_2,2024-04-10,0,9999,False,True
U303409,new,tier_1,2024-04-20,0,9999,False,False
U303410,high_frequency,tier_1,2024-10-21,23,4,True,True
U303411,active,tier_2,2025-05-26,5,18,True,False
U303412,active,tier_2,2025-10-07,12,10,False,True
U303413,high_frequency,tier_3,2025-01-30,15,0,False,False
U303414,active,tier_2,2025-12-25,8,11,True,False
U303415,lapsed,tier_2,2025-03-27,3,119,False,False
U303416,high_frequency,tier_1,2024-08-08,18,2,True,False
U303417,lapsed,tier_2,2025-05-16,5,155,True,True
U303418,active,tier_1,2025-12-11,6,16,False,True
U303419,active,tier_1,2025-07-10,8,10,False,False
U303420,new,tier_2,2025-06-18,0,9999,True,True
U303421,lapsed,tier_1,2025-02-20,2,119,True,False
U303422,active,tier_1,2025-07-08,7,16,True,False
U303423,lapsed,tier_2,2025-07-09,5,96,False,False
U303424,lapsed,tier_3,2025-07-17,8,124,True,False
U303425,active,tier_1,2025-06-01,11,17,False,True
U303426,active,tier_1,2024-07-14,7,14,False,False
U303427,new,tier_1,2025-10-10,0,9999,True,True
U303428,active,tier_3,2024-12-28,8,19,False,True
U303429,new,tier_2,2025-01-18,0,9999,False,False
U303430,active,tier_2,2025-08-14,9,3,False,True
U303431,new,tier_1,2024-05-13,0,9999,False,False
U303432,active,tier_2,2025-08-20,8,4,True,False
U303433,new,tier_3,2024-08-11,0,9999,False,True
U303434,high_frequency,tier_1,2025-01-27,17,4,True,True
U303435,lapsed,tier_1,2025-09-11,7,105,False,False
U303436,active,tier_1,2024-04-06,11,18,True,False
U303437,lapsed,tier_2,2026-01-16,4,161,True,False
U303438,high_frequency,tier_2,2025-03-26,24,4,False,True
U303439,lapsed,tier_2,2024-08-08,1,144,True,True
U303440,lapsed,tier_3,2025-12-02,5,66,True,True
U303441,high_frequency,tier_2,2025-05-10,24,2,True,False
U303442,lapsed,tier_1,2025-01-23,4,88,True,True
U303443,lapsed,tier_2,2024-12-21,4,160,True,False
U303444,new,tier_1,2024-09-12,0,9999,True,True
U303445,high_frequency,tier_1,2025-08-06,13,3,False,True
U303446,high_frequency,tier_1,2024-10-17,24,4,False,True
U303447,active,tier_2,2025-07-18,6,14,False,True
U303448,high_frequency,tier_2,2025-04-04,16,0,False,True
U303449,active,tier_1,2024-05-13,7,7,True,False
U303450,lapsed,tier_3,2025-02-09,4,68,True,False
U303451,lapsed,tier_3,2024-11-05,2,145,False,False
U303452,active,tier_1,2025-11-26,2,10,True,True
U303453,active,tier_1,2024-08-16,9,13,False,True
U303454,new,tier_1,2025-05-18,0,9999,True,True
U303455,active,tier_1,2025-10-23,5,16,True,False
U303456,active,tier_1,2024-05-16,7,11,True,True
U303457,lapsed,tier_2,2026-01-31,5,109,False,False
U303458,active,tier_1,2024-11-29,5,17,True,True
U303459,high_frequency,tier_2,2025-11-01,15,3,True,True
U303460,high_frequency,tier_3,2025-08-21,12,0,True,True
U303461,active,tier_3,2024-08-09,3,5,True,False
U303462,high_frequency,tier_2,2026-01-06,17,0,True,True
U303463,active,tier_1,2025-01-04,7,17,False,True
U303464,lapsed,tier_1,2025-06-18,6,117,False,False
U303465,high_frequency,tier_3,2025-07-29,12,4,True,True
U303466,high_frequency,tier_1,2025-05-26,26,3,True,True
U303467,high_frequency,tier_1,2025-11-17,29,4,True,True
U303468,high_frequency,tier_2,2025-02-01,19,4,True,True
U303469,active,tier_2,2025-07-29,6,15,True,True
U303470,lapsed,tier_3,2024-08-08,2,65,False,False
U303471,active,tier_1,2025-03-03,10,15,True,False
U303472,high_frequency,tier_2,2025-02-06,21,1,True,True
U303473,active,tier_1,2024-09-24,10,19,True,True
U303474,active,tier_1,2025-08-24,4,4,True,False
U303475,lapsed,tier_1,2025-01-08,3,136,False,False
U303476,lapsed,tier_3,2025-09-24,2,62,False,False
U303477,active,tier_1,2025-06-27,3,16,True,False
U303478,lapsed,tier_1,2025-05-08,4,150,True,False
U303479,active,tier_3,2024-07-01,3,11,True,False
U303480,high_frequency,tier_2,2025-10-22,13,3,False,True
U303481,lapsed,tier_1,2024-04-29,0,79,False,False
U303482,active,tier_1,2025-04-19,7,20,True,True
U303483,lapsed,tier_2,2025-10-19,7,145,False,True
U303484,lapsed,tier_1,2024-09-01,4,150,False,False
U303485,active,tier_2,2026-02-11,4,11,True,True
U303486,lapsed,tier_1,2026-01-20,3,126,False,False
U303487,active,tier_3,2025-03-25,7,18,False,True
U303488,new,tier_1,2025-10-19,0,9999,False,False
U303489,lapsed,tier_1,2025-03-20,7,178,True,True
U303490,new,tier_1,2025-12-18,0,9999,True,True
U303491,active,tier_2,2025-05-07,7,8,False,True
U303492,lapsed,tier_3,2024-07-08,3,101,False,True
U303493,active,tier_3,2025-09-15,7,18,False,False
U303494,active,tier_2,2024-12-21,7,14,True,False
U303495,high_frequency,tier_1,2025-05-14,23,3,True,False
U303496,high_frequency,tier_2,2024-10-27,19,4,False,True
U303497,active,tier_2,2025-01-02,2,12,True,True
U303498,new,tier_2,2026-01-24,0,9999,False,False
U303499,high_frequency,tier_1,2025-08-31,19,0,True,True
U303500,high_frequency,tier_1,2025-04-01,19,2,False,True
U303501,lapsed,tier_1,2026-01-12,2,120,True,True
U303502,active,tier_2,2024-08-29,9,18,True,True
U303503,lapsed,tier_3,2024-12-20,3,137,True,False
U303504,new,tier_3,2025-01-25,0,9999,True,False
U303505,high_frequency,tier_3,2026-01-05,14,4,True,True
U303506,high_frequency,tier_2,2025-02-23,17,1,False,True
U303507,new,tier_1,2025-01-11,0,9999,True,True
U303508,active,tier_1,2026-02-08,6,15,False,True
U303509,high_frequency,tier_1,2025-03-19,23,2,True,True
U303510,active,tier_3,2024-08-01,2,14,True,True
U303511,high_frequency,tier_1,2025-02-15,17,3,True,True
U303512,new,tier_1,2025-07-15,0,9999,True,True
U303513,new,tier_3,2024-04-26,0,9999,False,False
U303514,new,tier_2,2025-06-20,0,9999,True,False
U303515,active,tier_2,2025-09-12,2,12,False,True
U303516,lapsed,tier_2,2025-04-09,6,121,True,False
U303517,active,tier_2,2024-09-25,10,7,True,False
U303518,active,tier_3,2025-10-11,7,19,False,True
U303519,active,tier_3,2025-12-26,4,5,True,True
U303520,lapsed,tier_3,2025-11-11,1,113,False,False
U303521,active,tier_3,2024-06-21,9,3,True,False
U303522,high_frequency,tier_2,2025-12-12,23,1,True,True
U303523,new,tier_3,2025-12-29,0,9999,True,False
U303524,active,tier_3,2025-09-01,5,8,False,True
U303525,active,tier_3,2025-04-07,4,12,False,True
U303526,active,tier_1,2024-04-28,6,5,False,True
U303527,new,tier_1,2024-09-20,0,9999,True,False
U303528,active,tier_2,2025-08-25,6,12,False,False
U303529,lapsed,tier_2,2024-12-18,10,82,False,True
U303530,active,tier_1,2024-12-28,6,8,False,False
U303531,high_frequency,tier_3,2024-05-13,19,2,True,False
U303532,new,tier_1,2025-08-05,0,9999,True,False
U303533,high_frequency,tier_2,2024-04-02,17,3,True,True
U303534,high_frequency,tier_2,2024-11-28,21,3,True,True
U303535,lapsed,tier_3,2024-07-28,2,176,True,True
U303536,active,tier_2,2025-03-23,12,3,False,True
U303537,new,tier_1,2025-11-02,0,9999,True,False
U303538,new,tier_2,2024-09-03,0,9999,True,False
U303539,active,tier_1,2025-06-24,10,12,False,False
U303540,new,tier_2,2024-11-01,0,9999,False,False
U303541,lapsed,tier_2,2024-07-01,5,153,False,False
U303542,lapsed,tier_1,2024-09-25,6,72,False,True
U303543,active,tier_1,2024-05-02,5,12,True,False
U303544,lapsed,tier_2,2025-09-01,2,102,False,False
U303545,active,tier_1,2024-05-14,11,8,True,True
U303546,new,tier_3,2025-05-08,0,9999,True,False
U303547,high_frequency,tier_1,2025-04-18,17,0,False,False
U303548,new,tier_1,2025-11-19,0,9999,False,True
U303549,new,tier_1,2024-10-22,0,9999,True,False
U303550,new,tier_3,2025-04-21,0,9999,True,False
U303551,active,tier_2,2026-02-16,6,5,False,False
U303552,new,tier_2,2026-01-09,0,9999,True,True
U303553,active,tier_1,2025-07-12,5,19,False,True
U303554,high_frequency,tier_1,2025-10-22,22,3,False,True
U303555,active,tier_1,2024-11-17,6,19,False,True
U303556,new,tier_2,2025-02-24,0,9999,True,False
U303557,active,tier_2,2026-02-18,6,11,False,True
U303558,new,tier_2,2025-06-18,0,9999,True,False
U303559,high_frequency,tier_2,2025-09-28,13,3,True,True
U303560,active,tier_1,2026-02-05,14,9,False,False
U303561,high_frequency,tier_2,2025-09-09,17,3,True,False
U303562,lapsed,tier_2,2025-05-04,9,151,True,False
U303563,new,tier_3,2025-09-18,0,9999,True,True
U303564,lapsed,tier_1,2024-05-02,4,147,False,False
U303565,active,tier_2,2025-11-09,12,7,False,True
U303566,new,tier_2,2026-01-27,0,9999,False,False
U303567,active,tier_3,2024-09-28,5,13,False,True
U303568,new,tier_2,2025-03-01,0,9999,True,False
U303569,active,tier_1,2024-11-15,5,16,True,True
U303570,new,tier_1,2025-04-13,0,9999,True,True
U303571,active,tier_3,2025-09-23,5,9,True,True
U303572,active,tier_1,2024-09-09,5,15,True,False
U303573,high_frequency,tier_1,2024-12-04,18,2,False,True
U303574,active,tier_2,2025-02-04,7,4,True,True
U303575,new,tier_3,2025-10-01,0,9999,True,False
U303576,high_frequency,tier_1,2024-07-20,19,3,True,True
U303577,active,tier_2,2025-02-05,4,18,True,True
U303578,new,tier_2,2024-10-03,0,9999,True,True
U303579,lapsed,tier_2,2025-01-28,2,61,True,False
U303580,lapsed,tier_1,2025-11-10,4,95,False,False
U303581,lapsed,tier_2,2024-04-17,7,112,True,True
U303582,new,tier_2,2025-03-12,0,9999,True,True
U303583,new,tier_2,2025-02-11,0,9999,True,True
U303584,lapsed,tier_1,2024-09-17,5,150,True,False
U303585,active,tier_2,2026-02-24,10,7,False,True
U303586,active,tier_1,2024-07-19,11,15,False,False
U303587,active,tier_2,2024-06-28,6,3,False,True
U303588,active,tier_1,2025-08-05,5,9,False,True
U303589,new,tier_1,2025-08-15,0,9999,False,False
U303590,high_frequency,tier_2,2025-03-18,22,1,False,True
U303591,active,tier_1,2025-08-09,7,9,False,True
U303592,lapsed,tier_2,2026-01-22,5,164,False,False
U303593,new,tier_1,2024-11-06,0,9999,False,False
U303594,active,tier_3,2024-07-02,6,11,False,True
U303595,active,tier_2,2025-05-13,7,15,False,True
U303596,active,tier_3,2024-06-07,7,10,False,True
U303597,active,tier_1,2025-08-19,10,14,False,True
U303598,high_frequency,tier_1,2024-10-15,17,3,True,True
U303599,lapsed,tier_3,2026-02-17,4,119,False,False
U303600,active,tier_1,2025-11-29,3,9,True,True
U303601,high_frequency,tier_2,2026-01-24,15,2,True,True
U303602,lapsed,tier_1,2025-12-15,2,146,False,False
U303603,high_frequency,tier_2,2026-02-17,14,2,True,True
U303604,new,tier_3,2025-02-19,0,9999,True,False
U303605,active,tier_3,2024-05-11,11,9,False,False
U303606,lapsed,tier_2,2025-11-18,5,174,True,False
U303607,high_frequency,tier_1,2025-01-13,26,2,True,True
U303608,new,tier_1,2024-10-18,0,9999,True,False
U303609,new,tier_1,2025-09-03,0,9999,False,False
U303610,high_frequency,tier_1,2025-11-01,17,0,False,True
U303611,high_frequency,tier_3,2025-12-16,15,0,True,True
U303612,active,tier_1,2024-05-14,6,7,False,False
U303613,lapsed,tier_2,2024-11-10,4,62,True,False
U303614,active,tier_1,2025-08-13,7,14,True,True
U303615,new,tier_3,2025-02-09,0,9999,True,False
U303616,lapsed,tier_1,2025-10-25,1,117,True,True
U303617,lapsed,tier_1,2025-02-19,4,97,True,False
U303618,high_frequency,tier_1,2025-01-04,20,4,True,False
U303619,high_frequency,tier_1,2024-11-26,19,3,True,True
U303620,new,tier_2,2025-01-07,0,9999,True,True
U303621,high_frequency,tier_1,2025-07-09,18,4,False,False
U303622,active,tier_1,2024-05-21,6,15,True,False
U303623,new,tier_2,2024-10-04,0,9999,False,False
U303624,active,tier_2,2025-11-10,9,4,True,False
U303625,high_frequency,tier_2,2024-11-01,8,2,True,False
U303626,active,tier_3,2025-12-03,6,19,False,True
U303627,active,tier_1,2024-09-12,6,7,True,False
U303628,new,tier_2,2024-07-22,0,9999,True,True
U303629,lapsed,tier_2,2026-02-27,3,128,True,False
U303630,active,tier_1,2025-06-01,3,3,False,False
U303631,new,tier_3,2024-05-30,0,9999,False,False
U303632,lapsed,tier_2,2024-11-13,0,101,True,False
U303633,active,tier_1,2025-12-13,7,11,True,True
U303634,new,tier_1,2024-12-29,0,9999,True,False
U303635,high_frequency,tier_2,2024-05-15,18,4,True,True
U303636,active,tier_1,2024-09-27,6,10,False,True
U303637,active,tier_1,2025-09-29,5,11,False,True
U303638,high_frequency,tier_2,2024-04-27,22,4,False,True
U303639,lapsed,tier_1,2024-09-03,5,115,False,False
U303640,active,tier_2,2025-10-16,9,17,True,True
U303641,lapsed,tier_3,2025-08-21,9,88,True,False
U303642,active,tier_2,2024-04-24,12,8,True,False
U303643,high_frequency,tier_2,2024-10-25,22,3,False,False
U303644,new,tier_2,2025-10-17,0,9999,False,False
U303645,active,tier_3,2024-09-20,6,8,True,True
U303646,lapsed,tier_2,2024-11-27,7,80,True,True
U303647,active,tier_2,2024-11-07,7,19,True,False
U303648,active,tier_2,2024-12-26,3,15,True,True
U303649,lapsed,tier_1,2024-08-24,4,109,True,False
U303650,lapsed,tier_2,2024-04-17,5,167,True,False
U303651,high_frequency,tier_3,2025-02-05,18,3,False,True
U303652,new,tier_1,2024-11-10,0,9999,True,False
U303653,active,tier_1,2025-07-22,8,20,True,False
U303654,high_frequency,tier_1,2024-07-25,18,0,True,True
U303655,high_frequency,tier_1,2025-12-10,11,1,True,False
U303656,active,tier_2,2026-02-18,6,14,True,True
U303657,high_frequency,tier_1,2025-05-01,26,1,False,True
U303658,high_frequency,tier_1,2024-08-09,14,0,False,True
U303659,lapsed,tier_1,2024-11-26,3,62,True,False
U303660,lapsed,tier_3,2025-11-29,1,79,False,False
U303661,new,tier_1,2026-02-28,0,9999,False,False
U303662,lapsed,tier_3,2024-06-19,4,76,False,False
U303663,active,tier_1,2024-04-01,6,16,True,True
U303664,active,tier_2,2024-09-01,1,15,True,False
U303665,active,tier_1,2026-02-03,5,5,False,True
U303666,new,tier_2,2025-02-07,0,9999,False,False
U303667,lapsed,tier_1,2025-12-13,6,102,False,False
U303668,high_frequency,tier_2,2024-04-02,15,1,False,True
U303669,high_frequency,tier_3,2025-09-14,22,1,False,False
U303670,high_frequency,tier_3,2026-02-07,13,4,False,True
U303671,lapsed,tier_2,2025-11-11,3,179,False,False
U303672,high_frequency,tier_2,2025-01-15,19,1,True,True
U303673,lapsed,tier_1,2025-01-30,5,90,True,True
U303674,active,tier_1,2024-11-25,6,13,False,False
U303675,lapsed,tier_2,2024-10-17,2,92,False,False
U303676,active,tier_2,2025-06-24,5,17,True,True
U303677,new,tier_2,2025-06-05,0,9999,False,False
U303678,high_frequency,tier_2,2024-12-06,21,2,True,False
U303679,new,tier_2,2024-11-25,0,9999,True,False
U303680,lapsed,tier_1,2025-04-02,2,167,False,False
U303681,new,tier_1,2024-11-20,0,9999,False,False
U303682,active,tier_2,2025-04-04,7,10,False,False
U303683,lapsed,tier_2,2025-07-26,8,159,True,False
U303684,active,tier_1,2024-10-16,9,12,True,True
U303685,new,tier_2,2025-08-27,0,9999,False,False
U303686,active,tier_1,2026-02-01,5,13,False,False
U303687,high_frequency,tier_2,2025-09-16,16,2,False,True
U303688,high_frequency,tier_2,2025-06-30,15,3,False,True
U303689,high_frequency,tier_1,2025-03-24,17,0,True,False
U303690,high_frequency,tier_3,2024-08-18,21,3,True,True
U303691,lapsed,tier_3,2025-08-29,8,149,False,False
U303692,new,tier_1,2025-09-22,0,9999,True,True
U303693,high_frequency,tier_3,2025-07-20,20,1,False,True
U303694,high_frequency,tier_1,2026-02-08,26,0,False,False
U303695,high_frequency,tier_2,2025-06-26,20,3,False,True
U303696,active,tier_1,2025-12-23,2,4,False,False
U303697,new,tier_2,2025-05-02,0,9999,False,False
U303698,active,tier_2,2024-11-14,4,19,True,False
U303699,high_frequency,tier_2,2024-04-12,29,4,False,True
U303700,lapsed,tier_2,2024-11-22,6,117,True,False
U303701,new,tier_3,2025-11-28,0,9999,True,False
U303702,new,tier_2,2024-12-26,0,9999,True,True
U303703,new,tier_3,2025-10-30,0,9999,False,False
U303704,new,tier_1,2025-07-16,0,9999,True,True
U303705,new,tier_1,2025-09-20,0,9999,False,False
U303706,active,tier_1,2024-07-13,6,4,True,True
U303707,high_frequency,tier_1,2025-10-23,13,3,True,True
U303708,active,tier_2,2024-11-11,5,9,True,True
U303709,high_frequency,tier_1,2025-11-02,18,4,False,True
U303710,active,tier_1,2024-10-09,7,6,True,True
U303711,new,tier_1,2026-01-27,0,9999,True,False
U303712,new,tier_3,2024-10-26,0,9999,True,False
U303713,lapsed,tier_2,2026-01-11,5,127,False,False
U303714,active,tier_1,2024-12-18,8,7,True,True
U303715,high_frequency,tier_3,2025-04-05,26,1,True,True
U303716,new,tier_2,2025-08-06,0,9999,True,False
U303717,high_frequency,tier_1,2025-05-24,25,4,True,True
U303718,active,tier_2,2024-09-13,5,8,True,True
U303719,active,tier_1,2025-03-01,3,20,False,False
U303720,active,tier_3,2025-01-12,5,6,True,True
U303721,new,tier_1,2025-02-06,0,9999,False,False
U303722,active,tier_3,2024-06-06,5,20,False,False
U303723,high_frequency,tier_1,2025-11-06,26,0,False,True
U303724,high_frequency,tier_2,2024-11-21,12,1,True,False
U303725,high_frequency,tier_1,2025-04-08,24,0,True,True
U303726,lapsed,tier_3,2024-06-28,0,151,True,False
U303727,new,tier_2,2025-12-11,0,9999,True,False
U303728,new,tier_3,2025-12-24,0,9999,True,False
U303729,lapsed,tier_1,2024-10-04,2,109,True,True
U303730,lapsed,tier_1,2025-06-12,7,92,True,True
U303731,high_frequency,tier_1,2025-01-09,27,3,True,False
U303732,lapsed,tier_3,2025-02-18,4,71,False,True
U303733,active,tier_3,2024-09-05,6,3,False,True
U303734,active,tier_1,2024-07-09,10,5,False,True
U303735,lapsed,tier_2,2024-06-27,4,63,False,False
U303736,new,tier_2,2025-12-01,0,9999,False,True
U303737,lapsed,tier_1,2025-06-27,7,101,True,True
U303738,active,tier_1,2025-08-24,10,7,True,True
U303739,high_frequency,tier_2,2024-11-10,20,4,False,False
U303740,high_frequency,tier_1,2025-01-03,19,0,True,True
U303741,active,tier_2,2025-09-13,9,12,True,True
U303742,active,tier_2,2025-11-27,6,16,True,True
U303743,high_frequency,tier_3,2025-06-12,17,4,False,True
U303744,high_frequency,tier_2,2024-12-21,15,1,False,True
U303745,lapsed,tier_2,2025-01-16,5,128,True,False
U303746,high_frequency,tier_1,2024-11-13,20,4,False,True
U303747,lapsed,tier_3,2024-08-17,7,159,True,False
U303748,active,tier_2,2025-01-24,7,12,True,True
U303749,active,tier_2,2025-03-10,7,5,True,False
U303750,active,tier_1,2026-01-22,7,19,False,False
U303751,active,tier_1,2024-09-04,6,6,False,True
U303752,new,tier_3,2025-08-28,0,9999,False,False
U303753,lapsed,tier_2,2024-10-07,3,143,True,False
U303754,lapsed,tier_2,2025-10-12,2,133,False,False
U303755,lapsed,tier_1,2026-01-23,7,166,True,False
U303756,lapsed,tier_1,2025-07-02,0,108,False,False
U303757,high_frequency,tier_2,2024-12-11,14,0,True,True
U303758,active,tier_1,2026-02-09,4,18,False,True
U303759,active,tier_1,2025-10-24,7,12,False,False
U303760,new,tier_2,2024-09-07,0,9999,True,False
U303761,high_frequency,tier_2,2025-09-07,9,0,True,True
U303762,lapsed,tier_1,2025-08-04,2,170,False,False
U303763,active,tier_1,2024-10-27,4,18,True,False
U303764,active,tier_2,2025-03-27,5,13,False,True
U303765,high_frequency,tier_3,2025-09-16,22,2,True,True
U303766,lapsed,tier_1,2024-07-29,8,132,True,False
U303767,high_frequency,tier_3,2024-05-01,21,1,False,False
U303768,active,tier_3,2024-10-13,7,6,True,True
U303769,active,tier_2,2025-01-11,6,13,True,True
U303770,active,tier_2,2024-09-27,5,19,True,True
U303771,active,tier_1,2025-10-17,5,16,False,True
U303772,active,tier_1,2024-08-02,3,19,True,True
U303773,lapsed,tier_2,2024-09-17,2,92,True,False
U303774,high_frequency,tier_2,2024-12-15,19,2,False,True
U303775,active,tier_2,2025-09-01,9,12,True,True
U303776,high_frequency,tier_2,2025-08-01,20,4,False,True
U303777,lapsed,tier_1,2026-01-09,3,110,True,False
U303778,new,tier_1,2025-06-29,0,9999,False,False
U303779,active,tier_1,2025-08-13,5,20,True,True
U303780,lapsed,tier_2,2025-01-03,3,170,False,False
U303781,lapsed,tier_1,2024-08-11,3,171,True,True
U303782,active,tier_1,2024-04-20,12,13,False,False
U303783,high_frequency,tier_1,2024-06-22,11,0,True,True
U303784,active,tier_1,2025-02-11,9,9,False,True
U303785,lapsed,tier_1,2024-08-05,5,148,True,False
U303786,active,tier_2,2024-11-10,10,7,True,True
U303787,new,tier_3,2025-08-19,0,9999,False,False
U303788,lapsed,tier_2,2025-05-20,3,124,False,False
U303789,high_frequency,tier_1,2025-05-09,23,2,False,True
U303790,active,tier_2,2024-09-15,4,18,True,False
U303791,new,tier_2,2026-01-24,0,9999,False,True
U303792,high_frequency,tier_3,2025-11-07,18,3,False,True
U303793,active,tier_1,2024-10-20,4,9,False,False
U303794,active,tier_1,2025-12-30,6,10,True,True
U303795,active,tier_3,2026-01-14,5,19,True,True
U303796,lapsed,tier_1,2025-07-29,7,129,False,False
U303797,active,tier_1,2024-08-22,4,14,False,False
U303798,active,tier_2,2025-09-02,3,9,False,True
U303799,active,tier_3,2025-12-04,5,19,False,True
U303800,lapsed,tier_3,2024-04-04,3,72,False,False
U303801,lapsed,tier_3,2026-01-29,4,90,True,False
U303802,active,tier_3,2025-11-08,4,8,True,True
U303803,lapsed,tier_2,2024-07-17,5,135,True,True
U303804,lapsed,tier_1,2024-08-23,5,128,False,False
U303805,lapsed,tier_2,2025-03-06,2,63,False,False
U303806,lapsed,tier_3,2026-01-29,3,110,False,False
U303807,lapsed,tier_1,2026-03-01,10,157,False,False
U303808,lapsed,tier_3,2025-06-30,2,61,True,True
U303809,active,tier_2,2024-07-12,8,20,True,True
U303810,active,tier_2,2025-09-07,9,11,True,True
U303811,lapsed,tier_1,2026-01-29,5,68,True,True
U303812,high_frequency,tier_2,2025-06-08,23,2,False,False
U303813,new,tier_2,2024-09-29,0,9999,True,True
U303814,lapsed,tier_3,2024-10-13,3,170,True,True
U303815,active,tier_1,2025-08-15,11,18,True,True
U303816,active,tier_3,2024-05-06,8,14,True,False
U303817,high_frequency,tier_1,2025-06-15,24,3,False,True
U303818,active,tier_1,2025-05-11,2,11,False,True
U303819,lapsed,tier_1,2025-03-23,5,162,True,True
U303820,high_frequency,tier_1,2024-07-19,21,4,False,True
U303821,active,tier_2,2024-09-19,5,20,False,True
U303822,lapsed,tier_1,2026-01-25,6,165,False,False
U303823,active,tier_1,2025-07-08,3,15,True,True
U303824,active,tier_3,2025-11-09,4,6,True,False
U303825,lapsed,tier_3,2025-01-13,2,107,False,False
U303826,active,tier_1,2024-10-12,10,16,True,True
U303827,high_frequency,tier_2,2024-07-06,17,4,True,True
U303828,active,tier_2,2024-05-13,6,6,False,True
U303829,high_frequency,tier_1,2025-06-11,19,0,False,True
U303830,lapsed,tier_1,2025-07-27,6,151,False,False
U303831,lapsed,tier_1,2025-06-11,2,79,True,True
U303832,lapsed,tier_2,2026-02-04,7,133,False,True
U303833,lapsed,tier_2,2024-08-22,2,64,True,True
U303834,high_frequency,tier_1,2024-09-11,21,4,False,True
U303835,active,tier_3,2024-12-27,4,12,True,True
U303836,active,tier_3,2024-06-13,9,13,False,True
U303837,active,tier_2,2025-01-16,8,18,True,True
U303838,high_frequency,tier_1,2025-02-28,16,4,True,True
U303839,lapsed,tier_2,2024-09-04,3,128,False,False
U303840,lapsed,tier_1,2024-04-29,4,73,False,False
U303841,new,tier_1,2025-09-17,0,9999,True,False
U303842,new,tier_2,2024-05-16,0,9999,False,False
U303843,active,tier_3,2024-09-20,5,5,True,False
U303844,lapsed,tier_3,2025-04-22,3,90,True,True
U303845,high_frequency,tier_1,2025-05-17,24,2,True,True
U303846,active,tier_2,2024-09-21,5,18,True,False
U303847,lapsed,tier_1,2025-11-19,5,61,False,True
U303848,new,tier_1,2024-07-07,0,9999,False,False
U303849,lapsed,tier_2,2025-09-22,5,128,False,False
U303850,active,tier_2,2025-10-11,7,7,True,False
U303851,new,tier_3,2025-05-04,0,9999,True,False
U303852,high_frequency,tier_2,2025-02-23,16,0,True,True
U303853,lapsed,tier_1,2024-05-05,8,179,False,False
U303854,high_frequency,tier_2,2024-07-21,13,0,True,True
U303855,lapsed,tier_1,2024-12-24,6,170,False,False
U303856,active,tier_1,2024-09-16,8,9,True,True
U303857,high_frequency,tier_1,2024-11-20,21,3,True,True
U303858,new,tier_1,2025-11-18,0,9999,False,False
U303859,new,tier_3,2025-11-26,0,9999,True,True
U303860,high_frequency,tier_1,2025-09-20,19,3,False,False
U303861,new,tier_3,2025-09-06,0,9999,True,False
U303862,active,tier_1,2025-01-10,4,18,False,False
U303863,lapsed,tier_1,2024-07-18,5,114,True,True
U303864,active,tier_1,2024-09-09,6,11,False,False
U303865,active,tier_1,2025-03-22,6,19,True,True
U303866,lapsed,tier_3,2025-02-17,1,99,False,False
U303867,active,tier_2,2025-05-03,6,19,True,True
U303868,lapsed,tier_3,2025-09-10,6,92,False,False
U303869,new,tier_2,2025-07-26,0,9999,False,False
U303870,active,tier_3,2025-05-18,6,15,True,True
U303871,lapsed,tier_3,2025-04-18,3,75,False,False
U303872,lapsed,tier_3,2025-01-26,6,167,False,False
U303873,lapsed,tier_3,2026-02-23,8,84,True,False
U303874,active,tier_1,2025-04-21,10,5,False,True
U303875,active,tier_2,2024-04-05,5,17,False,True
U303876,new,tier_2,2024-12-22,0,9999,False,False
U303877,new,tier_2,2025-04-01,0,9999,False,False
U303878,active,tier_2,2026-01-31,3,4,True,True
U303879,lapsed,tier_2,2025-10-18,4,80,True,True
U303880,active,tier_2,2024-05-09,2,9,False,False
U303881,active,tier_1,2024-08-27,3,15,True,False
U303882,high_frequency,tier_2,2025-07-10,18,0,False,True
U303883,new,tier_2,2024-12-23,0,9999,False,False
U303884,lapsed,tier_3,2025-01-19,4,135,True,True
U303885,lapsed,tier_2,2025-01-30,3,178,True,False
U303886,high_frequency,tier_3,2025-06-30,14,0,False,True
U303887,high_frequency,tier_2,2024-06-02,20,2,False,False
U303888,lapsed,tier_2,2025-06-26,7,60,True,False
U303889,active,tier_3,2024-09-18,7,12,True,True
U303890,new,tier_3,2025-03-10,0,9999,False,False
U303891,lapsed,tier_2,2024-12-29,5,118,True,False
U303892,active,tier_1,2024-07-20,6,9,False,True
U303893,high_frequency,tier_2,2024-12-21,18,2,False,True
U303894,lapsed,tier_1,2025-10-27,2,164,True,False
U303895,new,tier_3,2024-09-08,0,9999,True,False
U303896,active,tier_1,2024-06-09,9,4,False,True
U303897,new,tier_2,2025-05-18,0,9999,True,False
U303898,active,tier_2,2025-09-30,8,9,True,True
U303899,active,tier_2,2026-01-21,8,10,True,False
U303900,lapsed,tier_1,2024-08-25,5,120,True,False
U303901,new,tier_1,2024-11-25,0,9999,True,False
U303902,new,tier_3,2025-06-08,0,9999,False,False
U303903,lapsed,tier_3,2026-02-21,5,107,True,False
U303904,lapsed,tier_2,2025-03-13,2,148,True,False
U303905,new,tier_2,2025-08-28,0,9999,False,False
U303906,active,tier_2,2024-11-16,3,20,False,False
U303907,lapsed,tier_1,2024-05-31,4,108,False,True
U303908,new,tier_1,2026-01-13,0,9999,True,False
U303909,active,tier_3,2025-07-18,7,13,True,True
U303910,high_frequency,tier_2,2024-10-16,16,2,False,True
U303911,new,tier_3,2025-12-09,0,9999,False,False
U303912,lapsed,tier_3,2024-06-07,3,118,False,False
U303913,active,tier_1,2024-06-18,7,8,False,False
U303914,high_frequency,tier_2,2024-10-27,21,2,True,False
U303915,lapsed,tier_3,2025-07-19,3,157,True,True
U303916,lapsed,tier_1,2026-01-01,2,142,False,False
U303917,high_frequency,tier_3,2024-08-14,19,2,False,True
U303918,new,tier_1,2025-01-02,0,9999,False,False
U303919,high_frequency,tier_3,2025-04-30,17,4,True,True
U303920,new,tier_1,2025-01-06,0,9999,True,False
U303921,high_frequency,tier_1,2025-11-12,17,0,False,False
U303922,high_frequency,tier_1,2026-02-07,18,2,False,True
U303923,lapsed,tier_2,2025-11-13,9,142,False,False
U303924,high_frequency,tier_1,2025-01-11,15,3,True,False
U303925,active,tier_3,2025-11-03,7,6,False,True
U303926,active,tier_2,2026-01-05,8,7,True,False
U303927,lapsed,tier_3,2026-01-13,6,61,False,False
U303928,high_frequency,tier_2,2025-08-27,18,2,True,True
U303929,lapsed,tier_1,2024-10-20,4,178,True,True
U303930,active,tier_1,2025-08-15,3,20,False,False
U303931,lapsed,tier_3,2025-05-22,5,81,True,False
U303932,active,tier_2,2025-03-12,9,15,False,False
U303933,new,tier_2,2025-05-29,0,9999,True,False
U303934,high_frequency,tier_3,2026-01-02,16,3,False,True
U303935,active,tier_2,2024-12-30,7,6,True,False
U303936,high_frequency,tier_1,2025-03-01,19,4,True,True
U303937,new,tier_2,2025-10-26,0,9999,True,True
U303938,active,tier_1,2024-09-29,11,4,True,True
U303939,active,tier_1,2025-06-28,10,10,False,False
U303940,new,tier_3,2024-11-09,0,9999,True,True
U303941,lapsed,tier_2,2025-10-15,3,83,True,False
U303942,active,tier_3,2026-02-07,7,11,False,True
U303943,lapsed,tier_2,2025-11-14,4,83,True,False
U303944,high_frequency,tier_2,2026-02-15,19,2,False,False
U303945,active,tier_3,2024-04-11,9,14,True,True
U303946,high_frequency,tier_2,2025-02-26,20,3,False,True
U303947,lapsed,tier_2,2025-05-09,4,116,False,False
U303948,lapsed,tier_1,2025-12-20,6,173,True,True
U303949,new,tier_3,2024-11-30,0,9999,False,False
U303950,lapsed,tier_2,2024-09-15,5,101,False,False
U303951,lapsed,tier_1,2024-04-27,1,167,True,False
U303952,new,tier_1,2024-09-21,0,9999,True,True
U303953,lapsed,tier_2,2026-01-21,4,81,True,False
U303954,new,tier_1,2024-09-12,0,9999,False,False
U303955,active,tier_2,2025-05-25,8,9,True,True
U303956,new,tier_3,2024-09-06,0,9999,False,False
U303957,high_frequency,tier_1,2025-08-09,17,4,False,True
U303958,lapsed,tier_2,2025-06-21,7,175,False,False
U303959,active,tier_1,2025-07-15,9,9,True,False
U303960,new,tier_1,2025-10-09,0,9999,True,False
U303961,high_frequency,tier_1,2025-07-05,14,2,False,True
U303962,lapsed,tier_1,2024-10-05,3,64,False,False
U303963,lapsed,tier_1,2024-04-06,4,89,False,False
U303964,active,tier_3,2024-11-11,10,7,True,True
U303965,active,tier_2,2025-12-18,5,4,False,False
U303966,active,tier_3,2025-12-14,5,13,True,True
U303967,new,tier_2,2026-01-30,0,9999,False,False
U303968,new,tier_2,2024-10-26,0,9999,True,False
U303969,new,tier_2,2024-09-13,0,9999,False,False
U303970,high_frequency,tier_1,2024-10-03,17,3,True,True
U303971,lapsed,tier_1,2025-06-30,5,65,False,False
U303972,active,tier_2,2025-02-04,6,14,True,False
U303973,active,tier_2,2024-08-01,7,12,True,False
U303974,high_frequency,tier_1,2025-12-05,14,1,True,True
U303975,new,tier_2,2025-10-02,0,9999,False,False
U303976,active,tier_3,2025-01-12,6,14,False,True
U303977,active,tier_1,2024-04-10,8,20,True,True
U303978,lapsed,tier_3,2025-08-22,8,156,True,False
U303979,active,tier_1,2025-10-15,7,17,True,False
U303980,new,tier_1,2025-12-06,0,9999,False,False
U303981,active,tier_3,2025-05-10,6,15,False,True
U303982,high_frequency,tier_2,2024-10-04,20,0,False,True
U303983,high_frequency,tier_3,2024-07-04,14,3,True,True
U303984,active,tier_1,2024-10-31,8,7,True,True
U303985,new,tier_1,2025-01-19,0,9999,True,True
U303986,new,tier_3,2024-06-16,0,9999,False,False
U303987,lapsed,tier_1,2024-09-06,5,176,True,True
U303988,active,tier_2,2025-09-04,11,14,False,False
U303989,lapsed,tier_1,2025-12-03,4,156,False,False
U303990,active,tier_3,2024-09-15,7,7,True,False
U303991,lapsed,tier_1,2025-07-24,4,126,True,True
U303992,high_frequency,tier_2,2024-05-23,16,3,True,True
U303993,active,tier_2,2025-04-17,4,13,False,True
U303994,high_frequency,tier_2,2026-01-18,18,4,True,True
U303995,active,tier_3,2025-11-14,6,8,False,False
U303996,new,tier_2,2024-11-29,0,9999,False,False
U303997,new,tier_2,2026-02-27,0,9999,True,False
U303998,lapsed,tier_2,2026-01-29,7,131,True,False
U303999,new,tier_2,2025-04-28,0,9999,True,False
U304000,lapsed,tier_1,2025-11-03,2,151,False,False
U304001,lapsed,tier_3,2025-08-17,3,172,True,True
U304002,new,tier_2,2025-11-26,0,9999,False,False
U304003,high_frequency,tier_3,2025-01-27,17,0,True,True
U304004,high_frequency,tier_1,2025-07-11,18,2,True,True
U304005,active,tier_1,2025-10-02,7,3,False,True
U304006,new,tier_3,2026-02-21,0,9999,False,False
U304007,active,tier_1,2026-01-04,7,6,False,True
U304008,lapsed,tier_1,2025-11-24,3,141,True,False
U304009,lapsed,tier_1,2025-07-30,4,65,False,False
U304010,high_frequency,tier_2,2025-09-12,21,0,True,True
U304011,active,tier_1,2024-12-06,10,11,False,False
U304012,active,tier_1,2025-08-11,4,15,True,True
U304013,active,tier_1,2025-04-05,10,9,False,True
U304014,active,tier_2,2025-12-06,9,6,False,True
U304015,new,tier_2,2025-06-12,0,9999,False,False
U304016,new,tier_1,2024-08-23,0,9999,True,True
U304017,active,tier_2,2025-11-02,6,7,False,True
U304018,active,tier_3,2024-11-20,3,16,False,True
U304019,new,tier_2,2025-10-04,0,9999,True,True
U304020,new,tier_1,2025-07-10,0,9999,False,True
U304021,active,tier_1,2025-02-22,5,14,True,False
U304022,new,tier_1,2025-04-24,0,9999,True,False
U304023,active,tier_2,2024-10-13,5,11,True,True
U304024,active,tier_2,2025-02-19,9,3,True,True
U304025,lapsed,tier_1,2024-05-04,5,78,True,False
U304026,lapsed,tier_1,2025-11-17,1,134,True,False
U304027,lapsed,tier_2,2025-02-24,3,72,True,False
U304028,lapsed,tier_2,2025-09-01,5,133,True,False
U304029,new,tier_1,2025-09-25,0,9999,True,False
U304030,new,tier_3,2024-12-11,0,9999,True,False
U304031,active,tier_2,2025-04-05,4,11,False,False
U304032,high_frequency,tier_1,2025-07-01,17,2,True,True
U304033,high_frequency,tier_3,2025-09-23,18,2,True,True
U304034,new,tier_3,2024-10-28,0,9999,True,True
U304035,active,tier_2,2026-01-15,8,14,True,True
U304036,active,tier_1,2024-08-21,5,19,True,False
U304037,high_frequency,tier_1,2024-05-30,16,1,True,True
U304038,lapsed,tier_1,2024-06-15,1,116,True,False
U304039,active,tier_1,2026-02-20,4,18,False,False
U304040,lapsed,tier_2,2025-07-15,9,161,True,False
U304041,new,tier_2,2024-05-28,0,9999,True,True
U304042,lapsed,tier_3,2025-02-02,6,102,True,False
U304043,lapsed,tier_3,2025-07-19,7,91,False,False
U304044,active,tier_1,2025-02-02,9,19,True,False
U304045,new,tier_1,2025-06-05,0,9999,True,False
U304046,high_frequency,tier_1,2025-11-26,17,1,False,True
U304047,high_frequency,tier_1,2025-01-31,12,0,False,True
U304048,lapsed,tier_2,2026-02-23,4,94,False,False
U304049,high_frequency,tier_1,2025-07-10,13,1,False,True
U304050,lapsed,tier_3,2024-11-19,3,88,False,False
U304051,high_frequency,tier_3,2025-05-02,16,4,False,True
U304052,active,tier_2,2025-11-04,3,3,False,False
U304053,high_frequency,tier_1,2024-08-26,12,4,True,True
U304054,high_frequency,tier_3,2025-05-04,15,4,True,False
U304055,new,tier_1,2025-04-21,0,9999,True,False
U304056,active,tier_2,2024-07-14,5,11,True,True
U304057,lapsed,tier_3,2024-08-19,2,96,False,False
U304058,active,tier_2,2025-05-04,5,11,False,False
U304059,active,tier_2,2025-12-16,6,16,True,True
U304060,lapsed,tier_2,2024-09-15,3,161,False,False
U304061,lapsed,tier_2,2025-02-14,6,60,False,False
U304062,active,tier_2,2026-02-05,5,20,True,False
U304063,active,tier_2,2024-09-10,6,7,False,True
U304064,new,tier_3,2025-04-19,0,9999,False,False
U304065,lapsed,tier_2,2025-07-24,3,139,False,False
U304066,active,tier_2,2024-07-28,8,3,True,False
U304067,lapsed,tier_1,2025-12-28,4,61,False,False
U304068,new,tier_2,2025-07-14,0,9999,True,False
U304069,new,tier_2,2025-05-10,0,9999,False,False
U304070,lapsed,tier_2,2024-05-08,7,134,True,False
U304071,new,tier_1,2024-10-11,0,9999,True,True
U304072,new,tier_1,2025-02-13,0,9999,True,True
U304073,new,tier_1,2026-01-23,0,9999,False,False
U304074,active,tier_3,2024-05-19,9,8,True,True
U304075,high_frequency,tier_3,2025-10-19,21,3,False,True
U304076,lapsed,tier_1,2025-03-24,5,95,False,False
U304077,lapsed,tier_1,2024-11-12,2,177,True,True
U304078,active,tier_2,2025-04-08,4,17,False,False
U304079,lapsed,tier_3,2024-06-17,4,79,False,False
U304080,active,tier_2,2024-10-27,7,11,True,True
U304081,lapsed,tier_1,2025-03-20,7,138,False,False
U304082,active,tier_2,2024-04-02,3,5,False,True
U304083,active,tier_3,2024-06-20,5,13,True,True
U304084,new,tier_1,2025-06-17,0,9999,True,False
U304085,lapsed,tier_2,2024-11-24,4,80,False,False
U304086,active,tier_1,2024-07-22,8,6,True,True
U304087,lapsed,tier_1,2024-12-30,4,154,True,False
U304088,new,tier_1,2024-06-03,0,9999,True,False
U304089,active,tier_3,2026-02-17,6,17,False,False
U304090,lapsed,tier_1,2024-06-14,2,160,False,False
U304091,lapsed,tier_3,2025-03-01,2,121,True,False
U304092,active,tier_1,2024-12-13,2,9,False,False
U304093,active,tier_2,2024-04-11,5,5,True,True
U304094,active,tier_2,2024-08-06,5,19,True,True
U304095,active,tier_2,2024-06-26,8,14,False,True
U304096,active,tier_1,2025-01-31,9,18,False,False
U304097,high_frequency,tier_2,2026-01-19,25,3,True,True
U304098,lapsed,tier_1,2025-03-06,1,87,False,False
U304099,active,tier_2,2024-11-30,6,9,True,False
U304100,active,tier_1,2025-10-18,7,3,False,True
U304101,active,tier_2,2025-11-03,9,4,False,True
U304102,lapsed,tier_1,2024-09-18,1,130,False,False
U304103,new,tier_1,2025-04-20,0,9999,False,False
U304104,new,tier_2,2025-08-05,0,9999,True,True
U304105,new,tier_1,2024-05-17,0,9999,True,True
U304106,lapsed,tier_2,2024-05-13,2,163,False,False
U304107,high_frequency,tier_2,2024-04-14,9,1,True,True
U304108,active,tier_1,2025-03-02,4,3,True,True
U304109,lapsed,tier_1,2025-02-12,2,156,False,False
U304110,active,tier_2,2024-12-03,8,20,False,True
U304111,active,tier_2,2025-11-26,4,20,True,True
U304112,active,tier_1,2025-05-17,6,12,False,True
U304113,high_frequency,tier_1,2025-03-11,21,4,False,True
U304114,active,tier_1,2025-03-11,5,15,True,False
U304115,high_frequency,tier_2,2025-04-22,18,4,False,True
U304116,active,tier_3,2025-05-25,11,14,False,True
U304117,lapsed,tier_1,2025-09-13,3,138,True,True
U304118,lapsed,tier_2,2024-10-13,6,177,False,False
U304119,high_frequency,tier_2,2025-01-26,13,2,True,True
U304120,active,tier_2,2025-02-28,7,14,True,False
U304121,high_frequency,tier_2,2025-03-02,15,3,True,True
U304122,active,tier_1,2025-05-05,7,13,True,True
U304123,new,tier_1,2026-02-09,0,9999,True,False
U304124,new,tier_2,2024-07-15,0,9999,False,True
U304125,active,tier_1,2025-03-29,4,12,True,True
U304126,high_frequency,tier_3,2025-06-25,15,2,False,True
U304127,high_frequency,tier_1,2024-08-27,19,0,True,True
U304128,active,tier_1,2025-03-02,4,7,False,True
U304129,new,tier_2,2025-12-29,0,9999,True,True
U304130,active,tier_1,2024-05-05,4,9,False,True
U304131,new,tier_3,2026-02-11,0,9999,True,False
U304132,lapsed,tier_1,2024-10-07,2,172,True,True
U304133,new,tier_3,2025-06-27,0,9999,False,False
U304134,active,tier_1,2025-02-14,5,17,True,True
U304135,new,tier_1,2025-10-31,0,9999,False,True
U304136,active,tier_1,2024-06-09,7,8,False,True
U304137,new,tier_3,2025-04-27,0,9999,True,True
U304138,new,tier_1,2025-01-02,0,9999,False,True
U304139,active,tier_1,2025-10-01,5,9,True,False
U304140,active,tier_1,2024-11-22,8,6,True,False
U304141,lapsed,tier_3,2025-03-22,7,103,True,False
U304142,active,tier_1,2026-01-04,3,12,True,True
U304143,high_frequency,tier_2,2025-06-10,21,2,True,False
U304144,active,tier_3,2025-09-24,2,18,False,True
U304145,high_frequency,tier_1,2024-12-09,15,2,True,True
U304146,active,tier_1,2024-10-23,5,14,False,True
U304147,high_frequency,tier_3,2024-09-17,19,1,True,True
U304148,active,tier_3,2025-07-17,6,16,False,False
U304149,new,tier_1,2025-08-27,0,9999,False,True
U304150,lapsed,tier_2,2024-09-20,3,106,True,False
U304151,lapsed,tier_1,2025-12-31,2,73,True,True
U304152,lapsed,tier_1,2025-04-01,4,176,True,False
U304153,high_frequency,tier_1,2025-12-16,20,3,False,True
U304154,active,tier_1,2024-10-14,1,16,True,False
U304155,active,tier_1,2024-10-24,6,3,False,True
U304156,new,tier_1,2025-03-13,0,9999,False,False
U304157,new,tier_2,2025-11-28,0,9999,True,False
U304158,active,tier_3,2025-09-05,8,10,False,False
U304159,high_frequency,tier_2,2025-04-09,22,1,False,True
U304160,new,tier_2,2025-03-05,0,9999,True,False
U304161,active,tier_1,2025-03-09,4,20,False,True
U304162,active,tier_2,2025-07-09,5,12,True,False
U304163,lapsed,tier_1,2025-02-20,7,120,True,False
U304164,lapsed,tier_1,2025-08-19,7,113,True,False
U304165,lapsed,tier_2,2025-07-16,3,74,True,True
U304166,lapsed,tier_2,2024-07-26,5,83,False,False
U304167,high_frequency,tier_2,2026-01-21,22,4,False,False
U304168,active,tier_1,2025-09-12,6,20,False,True
U304169,lapsed,tier_1,2025-07-02,6,95,False,False
U304170,active,tier_1,2024-10-04,3,18,True,False
U304171,active,tier_1,2024-12-09,8,11,True,True
U304172,new,tier_2,2025-02-16,0,9999,False,False
U304173,new,tier_2,2025-12-27,0,9999,False,True
U304174,lapsed,tier_1,2024-04-20,3,108,True,True
U304175,lapsed,tier_2,2025-11-26,7,166,True,False
U304176,active,tier_2,2024-06-29,4,17,True,True
U304177,lapsed,tier_2,2025-05-16,6,147,True,False
U304178,active,tier_1,2025-09-17,9,4,False,True
U304179,active,tier_3,2025-09-06,2,20,False,False
U304180,active,tier_1,2024-11-28,5,17,False,True
U304181,active,tier_2,2025-06-08,5,4,False,True
U304182,active,tier_1,2025-11-10,4,19,False,True
U304183,active,tier_1,2025-03-17,8,7,True,True
U304184,active,tier_1,2024-07-02,7,16,True,False
U304185,high_frequency,tier_1,2024-10-16,20,4,True,True
U304186,high_frequency,tier_1,2025-04-02,16,0,False,True
U304187,new,tier_1,2024-07-12,0,9999,False,False
U304188,active,tier_1,2024-06-26,1,14,True,False
U304189,new,tier_1,2024-04-23,0,9999,False,False
U304190,active,tier_2,2026-01-17,5,20,True,True
U304191,new,tier_1,2024-04-01,0,9999,True,True
U304192,lapsed,tier_1,2025-08-27,2,179,True,True
U304193,high_frequency,tier_1,2026-01-14,13,4,False,True
U304194,active,tier_1,2026-01-12,3,3,True,False
U304195,lapsed,tier_2,2025-06-16,4,109,False,True
U304196,high_frequency,tier_1,2024-04-06,14,4,False,True
U304197,high_frequency,tier_1,2024-10-04,20,1,False,True
U304198,active,tier_3,2026-02-07,8,16,True,False
U304199,new,tier_2,2025-01-25,0,9999,True,True
U304200,active,tier_2,2025-10-19,5,9,False,True
U304201,high_frequency,tier_1,2025-09-09,14,1,False,False
U304202,lapsed,tier_2,2025-05-07,2,110,True,False
U304203,high_frequency,tier_1,2024-08-01,26,4,True,True
U304204,high_frequency,tier_2,2026-02-12,18,4,False,False
U304205,new,tier_2,2025-09-08,0,9999,True,False
U304206,high_frequency,tier_1,2024-12-11,17,3,True,True
U304207,high_frequency,tier_1,2025-07-03,17,2,False,True
U304208,active,tier_1,2024-05-07,6,3,True,True
U304209,new,tier_3,2025-03-18,0,9999,True,False
U304210,high_frequency,tier_2,2025-10-24,16,1,False,True
U304211,high_frequency,tier_3,2024-04-08,18,1,False,True
U304212,high_frequency,tier_2,2024-10-05,13,3,True,True
U304213,new,tier_3,2025-04-21,0,9999,True,False
U304214,lapsed,tier_1,2026-01-17,10,131,True,False
U304215,high_frequency,tier_2,2025-05-27,11,4,False,True
U304216,active,tier_2,2025-06-13,3,15,True,True
U304217,new,tier_3,2024-12-28,0,9999,True,True
U304218,lapsed,tier_1,2025-05-08,3,151,True,False
U304219,active,tier_3,2025-08-11,5,12,False,False
U304220,high_frequency,tier_3,2025-04-16,20,0,True,True
U304221,high_frequency,tier_1,2025-08-12,25,0,True,True
U304222,new,tier_1,2025-12-28,0,9999,True,False
U304223,lapsed,tier_3,2024-10-04,4,173,True,True
U304224,new,tier_1,2025-08-08,0,9999,True,True
U304225,active,tier_1,2026-01-05,9,4,True,False
U304226,lapsed,tier_3,2025-07-01,1,172,True,False
U304227,active,tier_2,2024-11-03,7,5,False,False
U304228,lapsed,tier_2,2024-06-28,4,108,False,False
U304229,lapsed,tier_1,2025-07-17,4,122,True,False
U304230,active,tier_3,2025-09-15,4,6,False,False
U304231,lapsed,tier_1,2025-09-07,3,63,False,False
U304232,active,tier_3,2024-06-09,6,6,False,True
U304233,lapsed,tier_2,2025-11-26,7,78,False,False
U304234,high_frequency,tier_2,2024-12-24,16,3,True,True
U304235,new,tier_1,2024-11-27,0,9999,True,False
U304236,high_frequency,tier_3,2024-11-19,20,4,False,True
U304237,active,tier_1,2024-11-05,2,17,False,False
U304238,lapsed,tier_3,2024-05-14,4,122,False,False
U304239,active,tier_2,2024-07-28,8,8,False,False
U304240,active,tier_1,2025-11-27,9,15,True,True
U304241,high_frequency,tier_2,2024-04-26,22,2,False,False
U304242,active,tier_1,2025-11-21,4,12,False,False
U304243,high_frequency,tier_1,2024-04-12,15,4,False,True
U304244,active,tier_2,2025-08-11,3,20,True,True
U304245,lapsed,tier_2,2024-05-07,3,92,False,False
U304246,lapsed,tier_2,2025-09-26,2,121,True,True
U304247,lapsed,tier_1,2024-05-30,7,79,True,False
U304248,lapsed,tier_1,2025-05-08,5,135,False,False
U304249,high_frequency,tier_2,2024-07-28,20,0,False,True
U304250,lapsed,tier_1,2024-12-11,1,96,True,True
U304251,lapsed,tier_1,2025-11-12,5,68,False,False
U304252,high_frequency,tier_2,2025-10-07,18,2,True,True
U304253,high_frequency,tier_1,2025-10-29,15,4,False,True
U304254,new,tier_3,2024-08-08,0,9999,False,False
U304255,active,tier_1,2025-10-14,4,15,False,False
U304256,high_frequency,tier_2,2025-05-09,17,0,False,True
U304257,lapsed,tier_2,2025-05-30,5,136,False,False
U304258,lapsed,tier_1,2025-11-02,5,142,True,False
U304259,lapsed,tier_1,2024-04-30,6,115,False,False
U304260,active,tier_2,2025-05-14,6,11,False,False
U304261,high_frequency,tier_1,2025-01-16,16,3,False,True
U304262,lapsed,tier_1,2024-12-11,2,96,True,True
U304263,active,tier_2,2026-02-19,5,4,False,False
U304264,new,tier_1,2025-09-05,0,9999,False,False
U304265,active,tier_2,2024-05-22,2,5,True,True
U304266,lapsed,tier_2,2024-09-02,4,64,False,False
U304267,lapsed,tier_2,2024-11-13,1,95,False,False
U304268,lapsed,tier_1,2024-10-10,5,87,True,False
U304269,high_frequency,tier_2,2025-11-07,14,3,True,True
U304270,active,tier_1,2025-10-28,8,16,False,False
U304271,new,tier_1,2024-07-22,0,9999,True,True
U304272,new,tier_3,2025-02-25,0,9999,False,True
U304273,lapsed,tier_1,2024-12-24,3,95,True,False
U304274,high_frequency,tier_2,2025-10-22,13,2,True,True
U304275,active,tier_1,2025-07-17,6,14,False,True
U304276,active,tier_3,2024-07-29,7,17,True,False
U304277,high_frequency,tier_3,2024-12-18,21,4,True,True
U304278,active,tier_3,2025-09-06,8,15,True,False
U304279,high_frequency,tier_1,2024-11-06,21,0,True,True
U304280,high_frequency,tier_2,2024-04-04,17,3,True,True
U304281,active,tier_3,2025-10-04,4,14,False,True
U304282,active,tier_2,2025-10-04,6,14,True,True
U304283,lapsed,tier_1,2024-11-27,7,154,True,False
U304284,active,tier_3,2024-08-05,9,10,False,True
U304285,new,tier_3,2025-06-30,0,9999,False,False
U304286,new,tier_1,2024-04-16,0,9999,False,False
U304287,new,tier_2,2024-12-04,0,9999,False,False
U304288,new,tier_2,2025-10-26,0,9999,True,False
U304289,lapsed,tier_1,2024-06-25,3,112,True,False
U304290,active,tier_1,2024-11-22,7,5,True,True
U304291,new,tier_2,2024-08-11,0,9999,False,False
U304292,new,tier_1,2025-04-06,0,9999,True,False
U304293,active,tier_3,2025-05-04,6,12,False,True
U304294,lapsed,tier_3,2025-01-05,7,114,True,True
U304295,active,tier_1,2025-12-20,8,11,False,True
U304296,high_frequency,tier_1,2024-09-30,27,2,False,False
U304297,lapsed,tier_2,2025-08-19,2,107,False,False
U304298,lapsed,tier_1,2024-08-04,2,126,False,False
U304299,active,tier_3,2025-04-30,8,7,False,False
U304300,lapsed,tier_3,2025-12-08,3,75,False,False
U304301,high_frequency,tier_1,2026-02-15,25,2,True,True
U304302,high_frequency,tier_2,2025-01-23,19,1,False,False
U304303,high_frequency,tier_3,2025-05-09,24,4,False,False
U304304,lapsed,tier_2,2024-04-20,5,118,False,False
U304305,high_frequency,tier_1,2025-06-10,9,3,True,False
U304306,new,tier_1,2025-01-18,0,9999,False,False
U304307,new,tier_1,2024-09-12,0,9999,False,False
U304308,active,tier_1,2025-05-05,6,20,True,True
U304309,lapsed,tier_3,2024-05-30,3,154,True,False
U304310,active,tier_2,2025-11-08,3,9,False,True
U304311,high_frequency,tier_1,2024-05-28,23,3,True,True
U304312,active,tier_3,2024-07-26,5,10,False,False
U304313,lapsed,tier_2,2024-04-30,3,132,False,False
U304314,high_frequency,tier_2,2025-04-08,17,3,True,True
U304315,active,tier_2,2024-04-04,3,3,False,False
U304316,active,tier_1,2024-06-11,5,10,True,False
U304317,lapsed,tier_2,2024-05-13,5,60,True,True
U304318,active,tier_3,2026-02-08,10,12,False,True
U304319,high_frequency,tier_2,2024-08-26,10,0,True,True
U304320,lapsed,tier_2,2026-01-08,0,128,True,False
U304321,high_frequency,tier_2,2024-07-22,15,1,False,True
U304322,active,tier_2,2025-01-27,2,19,False,True
U304323,high_frequency,tier_2,2024-11-07,17,0,False,True
U304324,lapsed,tier_2,2025-01-24,0,103,False,False
U304325,lapsed,tier_2,2025-08-24,3,109,False,False
U304326,active,tier_1,2025-09-25,7,4,True,True
U304327,new,tier_3,2026-02-10,0,9999,False,False
U304328,new,tier_1,2025-10-12,0,9999,False,False
U304329,lapsed,tier_3,2025-11-08,4,172,False,False
U304330,high_frequency,tier_2,2025-10-29,17,2,True,True
U304331,active,tier_1,2024-11-14,3,12,True,True
U304332,high_frequency,tier_1,2025-02-21,11,4,False,True
U304333,active,tier_2,2025-12-08,2,6,False,False
U304334,lapsed,tier_2,2025-01-26,6,144,True,False
U304335,new,tier_3,2024-12-19,0,9999,False,False
U304336,high_frequency,tier_1,2024-06-14,14,4,True,False
U304337,active,tier_1,2024-08-30,3,3,False,True
U304338,new,tier_1,2024-06-03,0,9999,False,False
U304339,active,tier_3,2025-01-12,9,4,True,True
U304340,active,tier_2,2025-12-05,8,16,False,True
U304341,active,tier_1,2025-10-30,4,5,False,False
U304342,lapsed,tier_1,2025-09-24,8,139,False,False
U304343,lapsed,tier_3,2025-05-30,2,95,False,False
U304344,lapsed,tier_1,2024-06-12,3,142,True,False
U304345,lapsed,tier_3,2025-10-23,5,112,True,False
U304346,active,tier_1,2026-01-31,8,4,True,True
U304347,high_frequency,tier_1,2024-09-08,21,0,True,True
U304348,lapsed,tier_2,2025-05-28,3,143,True,True
U304349,active,tier_2,2024-12-11,5,20,False,True
U304350,active,tier_2,2024-09-08,3,16,False,True
U304351,new,tier_1,2025-03-06,0,9999,True,False
U304352,high_frequency,tier_2,2024-04-16,12,4,False,True
U304353,active,tier_1,2024-11-22,6,13,True,True
U304354,lapsed,tier_1,2025-03-18,7,118,True,False
U304355,new,tier_2,2025-01-13,0,9999,True,False
U304356,new,tier_1,2024-09-30,0,9999,True,True
U304357,active,tier_1,2025-11-29,6,5,True,False
U304358,lapsed,tier_1,2025-12-30,4,137,True,True
U304359,active,tier_1,2024-04-22,6,14,True,False
U304360,new,tier_2,2025-07-17,0,9999,True,False
U304361,active,tier_2,2025-09-07,8,18,True,True
U304362,high_frequency,tier_3,2025-03-20,10,0,True,True
U304363,active,tier_1,2025-04-13,9,16,False,False
U304364,high_frequency,tier_1,2025-01-20,19,1,True,True
U304365,high_frequency,tier_2,2025-12-12,17,1,False,True
U304366,active,tier_1,2024-09-02,6,11,False,False
U304367,high_frequency,tier_1,2024-04-17,18,3,False,True
U304368,high_frequency,tier_3,2024-12-17,19,2,True,False
U304369,high_frequency,tier_2,2025-03-19,15,0,False,True
U304370,new,tier_2,2024-06-03,0,9999,False,False
U304371,active,tier_3,2025-03-06,12,8,False,False
U304372,lapsed,tier_2,2025-07-12,2,139,True,True
U304373,active,tier_3,2024-09-22,3,20,False,False
U304374,lapsed,tier_1,2024-09-12,6,175,False,False
U304375,lapsed,tier_1,2026-02-21,6,150,False,False
U304376,high_frequency,tier_3,2025-03-23,19,0,True,True
U304377,lapsed,tier_1,2025-10-22,6,167,False,False
U304378,new,tier_1,2024-05-23,0,9999,True,False
U304379,active,tier_2,2025-09-13,10,14,True,False
U304380,new,tier_1,2024-11-18,0,9999,True,False
U304381,active,tier_1,2024-09-16,8,18,True,False
U304382,active,tier_2,2025-02-03,8,11,False,False
U304383,high_frequency,tier_2,2024-04-12,14,0,True,True
U304384,new,tier_2,2024-04-06,0,9999,False,True
U304385,lapsed,tier_2,2024-06-06,4,74,False,True
U304386,lapsed,tier_1,2025-02-23,3,104,True,False
U304387,active,tier_1,2025-09-06,7,7,True,True
U304388,new,tier_1,2024-10-31,0,9999,True,True
U304389,active,tier_2,2026-01-27,5,6,True,True
U304390,lapsed,tier_2,2024-09-24,8,84,True,True
U304391,active,tier_3,2024-08-03,6,16,True,True
U304392,new,tier_2,2024-06-27,0,9999,False,True
U304393,active,tier_1,2025-05-31,2,5,True,False
U304394,new,tier_1,2024-09-12,0,9999,True,True
U304395,active,tier_1,2024-04-30,7,10,False,False
U304396,active,tier_1,2025-09-19,5,16,False,True
U304397,active,tier_2,2025-06-12,7,6,True,False
U304398,active,tier_1,2024-10-23,10,15,False,True
U304399,active,tier_1,2025-02-16,6,15,False,True
U304400,active,tier_2,2024-06-27,5,14,True,True
U304401,active,tier_1,2025-03-30,6,20,True,False
U304402,lapsed,tier_2,2025-11-20,3,118,False,False
U304403,lapsed,tier_3,2024-11-16,4,136,True,False
U304404,active,tier_2,2025-05-24,5,4,True,False
U304405,active,tier_2,2025-07-14,9,6,True,False
U304406,lapsed,tier_3,2024-12-11,2,113,True,True
U304407,high_frequency,tier_3,2024-07-15,20,3,False,True
U304408,lapsed,tier_2,2024-06-28,6,95,True,True
U304409,active,tier_1,2024-07-22,6,5,True,False
U304410,new,tier_3,2024-12-17,0,9999,True,False
U304411,active,tier_2,2024-11-08,6,13,False,True
U304412,high_frequency,tier_3,2024-10-09,10,4,True,True
U304413,active,tier_3,2025-02-12,7,12,False,True
U304414,active,tier_2,2026-02-19,3,12,True,False
U304415,active,tier_2,2025-10-08,4,8,False,True
U304416,new,tier_2,2025-12-17,0,9999,True,True
U304417,lapsed,tier_1,2025-12-07,2,63,True,True
U304418,new,tier_1,2024-11-03,0,9999,True,False
U304419,new,tier_3,2024-04-13,0,9999,True,False
U304420,new,tier_1,2025-02-23,0,9999,True,True
U304421,new,tier_3,2025-02-23,0,9999,True,False
U304422,active,tier_2,2025-11-15,8,4,False,True
U304423,active,tier_1,2024-05-21,6,4,False,False
U304424,new,tier_3,2025-08-03,0,9999,False,False
U304425,lapsed,tier_2,2024-11-26,10,173,False,False
U304426,new,tier_2,2025-05-22,0,9999,True,True
U304427,high_frequency,tier_3,2024-09-27,14,1,False,True
U304428,new,tier_2,2026-02-16,0,9999,False,False
U304429,active,tier_1,2025-05-10,7,11,False,False
U304430,new,tier_2,2025-09-30,0,9999,False,False
U304431,lapsed,tier_2,2026-02-20,2,130,False,False
U304432,high_frequency,tier_3,2025-09-29,14,2,False,True
U304433,active,tier_1,2026-02-06,7,6,True,False
U304434,high_frequency,tier_1,2025-07-04,21,0,True,True
U304435,high_frequency,tier_2,2024-06-07,20,0,True,True
U304436,lapsed,tier_3,2025-10-05,2,145,True,False
U304437,lapsed,tier_1,2024-08-05,1,99,False,False
U304438,active,tier_3,2024-06-25,5,12,False,False
U304439,high_frequency,tier_1,2025-06-13,14,3,False,False
U304440,active,tier_2,2025-11-05,6,10,True,True
U304441,high_frequency,tier_3,2025-09-22,17,3,False,True
U304442,active,tier_1,2025-03-09,9,4,True,True
U304443,high_frequency,tier_2,2025-04-26,17,1,False,True
U304444,active,tier_2,2024-11-09,10,17,False,True
U304445,active,tier_2,2024-10-25,7,19,False,True
U304446,high_frequency,tier_3,2025-12-07,20,4,True,False
U304447,active,tier_3,2025-11-10,3,3,False,False
U304448,new,tier_1,2024-11-22,0,9999,False,False
U304449,high_frequency,tier_2,2025-01-13,16,1,True,True
U304450,high_frequency,tier_2,2026-01-12,21,3,True,True
U304451,active,tier_3,2025-11-19,8,14,True,True
U304452,high_frequency,tier_1,2025-04-17,20,3,False,True
U304453,new,tier_2,2024-04-23,0,9999,False,True
U304454,new,tier_2,2026-02-09,0,9999,False,False
U304455,lapsed,tier_1,2025-11-17,3,147,False,False
U304456,high_frequency,tier_3,2024-08-04,17,0,False,True
U304457,new,tier_3,2026-01-31,0,9999,False,False
U304458,lapsed,tier_1,2025-02-28,6,82,True,False
U304459,active,tier_1,2024-04-09,5,13,True,True
U304460,lapsed,tier_3,2025-05-23,6,121,True,False
U304461,active,tier_2,2025-07-27,7,6,False,False
U304462,high_frequency,tier_1,2025-10-14,24,0,True,True
U304463,active,tier_2,2025-01-24,4,11,True,False
U304464,active,tier_1,2024-06-15,8,17,True,False
U304465,active,tier_1,2024-06-16,4,10,False,True
U304466,lapsed,tier_2,2025-11-06,2,86,False,False
U304467,active,tier_1,2026-01-21,8,13,True,True
U304468,new,tier_2,2025-03-10,0,9999,True,False
U304469,high_frequency,tier_3,2025-07-08,21,4,False,True
U304470,active,tier_3,2025-04-05,7,9,False,False
U304471,new,tier_2,2024-12-12,0,9999,True,True
U304472,active,tier_3,2026-02-26,6,20,False,True
U304473,lapsed,tier_2,2024-05-21,3,88,True,False
U304474,active,tier_1,2025-12-29,5,13,True,True
U304475,active,tier_2,2026-01-26,6,14,True,False
U304476,active,tier_2,2025-08-11,2,11,True,True
U304477,lapsed,tier_1,2025-07-17,3,73,True,False
U304478,lapsed,tier_2,2025-09-19,6,67,True,True
U304479,new,tier_3,2025-06-08,0,9999,False,False
U304480,lapsed,tier_2,2024-06-05,5,170,False,False
U304481,high_frequency,tier_1,2025-12-21,14,2,False,True
U304482,high_frequency,tier_1,2024-04-12,22,1,True,True
U304483,active,tier_2,2025-04-26,6,10,True,False
U304484,active,tier_1,2025-01-18,6,6,False,False
U304485,active,tier_3,2024-07-16,7,3,True,True
U304486,new,tier_1,2025-07-11,0,9999,True,True
U304487,lapsed,tier_2,2025-11-28,4,158,True,True
U304488,lapsed,tier_2,2025-04-26,2,174,False,False
U304489,new,tier_2,2025-07-02,0,9999,False,True
U304490,high_frequency,tier_1,2025-07-11,19,0,False,True
U304491,high_frequency,tier_1,2025-09-03,9,3,False,True
U304492,active,tier_1,2025-08-07,3,4,True,True
U304493,active,tier_3,2024-07-22,6,17,True,False
U304494,active,tier_1,2024-11-24,4,20,False,True
U304495,high_frequency,tier_1,2025-05-07,21,1,False,True
U304496,active,tier_2,2025-09-25,9,11,True,False
U304497,new,tier_2,2025-10-16,0,9999,False,False
U304498,active,tier_2,2024-09-02,6,4,True,False
U304499,lapsed,tier_1,2024-05-18,3,138,False,False
U304500,new,tier_2,2024-07-16,0,9999,False,False
U304501,high_frequency,tier_3,2024-09-12,15,1,True,True
U304502,lapsed,tier_1,2025-06-11,9,65,True,False
U304503,new,tier_3,2024-06-25,0,9999,True,True
U304504,active,tier_1,2025-06-20,8,19,True,False
U304505,high_frequency,tier_1,2024-06-16,17,3,False,False
U304506,lapsed,tier_3,2024-05-28,3,128,True,False
U304507,new,tier_1,2025-04-12,0,9999,False,False
U304508,active,tier_3,2024-10-18,1,17,False,True
U304509,lapsed,tier_2,2025-04-26,3,107,True,True
U304510,high_frequency,tier_2,2025-09-27,20,3,True,True
U304511,active,tier_2,2025-11-08,5,7,True,False
U304512,lapsed,tier_3,2025-01-21,3,72,False,False
U304513,active,tier_3,2024-09-28,6,17,True,True
U304514,new,tier_2,2025-04-23,0,9999,True,True
U304515,lapsed,tier_1,2024-07-09,4,121,True,False
U304516,high_frequency,tier_3,2024-08-25,17,3,True,False
U304517,active,tier_1,2025-04-27,1,19,False,False
U304518,lapsed,tier_1,2024-12-10,3,127,True,False
U304519,high_frequency,tier_3,2025-07-01,20,2,True,True
U304520,high_frequency,tier_3,2024-11-03,17,0,True,True
U304521,active,tier_2,2024-05-01,6,3,True,False
U304522,new,tier_2,2025-03-16,0,9999,False,False
U304523,new,tier_1,2025-07-18,0,9999,True,False
U304524,new,tier_1,2024-09-16,0,9999,True,False
U304525,high_frequency,tier_2,2025-01-26,16,4,True,False
U304526,high_frequency,tier_1,2025-03-12,9,0,False,False
U304527,active,tier_2,2024-11-30,3,5,True,False
U304528,active,tier_1,2025-08-31,5,18,True,True
U304529,lapsed,tier_3,2024-06-25,2,98,True,True
U304530,lapsed,tier_1,2025-05-13,2,82,True,False
U304531,active,tier_1,2026-02-17,7,14,True,True
U304532,lapsed,tier_3,2025-03-26,2,67,False,False
U304533,new,tier_2,2024-04-05,0,9999,True,False
U304534,high_frequency,tier_3,2024-08-06,20,2,True,True
U304535,new,tier_3,2025-05-13,0,9999,True,True
U304536,new,tier_2,2024-10-24,0,9999,False,False
U304537,active,tier_2,2024-05-31,6,11,False,False
U304538,new,tier_3,2025-07-30,0,9999,False,False
U304539,high_frequency,tier_1,2025-07-29,14,3,False,True
U304540,lapsed,tier_1,2024-12-01,4,170,True,False
U304541,active,tier_1,2024-06-07,9,20,True,False
U304542,lapsed,tier_1,2025-08-02,5,139,False,False
U304543,high_frequency,tier_2,2025-03-29,20,0,True,True
U304544,new,tier_3,2024-07-19,0,9999,True,True
U304545,new,tier_1,2024-12-29,0,9999,True,True
U304546,active,tier_1,2024-06-22,8,9,True,True
U304547,high_frequency,tier_1,2024-10-16,19,1,False,True
U304548,high_frequency,tier_3,2024-12-14,15,0,True,True
U304549,lapsed,tier_1,2025-07-31,3,86,True,False
U304550,active,tier_1,2025-12-21,9,6,False,True
U304551,new,tier_3,2025-04-24,0,9999,True,False
U304552,new,tier_1,2025-05-16,0,9999,False,False
U304553,lapsed,tier_1,2026-02-03,2,135,False,False
U304554,lapsed,tier_2,2025-01-26,4,136,True,False
U304555,lapsed,tier_2,2025-02-17,4,164,False,False
U304556,new,tier_3,2026-02-24,0,9999,True,False
U304557,high_frequency,tier_2,2025-04-09,13,4,True,True
U304558,lapsed,tier_2,2024-07-28,4,101,False,False
U304559,high_frequency,tier_2,2025-03-17,16,3,True,True
U304560,active,tier_2,2024-11-08,5,12,True,True
U304561,new,tier_1,2024-11-11,0,9999,True,False
U304562,new,tier_2,2025-10-03,0,9999,False,True
U304563,active,tier_1,2024-05-11,12,13,False,True
U304564,active,tier_2,2024-07-11,8,17,False,False
U304565,lapsed,tier_2,2025-03-29,4,118,False,False
U304566,active,tier_1,2024-05-07,4,9,True,True
U304567,active,tier_1,2025-07-26,2,16,True,True
U304568,high_frequency,tier_1,2025-09-14,20,2,True,True
U304569,lapsed,tier_1,2024-06-30,1,139,False,True
U304570,high_frequency,tier_2,2024-05-17,23,3,False,True
U304571,new,tier_1,2025-01-04,0,9999,True,False
U304572,high_frequency,tier_1,2025-08-08,25,2,True,True
U304573,active,tier_1,2024-12-25,8,14,False,True
U304574,active,tier_1,2024-11-14,3,17,False,False
U304575,active,tier_1,2024-06-15,9,11,True,False
U304576,active,tier_2,2025-04-02,3,15,True,False
U304577,lapsed,tier_1,2025-07-12,2,91,True,False
U304578,active,tier_3,2025-10-03,7,19,False,True
U304579,high_frequency,tier_2,2024-05-17,17,3,False,False
U304580,lapsed,tier_3,2025-04-25,0,119,True,True
U304581,active,tier_2,2025-10-11,9,17,True,True
U304582,lapsed,tier_3,2026-02-27,0,168,False,False
U304583,new,tier_1,2025-09-25,0,9999,True,False
U304584,new,tier_1,2025-09-17,0,9999,False,False
U304585,new,tier_1,2024-06-07,0,9999,False,False
U304586,active,tier_3,2024-10-26,4,9,True,True
U304587,lapsed,tier_1,2024-05-30,5,112,False,False
U304588,active,tier_2,2024-05-18,11,9,False,True
U304589,new,tier_2,2025-12-07,0,9999,False,True
U304590,active,tier_2,2024-12-27,4,16,False,True
U304591,lapsed,tier_2,2025-12-30,2,71,True,False
U304592,high_frequency,tier_2,2026-02-15,19,1,True,True
U304593,active,tier_1,2025-05-26,6,5,True,True
U304594,new,tier_1,2025-11-09,0,9999,True,True
U304595,high_frequency,tier_1,2025-07-06,12,4,True,True
U304596,lapsed,tier_1,2025-04-03,4,130,False,False
U304597,new,tier_2,2024-06-25,0,9999,True,True
U304598,active,tier_1,2025-05-17,4,13,True,False
U304599,active,tier_2,2024-11-30,7,6,True,True
U304600,active,tier_1,2025-08-20,8,18,False,True
U304601,lapsed,tier_2,2026-02-07,5,161,True,True
U304602,active,tier_3,2024-05-02,6,6,True,True
U304603,lapsed,tier_1,2025-11-23,4,177,False,False
U304604,active,tier_1,2025-02-19,5,3,True,True
U304605,lapsed,tier_2,2025-12-08,4,73,False,False
U304606,lapsed,tier_3,2025-07-11,3,121,True,False
U304607,lapsed,tier_3,2024-05-29,5,160,True,True
U304608,active,tier_1,2024-11-27,5,16,True,True
U304609,lapsed,tier_2,2024-07-28,2,110,True,True
U304610,new,tier_1,2025-07-07,0,9999,True,False
U304611,new,tier_1,2024-10-29,0,9999,True,False
U304612,active,tier_1,2024-11-17,5,15,False,True
U304613,active,tier_2,2025-07-31,4,15,True,True
U304614,high_frequency,tier_2,2025-02-20,17,2,True,False
U304615,new,tier_1,2024-07-19,0,9999,False,True
U304616,active,tier_1,2025-10-04,8,12,False,False
U304617,high_frequency,tier_2,2024-10-17,23,1,False,True
U304618,new,tier_2,2024-10-15,0,9999,False,False
U304619,active,tier_1,2025-08-21,9,13,False,True
U304620,active,tier_2,2025-05-26,7,18,True,True
U304621,active,tier_3,2024-08-31,7,18,False,True
U304622,lapsed,tier_1,2025-02-04,3,67,True,False
U304623,lapsed,tier_1,2025-07-02,6,71,True,False
U304624,lapsed,tier_2,2025-09-19,4,159,False,False
U304625,active,tier_1,2024-05-22,7,17,False,True
U304626,new,tier_1,2025-12-06,0,9999,False,False
U304627,lapsed,tier_2,2024-06-01,2,163,True,True
U304628,active,tier_2,2025-03-14,4,11,True,True
U304629,lapsed,tier_2,2025-06-15,6,157,True,True
U304630,active,tier_3,2025-09-01,5,20,False,False
U304631,new,tier_1,2024-04-18,0,9999,False,True
U304632,lapsed,tier_2,2025-04-17,5,63,True,False
U304633,lapsed,tier_2,2024-11-21,2,154,True,False
U304634,high_frequency,tier_2,2024-04-12,11,1,False,True
U304635,high_frequency,tier_2,2024-09-25,23,4,False,True
U304636,new,tier_1,2025-05-22,0,9999,False,False
U304637,new,tier_2,2026-01-02,0,9999,True,False
U304638,new,tier_2,2024-12-21,0,9999,False,True
U304639,active,tier_3,2024-06-21,5,13,False,True
U304640,active,tier_1,2026-01-29,6,3,True,True
U304641,high_frequency,tier_3,2025-05-30,14,0,False,True
U304642,high_frequency,tier_1,2025-03-12,21,3,False,False
U304643,lapsed,tier_3,2025-01-12,5,137,False,False
U304644,high_frequency,tier_3,2024-11-15,17,3,False,False
U304645,new,tier_2,2024-12-10,0,9999,True,True
U304646,new,tier_1,2025-06-09,0,9999,True,False
U304647,active,tier_1,2025-08-16,4,3,False,True
U304648,active,tier_1,2025-02-13,7,17,False,False
U304649,lapsed,tier_2,2024-05-10,9,73,True,False
U304650,active,tier_2,2025-06-23,5,9,True,False
U304651,high_frequency,tier_1,2025-06-26,22,2,False,True
U304652,active,tier_2,2025-09-02,0,13,True,True
U304653,lapsed,tier_2,2024-07-01,6,154,True,False
U304654,active,tier_2,2024-10-02,10,6,False,True
U304655,high_frequency,tier_2,2024-10-24,6,1,False,True
U304656,lapsed,tier_2,2024-04-21,6,167,True,True
U304657,new,tier_3,2025-03-01,0,9999,False,False
U304658,new,tier_1,2026-02-27,0,9999,True,False
U304659,active,tier_1,2025-10-17,11,11,True,False
U304660,active,tier_2,2025-05-27,8,8,True,False
U304661,new,tier_1,2024-06-08,0,9999,True,False
U304662,active,tier_2,2025-09-26,8,11,False,True
U304663,active,tier_1,2025-09-24,7,5,True,True
U304664,active,tier_3,2024-11-27,11,11,False,False
U304665,high_frequency,tier_3,2024-05-11,17,4,True,True
U304666,high_frequency,tier_3,2024-07-08,26,1,True,True
U304667,high_frequency,tier_3,2025-11-27,15,1,False,True
U304668,high_frequency,tier_2,2024-11-20,12,0,False,True
U304669,high_frequency,tier_1,2025-03-18,24,3,True,True
U304670,active,tier_3,2025-08-12,10,10,True,True
U304671,new,tier_2,2025-09-22,0,9999,False,False
U304672,active,tier_2,2025-12-05,3,19,True,True
U304673,active,tier_1,2025-09-17,9,9,False,False
U304674,high_frequency,tier_2,2026-02-10,23,2,False,True
U304675,high_frequency,tier_2,2024-07-26,12,2,False,True
U304676,high_frequency,tier_2,2025-04-09,17,1,True,True
U304677,high_frequency,tier_2,2024-05-12,21,3,True,True
U304678,lapsed,tier_3,2026-01-15,4,133,False,False
U304679,new,tier_2,2025-05-18,0,9999,True,False
U304680,active,tier_1,2025-05-17,9,3,True,True
U304681,active,tier_1,2024-09-26,4,3,True,False
U304682,active,tier_1,2025-09-25,6,13,True,True
U304683,lapsed,tier_3,2024-04-15,2,113,False,False
U304684,new,tier_1,2025-12-23,0,9999,True,False
U304685,lapsed,tier_3,2025-04-01,3,168,False,False
U304686,high_frequency,tier_3,2024-09-05,18,3,True,True
U304687,active,tier_1,2024-11-06,5,10,True,False
U304688,active,tier_1,2025-06-27,8,14,False,False
U304689,active,tier_2,2025-09-09,3,16,False,True
U304690,high_frequency,tier_1,2026-01-06,24,0,True,True
U304691,lapsed,tier_2,2024-05-19,8,97,True,False
U304692,new,tier_2,2024-10-27,0,9999,False,False
U304693,new,tier_3,2025-02-25,0,9999,False,False
U304694,new,tier_2,2024-04-21,0,9999,True,True
U304695,new,tier_3,2024-07-09,0,9999,False,True
U304696,active,tier_1,2026-02-04,5,4,True,True
U304697,lapsed,tier_2,2025-10-17,11,141,True,True
U304698,new,tier_1,2024-06-29,0,9999,False,True
U304699,lapsed,tier_3,2025-01-20,1,176,True,True
U304700,new,tier_2,2025-04-10,0,9999,True,False
U304701,active,tier_3,2025-06-18,8,8,False,True
U304702,active,tier_3,2024-08-26,6,14,True,False
U304703,active,tier_2,2024-10-13,6,8,True,True
U304704,high_frequency,tier_2,2025-06-17,19,0,True,True
U304705,lapsed,tier_3,2025-10-30,4,129,False,False
U304706,active,tier_3,2025-12-31,3,18,False,False
U304707,lapsed,tier_3,2026-02-25,6,168,True,False
U304708,active,tier_2,2025-11-07,5,7,True,True
U304709,new,tier_1,2025-09-28,0,9999,False,False
U304710,new,tier_3,2025-09-24,0,9999,False,False
U304711,active,tier_1,2024-04-09,12,11,True,False
U304712,lapsed,tier_3,2025-12-20,2,139,False,False
U304713,active,tier_3,2024-07-07,6,12,False,True
U304714,lapsed,tier_2,2024-07-03,3,105,True,False
U304715,lapsed,tier_1,2024-07-29,4,92,True,True
U304716,lapsed,tier_1,2026-01-18,5,153,False,False
U304717,lapsed,tier_1,2025-07-18,5,115,True,True
U304718,active,tier_1,2026-01-29,5,9,True,True
U304719,new,tier_2,2024-09-25,0,9999,True,False
U304720,active,tier_1,2025-07-30,4,20,True,True
U304721,new,tier_1,2025-09-22,0,9999,True,False
U304722,lapsed,tier_1,2024-07-11,0,169,False,False
U304723,new,tier_1,2025-11-30,0,9999,True,False
U304724,new,tier_1,2024-07-22,0,9999,True,False
U304725,active,tier_2,2026-01-28,8,20,True,True
U304726,lapsed,tier_1,2025-06-11,6,83,False,False
U304727,high_frequency,tier_3,2024-04-29,26,3,True,False
U304728,active,tier_3,2024-11-20,6,18,True,False
U304729,new,tier_1,2024-10-02,0,9999,False,False
U304730,active,tier_3,2026-01-07,9,14,True,True
U304731,active,tier_1,2026-01-30,7,13,False,False
U304732,active,tier_3,2024-11-09,6,20,False,False
U304733,new,tier_1,2025-09-14,0,9999,False,True
U304734,new,tier_1,2026-01-29,0,9999,False,False
U304735,lapsed,tier_2,2024-10-22,8,113,False,False
U304736,lapsed,tier_1,2025-11-27,3,98,False,False
U304737,active,tier_2,2024-07-22,7,12,False,False
U304738,active,tier_1,2024-07-22,5,13,True,True
U304739,lapsed,tier_2,2025-11-11,3,162,True,False
U304740,active,tier_1,2025-06-29,3,15,False,True
U304741,active,tier_2,2024-09-16,10,4,True,True
U304742,lapsed,tier_1,2025-02-25,3,165,False,False
U304743,high_frequency,tier_2,2025-06-22,17,4,True,True
U304744,active,tier_1,2025-09-16,6,18,False,False
U304745,lapsed,tier_1,2025-04-25,2,144,True,False
U304746,new,tier_1,2025-07-07,0,9999,False,False
U304747,active,tier_2,2024-11-27,8,14,False,True
U304748,active,tier_1,2024-09-17,4,4,False,False
U304749,lapsed,tier_3,2024-08-10,3,74,True,True
U304750,high_frequency,tier_2,2025-10-09,13,0,False,True
U304751,active,tier_3,2025-05-16,7,16,True,False
U304752,new,tier_1,2024-11-03,0,9999,True,False
U304753,active,tier_2,2025-12-23,7,9,False,True
U304754,lapsed,tier_1,2024-12-26,5,79,False,False
U304755,new,tier_1,2025-02-02,0,9999,True,False
U304756,active,tier_2,2025-09-11,5,11,True,True
U304757,new,tier_1,2025-08-29,0,9999,False,False
U304758,active,tier_1,2024-05-03,7,20,False,True
U304759,high_frequency,tier_1,2025-01-31,20,3,True,True
U304760,lapsed,tier_2,2025-11-08,3,70,False,False
U304761,new,tier_2,2024-05-11,0,9999,False,False
U304762,active,tier_3,2024-08-31,6,7,True,True
U304763,active,tier_1,2024-08-20,4,4,False,True
U304764,new,tier_1,2026-01-21,0,9999,False,False
U304765,active,tier_1,2026-01-10,4,19,True,True
U304766,active,tier_1,2025-08-18,5,5,True,True
U304767,active,tier_1,2024-04-30,8,11,False,True
U304768,active,tier_3,2026-01-27,3,10,False,False
U304769,high_frequency,tier_2,2025-06-20,25,0,False,True
U304770,high_frequency,tier_2,2026-02-24,33,3,True,True
U304771,lapsed,tier_1,2026-01-13,4,75,False,False
U304772,new,tier_2,2024-06-14,0,9999,True,False
U304773,lapsed,tier_2,2025-12-05,6,167,True,False
U304774,new,tier_1,2025-02-27,0,9999,True,False
U304775,active,tier_2,2024-04-13,4,6,False,True
U304776,active,tier_1,2025-11-16,8,19,True,True
U304777,lapsed,tier_1,2024-06-16,2,169,False,False
U304778,new,tier_1,2025-04-02,0,9999,True,True
U304779,high_frequency,tier_2,2024-06-16,20,4,True,True
U304780,high_frequency,tier_3,2025-11-18,12,3,True,True
U304781,lapsed,tier_3,2024-09-01,4,110,False,False
U304782,active,tier_1,2026-01-04,7,20,True,False
U304783,lapsed,tier_2,2024-06-02,6,117,False,False
U304784,active,tier_3,2024-06-07,5,10,True,False
U304785,new,tier_1,2026-02-22,0,9999,False,False
U304786,high_frequency,tier_2,2025-10-26,20,3,True,True
U304787,active,tier_1,2024-08-24,6,20,False,False
U304788,lapsed,tier_1,2024-09-20,4,176,False,True
U304789,active,tier_2,2025-11-22,6,10,True,True
U304790,new,tier_1,2024-05-20,0,9999,True,False
U304791,active,tier_1,2025-09-29,5,16,True,False
U304792,lapsed,tier_1,2024-11-30,4,149,True,False
U304793,active,tier_2,2025-09-14,5,7,False,False
U304794,high_frequency,tier_2,2026-02-11,13,0,True,True
U304795,lapsed,tier_3,2024-06-25,4,64,True,False
U304796,new,tier_1,2025-01-19,0,9999,True,True
U304797,lapsed,tier_2,2025-01-03,2,141,True,True
U304798,high_frequency,tier_1,2024-11-05,19,1,True,False
U304799,lapsed,tier_2,2024-06-16,6,128,False,False
U304800,new,tier_2,2025-06-26,0,9999,False,False
U304801,active,tier_2,2025-06-30,5,18,False,True
U304802,new,tier_2,2025-11-12,0,9999,False,False
U304803,active,tier_2,2026-02-17,4,16,True,False
U304804,new,tier_1,2024-05-02,0,9999,True,False
U304805,active,tier_3,2024-11-06,7,8,True,True
U304806,high_frequency,tier_3,2025-01-01,19,2,True,True
U304807,active,tier_1,2025-12-14,9,20,True,True
U304808,active,tier_3,2025-09-20,7,12,True,True
U304809,lapsed,tier_1,2024-10-10,1,115,False,False
U304810,new,tier_1,2024-06-17,0,9999,False,False
U304811,lapsed,tier_3,2025-08-26,7,104,True,False
U304812,high_frequency,tier_1,2024-08-18,22,1,False,True
U304813,active,tier_1,2025-12-10,5,13,False,False
U304814,active,tier_1,2025-04-21,12,15,False,True
U304815,high_frequency,tier_1,2025-11-17,24,0,True,True
U304816,high_frequency,tier_2,2025-07-16,15,3,False,False
U304817,new,tier_1,2025-05-21,0,9999,False,False
U304818,active,tier_1,2025-11-13,3,5,True,False
U304819,active,tier_2,2024-12-06,2,19,True,False
U304820,new,tier_3,2024-05-08,0,9999,True,True
U304821,high_frequency,tier_1,2024-07-24,17,1,False,True
U304822,high_frequency,tier_1,2026-01-14,29,3,True,False
U304823,new,tier_1,2025-10-21,0,9999,True,True
U304824,active,tier_1,2025-08-13,7,8,True,False
U304825,high_frequency,tier_3,2024-07-24,18,1,True,True
U304826,active,tier_2,2025-03-10,4,3,True,False
U304827,active,tier_1,2026-03-01,7,16,True,True
U304828,active,tier_2,2025-03-27,9,20,True,True
U304829,active,tier_2,2025-04-07,9,10,True,False
U304830,lapsed,tier_1,2024-08-17,3,150,True,False
U304831,active,tier_3,2024-11-09,5,18,False,False
U304832,high_frequency,tier_3,2025-05-02,23,3,True,False
U304833,active,tier_2,2024-09-21,6,5,False,True
U304834,lapsed,tier_2,2024-08-20,3,155,True,False
U304835,new,tier_1,2024-10-29,0,9999,False,False
U304836,active,tier_2,2024-04-26,6,16,False,True
U304837,lapsed,tier_1,2025-08-06,2,75,False,False
U304838,active,tier_2,2024-11-10,8,15,False,False
U304839,lapsed,tier_1,2025-07-26,0,157,False,False
U304840,lapsed,tier_2,2024-07-02,5,149,False,False
U304841,lapsed,tier_1,2024-07-10,6,99,True,False
U304842,new,tier_3,2025-11-24,0,9999,True,True
U304843,high_frequency,tier_2,2025-07-12,18,2,True,True
U304844,lapsed,tier_1,2024-05-01,7,171,False,False
U304845,active,tier_2,2026-02-07,5,18,False,False
U304846,active,tier_1,2026-02-19,3,7,False,False
U304847,lapsed,tier_1,2025-01-27,6,156,True,False
U304848,lapsed,tier_2,2025-02-09,2,85,True,False
U304849,high_frequency,tier_2,2025-12-12,22,2,True,True
U304850,lapsed,tier_1,2024-05-28,4,60,False,False
U304851,active,tier_1,2024-06-09,8,20,False,False
U304852,new,tier_1,2025-03-06,0,9999,False,False
U304853,high_frequency,tier_2,2025-07-27,23,2,False,True
U304854,new,tier_2,2025-12-16,0,9999,True,True
U304855,high_frequency,tier_1,2024-09-12,19,4,False,True
U304856,active,tier_1,2025-03-08,10,15,False,False
U304857,lapsed,tier_1,2025-07-25,6,84,True,False
U304858,lapsed,tier_1,2025-04-02,3,112,False,False
U304859,high_frequency,tier_1,2024-10-23,14,1,True,True
U304860,lapsed,tier_3,2025-12-26,3,62,False,False
U304861,active,tier_1,2025-10-02,6,18,True,False
U304862,new,tier_1,2025-01-24,0,9999,True,False
U304863,new,tier_3,2026-02-01,0,9999,True,False
U304864,lapsed,tier_2,2025-05-13,5,63,False,True
U304865,active,tier_1,2026-02-28,4,10,False,True
U304866,active,tier_2,2024-05-29,7,15,False,False
U304867,new,tier_1,2025-01-24,0,9999,False,False
U304868,active,tier_3,2026-03-01,9,17,False,True
U304869,lapsed,tier_1,2025-12-09,4,88,False,False
U304870,high_frequency,tier_2,2024-09-09,12,1,False,False
U304871,active,tier_1,2025-10-21,7,20,True,True
U304872,lapsed,tier_3,2024-12-23,5,166,False,False
U304873,lapsed,tier_1,2024-10-20,5,69,False,False
U304874,lapsed,tier_1,2025-02-07,2,149,True,True
U304875,high_frequency,tier_1,2024-10-13,25,3,True,True
U304876,active,tier_1,2024-10-02,4,12,False,False
U304877,active,tier_2,2025-05-26,7,11,True,False
U304878,high_frequency,tier_1,2024-05-27,19,4,False,True
U304879,active,tier_2,2024-09-19,10,13,True,False
U304880,new,tier_1,2025-01-10,0,9999,True,True
U304881,high_frequency,tier_1,2025-12-19,22,0,True,True
U304882,new,tier_1,2024-12-08,0,9999,True,True
U304883,new,tier_2,2024-08-28,0,9999,False,False
U304884,active,tier_3,2024-05-10,6,13,False,True
U304885,active,tier_1,2025-02-04,9,9,False,False
U304886,new,tier_1,2025-12-17,0,9999,False,False
U304887,lapsed,tier_2,2026-01-12,6,62,False,False
U304888,active,tier_2,2025-03-23,12,19,True,False
U304889,lapsed,tier_2,2025-03-25,4,114,False,False
U304890,lapsed,tier_1,2025-12-18,2,131,False,False
U304891,lapsed,tier_2,2024-06-10,6,112,False,False
U304892,new,tier_1,2026-01-07,0,9999,True,True
U304893,lapsed,tier_2,2025-07-12,2,160,False,False
U304894,lapsed,tier_1,2024-08-05,4,79,False,False
U304895,high_frequency,tier_2,2025-04-03,26,1,True,False
U304896,lapsed,tier_3,2024-12-17,1,129,True,False
U304897,lapsed,tier_1,2025-09-08,4,94,True,True
U304898,active,tier_2,2025-11-25,6,19,True,True
U304899,lapsed,tier_3,2024-06-23,8,106,False,False
U304900,active,tier_2,2024-12-03,10,15,True,False
U304901,new,tier_2,2025-03-11,0,9999,False,False
U304902,new,tier_2,2025-05-04,0,9999,False,False
U304903,active,tier_2,2024-10-03,4,20,True,True
U304904,active,tier_1,2024-06-10,4,8,False,False
U304905,lapsed,tier_2,2026-02-12,4,113,False,False
U304906,active,tier_1,2025-03-28,7,8,True,True
U304907,lapsed,tier_3,2025-12-31,2,107,False,False
U304908,active,tier_1,2024-10-30,8,7,False,False
U304909,active,tier_1,2024-09-08,8,9,True,True
U304910,active,tier_3,2025-11-01,4,14,False,False
U304911,high_frequency,tier_2,2026-02-11,21,0,False,True
U304912,active,tier_2,2026-02-03,3,12,True,False
U304913,active,tier_1,2025-04-12,4,20,True,False
U304914,active,tier_2,2024-05-20,12,8,True,True
U304915,active,tier_1,2025-02-02,5,20,False,False
U304916,active,tier_2,2025-01-29,8,14,False,True
U304917,active,tier_1,2025-04-23,7,6,False,True
U304918,lapsed,tier_1,2025-05-02,4,120,False,False
U304919,active,tier_2,2024-07-22,6,10,True,True
U304920,lapsed,tier_2,2025-06-13,5,143,False,False
U304921,new,tier_1,2026-02-08,0,9999,True,False
U304922,high_frequency,tier_2,2024-11-28,29,3,False,True
U304923,lapsed,tier_2,2024-09-26,6,128,False,False
U304924,new,tier_3,2024-07-03,0,9999,False,True
U304925,active,tier_2,2024-06-17,7,10,True,True
U304926,high_frequency,tier_1,2024-09-07,23,4,False,True
U304927,active,tier_3,2025-06-01,3,10,False,True
U304928,high_frequency,tier_2,2026-02-13,22,4,False,True
U304929,new,tier_3,2025-10-03,0,9999,False,False
U304930,active,tier_1,2025-03-29,8,3,False,False
U304931,active,tier_3,2024-05-15,4,8,False,True
U304932,active,tier_1,2024-11-02,6,3,True,True
U304933,active,tier_1,2025-07-05,6,19,True,True
U304934,high_frequency,tier_3,2024-09-02,23,0,True,True
U304935,active,tier_1,2024-07-08,4,14,False,False
U304936,lapsed,tier_2,2025-05-26,5,110,True,False
U304937,active,tier_1,2025-02-19,3,9,True,True
U304938,active,tier_1,2026-01-19,4,18,True,True
U304939,new,tier_1,2025-10-03,0,9999,False,True
U304940,active,tier_1,2024-10-15,11,8,True,False
U304941,lapsed,tier_3,2024-05-01,4,90,False,False
U304942,new,tier_2,2024-12-17,0,9999,True,False
U304943,active,tier_1,2024-06-06,8,18,False,True
U304944,lapsed,tier_3,2025-04-01,1,104,False,False
U304945,active,tier_1,2024-09-13,7,4,True,True
U304946,lapsed,tier_1,2024-07-20,2,68,True,True
U304947,new,tier_1,2025-12-26,0,9999,True,False
U304948,active,tier_3,2026-02-28,5,18,True,True
U304949,lapsed,tier_1,2024-06-26,4,165,False,False
U304950,lapsed,tier_1,2024-07-18,6,107,False,False
U304951,high_frequency,tier_3,2025-07-30,19,0,False,True
U304952,active,tier_1,2025-08-08,4,12,False,True
U304953,active,tier_3,2026-01-12,2,11,False,True
U304954,new,tier_1,2026-01-19,0,9999,True,False
U304955,active,tier_1,2025-12-04,3,20,True,True
U304956,lapsed,tier_1,2024-06-10,5,150,False,True
U304957,active,tier_2,2024-12-17,5,19,True,True
U304958,high_frequency,tier_1,2025-05-11,25,4,True,True
U304959,high_frequency,tier_3,2025-01-25,24,2,False,True
U304960,high_frequency,tier_1,2025-02-24,20,4,True,True
U304961,active,tier_1,2024-05-21,4,5,False,False
U304962,active,tier_2,2025-06-15,6,7,True,False
U304963,lapsed,tier_3,2025-11-25,2,72,True,False
U304964,lapsed,tier_1,2025-03-31,2,119,False,False
U304965,new,tier_1,2025-03-05,0,9999,False,True
U304966,lapsed,tier_1,2024-04-18,2,158,True,True
U304967,lapsed,tier_2,2025-03-10,4,144,True,False
U304968,high_frequency,tier_3,2025-04-10,10,4,True,True
U304969,lapsed,tier_2,2025-05-14,6,136,True,False
U304970,lapsed,tier_2,2025-10-25,3,75,True,True
U304971,lapsed,tier_1,2026-01-15,1,157,True,False
U304972,active,tier_3,2025-01-21,6,7,True,True
U304973,new,tier_2,2024-12-19,0,9999,True,True
U304974,active,tier_2,2025-11-29,9,12,True,False
U304975,high_frequency,tier_1,2025-12-29,18,4,True,True
U304976,lapsed,tier_2,2025-11-30,3,90,True,False
U304977,new,tier_1,2024-05-09,0,9999,True,False
U304978,lapsed,tier_1,2025-06-09,3,135,True,True
U304979,lapsed,tier_1,2024-10-08,4,160,False,False
U304980,lapsed,tier_2,2024-11-06,1,152,False,False
U304981,new,tier_3,2025-10-04,0,9999,True,False
U304982,active,tier_3,2024-09-08,5,14,False,False
U304983,new,tier_1,2025-02-27,0,9999,True,False
U304984,high_frequency,tier_2,2024-12-11,17,3,True,True
U304985,new,tier_1,2024-07-04,0,9999,True,False
U304986,new,tier_1,2024-07-18,0,9999,False,False
U304987,high_frequency,tier_1,2024-12-22,13,2,True,True
U304988,active,tier_2,2025-01-27,3,18,False,False
U304989,high_frequency,tier_1,2024-08-12,19,2,False,True
U304990,lapsed,tier_1,2025-11-25,5,97,False,False
U304991,new,tier_1,2025-04-24,0,9999,True,True
U304992,lapsed,tier_1,2025-11-13,5,152,False,True
U304993,active,tier_1,2025-06-18,5,13,False,True
U304994,lapsed,tier_1,2024-11-04,1,179,False,False
U304995,active,tier_2,2025-12-29,3,7,False,True
U304996,new,tier_1,2025-06-21,0,9999,True,True
U304997,high_frequency,tier_1,2025-12-16,22,1,False,True
U304998,active,tier_3,2025-01-31,7,14,False,False
U304999,active,tier_2,2024-10-07,2,9,False,False
U305000,lapsed,tier_2,2026-02-04,8,67,True,False
U305001,new,tier_3,2025-02-07,0,9999,True,False
U305002,new,tier_3,2024-11-15,0,9999,True,True
U305003,lapsed,tier_1,2025-05-06,3,116,True,False
U305004,lapsed,tier_2,2025-09-17,6,131,True,True
U305005,lapsed,tier_3,2025-01-06,1,83,True,False
U305006,active,tier_2,2024-06-20,7,15,True,False
U305007,lapsed,tier_2,2024-12-26,4,170,False,False
U305008,active,tier_1,2024-09-22,4,10,True,True
U305009,high_frequency,tier_2,2025-05-06,23,0,True,True
U305010,high_frequency,tier_2,2024-06-14,29,1,False,False
U305011,active,tier_2,2025-05-05,2,20,True,True
U305012,lapsed,tier_1,2026-01-27,4,145,False,False
U305013,new,tier_2,2025-08-20,0,9999,True,True
U305014,new,tier_3,2025-03-19,0,9999,True,True
U305015,high_frequency,tier_3,2024-12-13,14,2,True,True
U305016,active,tier_2,2025-01-01,12,4,False,False
U305017,active,tier_2,2026-01-29,8,4,False,False
U305018,new,tier_2,2025-06-08,0,9999,True,False
U305019,high_frequency,tier_3,2025-10-01,19,3,False,False
U305020,active,tier_2,2024-07-07,3,20,True,True
U305021,active,tier_1,2024-10-14,7,6,False,True
U305022,active,tier_1,2025-08-27,5,11,True,False
U305023,new,tier_1,2024-05-08,0,9999,False,False
U305024,new,tier_1,2025-04-17,0,9999,False,False
U305025,lapsed,tier_2,2025-07-27,4,75,False,False
U305026,active,tier_2,2025-01-30,7,17,False,True
U305027,high_frequency,tier_3,2025-11-09,23,3,False,True
U305028,lapsed,tier_1,2025-12-26,2,85,False,False
U305029,active,tier_1,2025-09-06,6,14,False,False
U305030,new,tier_1,2025-09-16,0,9999,False,False
U305031,active,tier_3,2024-08-16,2,10,False,True
U305032,new,tier_3,2025-02-05,0,9999,False,False
U305033,lapsed,tier_1,2025-08-05,1,127,True,True
U305034,lapsed,tier_1,2025-11-16,6,153,True,True
U305035,lapsed,tier_1,2025-06-17,5,133,False,False
U305036,new,tier_2,2025-01-11,0,9999,True,True
U305037,active,tier_2,2025-10-10,5,12,True,True
U305038,active,tier_2,2026-01-02,4,10,True,True
U305039,lapsed,tier_1,2024-04-11,4,77,True,True
U305040,lapsed,tier_3,2026-01-18,7,171,True,True
U305041,new,tier_3,2026-02-05,0,9999,True,False
U305042,active,tier_3,2025-10-14,3,10,False,True
U305043,new,tier_2,2024-11-03,0,9999,True,True
U305044,active,tier_1,2025-03-05,6,18,False,True
U305045,high_frequency,tier_3,2024-12-02,19,4,False,True
U305046,new,tier_1,2024-08-03,0,9999,True,True
U305047,high_frequency,tier_1,2025-11-05,21,2,True,True
U305048,high_frequency,tier_2,2025-02-01,21,1,True,True
U305049,new,tier_1,2025-12-30,0,9999,True,True
U305050,new,tier_2,2024-06-08,0,9999,False,False
U305051,active,tier_2,2024-09-25,5,16,True,True
U305052,active,tier_2,2024-11-23,7,16,True,False
U305053,active,tier_2,2025-12-08,9,5,False,False
U305054,active,tier_1,2024-05-15,7,13,True,False
U305055,active,tier_2,2025-10-29,7,8,True,False
U305056,active,tier_1,2024-10-09,5,20,True,True
U305057,active,tier_3,2024-11-11,5,9,False,True
U305058,high_frequency,tier_2,2024-05-04,23,4,False,False
U305059,high_frequency,tier_3,2024-05-13,22,4,False,True
U305060,active,tier_3,2024-11-21,1,16,False,True
U305061,active,tier_1,2025-11-13,12,10,True,False
U305062,active,tier_3,2025-08-03,7,18,True,False
U305063,new,tier_2,2025-09-09,0,9999,False,False
U305064,lapsed,tier_1,2024-10-01,4,173,True,True
U305065,active,tier_3,2025-05-05,7,16,True,True
U305066,active,tier_2,2024-06-15,6,7,True,True
U305067,active,tier_1,2025-01-22,5,3,True,False
U305068,new,tier_2,2024-05-19,0,9999,False,False
U305069,lapsed,tier_1,2025-04-23,4,143,True,True
U305070,high_frequency,tier_3,2026-01-14,16,2,False,True
U305071,active,tier_1,2024-06-22,5,17,False,True
U305072,lapsed,tier_1,2026-01-04,4,80,False,False
U305073,lapsed,tier_3,2024-05-15,5,70,True,False
U305074,active,tier_2,2025-02-27,4,10,True,False
U305075,new,tier_1,2024-09-19,0,9999,True,False
U305076,lapsed,tier_3,2024-06-13,3,77,True,False
U305077,active,tier_2,2025-02-07,4,20,False,True
U305078,active,tier_3,2024-04-11,3,5,True,True
U305079,lapsed,tier_3,2025-07-06,3,135,True,True
U305080,high_frequency,tier_1,2025-01-30,15,1,False,False
U305081,active,tier_1,2025-11-06,6,8,False,False
U305082,lapsed,tier_1,2025-06-03,2,154,True,False
U305083,lapsed,tier_1,2024-07-12,3,126,False,False
U305084,high_frequency,tier_1,2025-10-03,11,1,False,False
U305085,active,tier_1,2025-07-17,2,4,True,False
U305086,lapsed,tier_1,2024-07-30,3,101,True,False
U305087,high_frequency,tier_1,2024-11-07,25,0,False,False
U305088,high_frequency,tier_2,2024-09-06,20,4,False,False
U305089,active,tier_3,2026-01-19,10,16,False,True
U305090,active,tier_1,2025-06-01,9,6,False,True
U305091,new,tier_1,2024-04-15,0,9999,False,False
U305092,lapsed,tier_2,2025-07-29,2,134,True,True
U305093,high_frequency,tier_2,2024-12-01,13,4,True,False
U305094,new,tier_2,2024-10-22,0,9999,False,False
U305095,lapsed,tier_1,2025-03-10,7,148,True,False
U305096,active,tier_3,2024-04-05,7,10,False,False
U305097,new,tier_1,2025-01-05,0,9999,True,False
U305098,new,tier_1,2024-07-24,0,9999,False,False
U305099,active,tier_3,2024-12-10,2,11,True,False
U305100,lapsed,tier_1,2025-08-08,4,144,False,False
U305101,new,tier_3,2025-08-01,0,9999,False,False
U305102,active,tier_1,2025-03-20,6,18,False,True
U305103,active,tier_1,2025-06-07,6,14,True,True
U305104,active,tier_1,2024-08-15,5,20,False,True
U305105,lapsed,tier_2,2024-04-16,3,109,False,False
U305106,new,tier_3,2024-07-20,0,9999,True,True
U305107,lapsed,tier_1,2024-10-10,5,162,True,True
U305108,lapsed,tier_1,2026-02-08,6,60,False,False
U305109,high_frequency,tier_2,2025-08-03,20,1,True,True
U305110,high_frequency,tier_1,2024-12-14,16,2,False,True
U305111,high_frequency,tier_3,2025-09-02,19,2,True,True
U305112,active,tier_3,2025-06-25,8,20,True,True
U305113,lapsed,tier_1,2026-02-02,5,67,True,False
U305114,new,tier_3,2025-11-15,0,9999,False,False
U305115,high_frequency,tier_3,2024-06-12,23,2,False,False
U305116,active,tier_2,2024-09-28,5,9,True,True
U305117,lapsed,tier_3,2025-06-06,5,73,False,False
U305118,new,tier_2,2024-07-31,0,9999,True,True
U305119,new,tier_1,2025-11-23,0,9999,True,False
U305120,active,tier_1,2024-09-03,3,5,True,False
U305121,high_frequency,tier_1,2025-07-21,23,2,True,True
U305122,new,tier_2,2025-08-25,0,9999,False,False
U305123,active,tier_3,2025-06-26,6,11,False,False
U305124,new,tier_2,2024-11-16,0,9999,False,False
U305125,new,tier_2,2026-01-22,0,9999,True,False
U305126,active,tier_1,2025-11-13,6,13,False,True
U305127,lapsed,tier_1,2024-08-16,2,63,True,False
U305128,high_frequency,tier_3,2024-06-10,19,1,False,True
U305129,high_frequency,tier_2,2024-07-11,15,0,True,True
U305130,lapsed,tier_1,2025-08-03,6,145,True,False
U305131,high_frequency,tier_2,2025-03-07,14,2,True,True
U305132,active,tier_2,2025-11-30,7,20,False,False
U305133,new,tier_2,2025-05-12,0,9999,True,False
U305134,lapsed,tier_3,2025-06-02,4,124,True,False
U305135,new,tier_2,2025-04-14,0,9999,True,True
U305136,high_frequency,tier_2,2025-10-04,20,4,True,True
U305137,new,tier_1,2025-06-15,0,9999,True,True
U305138,lapsed,tier_3,2025-01-10,4,125,False,False
U305139,new,tier_1,2024-04-09,0,9999,False,False
U305140,new,tier_2,2024-12-07,0,9999,False,True
U305141,new,tier_2,2024-11-27,0,9999,False,False
U305142,active,tier_2,2026-02-23,5,4,True,False
U305143,high_frequency,tier_2,2025-02-28,18,1,True,True
U305144,lapsed,tier_2,2026-01-22,5,157,True,False
U305145,lapsed,tier_3,2024-06-07,7,124,True,True
U305146,high_frequency,tier_1,2024-06-11,13,2,True,True
U305147,new,tier_1,2025-06-30,0,9999,False,False
U305148,active,tier_2,2024-04-24,8,3,False,True
U305149,active,tier_1,2025-09-27,8,18,True,False
U305150,lapsed,tier_1,2024-04-24,5,153,True,False
U305151,active,tier_1,2026-02-10,6,12,False,True
U305152,active,tier_1,2026-01-10,3,20,True,True
U305153,active,tier_2,2024-09-18,6,4,True,False
U305154,lapsed,tier_1,2025-06-24,4,134,False,True
U305155,active,tier_2,2024-10-01,9,13,True,False
U305156,new,tier_1,2025-09-16,0,9999,False,True
U305157,new,tier_1,2024-04-24,0,9999,False,False
U305158,high_frequency,tier_2,2026-02-07,11,4,True,True
U305159,active,tier_2,2025-06-10,7,19,True,True
U305160,active,tier_2,2024-12-17,7,12,True,False
U305161,active,tier_1,2024-12-13,4,3,True,True
U305162,high_frequency,tier_2,2025-11-27,20,4,False,True
U305163,lapsed,tier_1,2025-12-08,8,114,False,False
U305164,high_frequency,tier_1,2024-04-21,28,1,False,True
U305165,active,tier_3,2025-06-08,6,9,True,True
U305166,lapsed,tier_2,2024-04-02,5,120,False,False
U305167,lapsed,tier_1,2025-07-02,3,138,True,True
U305168,high_frequency,tier_1,2025-08-26,17,3,True,True
U305169,lapsed,tier_1,2024-11-21,3,157,True,False
U305170,lapsed,tier_1,2025-07-25,2,135,False,False
U305171,high_frequency,tier_1,2025-12-17,16,3,False,True
U305172,active,tier_1,2024-09-22,6,11,False,False
U305173,new,tier_1,2025-07-30,0,9999,False,True
U305174,high_frequency,tier_2,2025-04-10,23,0,False,True
U305175,active,tier_1,2024-05-01,5,13,True,True
U305176,active,tier_2,2024-12-24,10,20,False,True
U305177,active,tier_1,2025-09-07,6,15,True,True
U305178,lapsed,tier_2,2024-05-29,0,101,True,False
U305179,new,tier_2,2025-11-29,0,9999,False,False
U305180,new,tier_1,2026-02-05,0,9999,True,True
U305181,lapsed,tier_1,2025-09-05,2,101,True,True
U305182,new,tier_2,2024-08-29,0,9999,True,True
U305183,lapsed,tier_2,2025-01-21,3,145,True,False
U305184,high_frequency,tier_2,2025-10-31,10,0,True,False
U305185,active,tier_3,2024-09-25,7,18,True,True
U305186,lapsed,tier_1,2024-09-03,3,63,True,False
U305187,high_frequency,tier_1,2025-05-10,13,1,True,True
U305188,high_frequency,tier_2,2025-03-05,14,2,True,False
U305189,new,tier_1,2024-04-15,0,9999,False,False
U305190,active,tier_1,2025-12-10,8,5,False,True
U305191,high_frequency,tier_1,2024-12-27,23,4,True,True
U305192,new,tier_3,2025-10-14,0,9999,False,False
U305193,lapsed,tier_2,2025-04-22,10,87,True,True
U305194,lapsed,tier_2,2026-01-10,2,161,True,True
U305195,lapsed,tier_1,2024-08-11,6,156,False,False
U305196,lapsed,tier_1,2025-03-17,8,142,True,True
U305197,new,tier_1,2024-10-07,0,9999,False,False
U305198,active,tier_1,2024-11-21,7,20,True,True
U305199,new,tier_1,2025-08-22,0,9999,False,True
U305200,active,tier_1,2025-03-17,5,14,False,True
U305201,active,tier_2,2024-05-21,12,16,True,True
U305202,active,tier_1,2025-07-03,5,9,False,True
U305203,active,tier_3,2025-12-03,6,3,False,True
U305204,lapsed,tier_1,2025-03-05,4,77,True,False
U305205,active,tier_2,2025-01-01,2,6,True,True
U305206,active,tier_3,2024-04-23,7,12,False,False
U305207,high_frequency,tier_1,2024-10-16,17,3,False,False
U305208,lapsed,tier_1,2024-06-16,6,162,False,True
U305209,active,tier_3,2024-07-02,6,17,False,False
U305210,active,tier_3,2024-07-27,4,11,True,False
U305211,active,tier_1,2025-06-13,4,8,True,True
U305212,high_frequency,tier_1,2025-04-04,29,4,True,False
U305213,lapsed,tier_1,2024-11-28,4,172,False,False
U305214,lapsed,tier_1,2024-11-25,4,165,False,False
U305215,active,tier_3,2025-06-27,9,11,True,False
U305216,active,tier_1,2025-12-05,7,12,True,False
U305217,active,tier_2,2024-07-12,5,14,False,False
U305218,active,tier_2,2024-11-22,2,20,True,True
U305219,active,tier_1,2024-06-30,5,6,True,False
U305220,lapsed,tier_1,2025-09-22,2,170,True,True
U305221,lapsed,tier_2,2025-04-20,4,171,False,False
U305222,active,tier_1,2024-08-31,10,18,False,True
U305223,lapsed,tier_3,2024-09-01,6,176,True,False
U305224,new,tier_3,2025-06-23,0,9999,True,False
U305225,new,tier_2,2025-12-07,0,9999,False,False
U305226,lapsed,tier_2,2024-12-03,8,135,True,True
U305227,active,tier_1,2025-04-16,10,5,False,True
U305228,lapsed,tier_2,2024-09-13,6,135,False,False
U305229,lapsed,tier_3,2024-08-24,6,110,True,False
U305230,active,tier_1,2025-11-16,4,14,False,True
U305231,new,tier_2,2024-08-01,0,9999,True,True
U305232,active,tier_1,2024-05-24,7,17,False,True
U305233,new,tier_1,2024-09-22,0,9999,False,True
U305234,new,tier_1,2024-10-10,0,9999,False,False
U305235,new,tier_1,2025-05-12,0,9999,False,False
U305236,new,tier_3,2024-12-25,0,9999,False,False
U305237,active,tier_2,2024-11-22,8,15,False,True
U305238,new,tier_1,2024-07-25,0,9999,True,False
U305239,high_frequency,tier_3,2024-06-20,17,1,True,False
U305240,high_frequency,tier_3,2025-01-14,16,1,False,True
U305241,active,tier_2,2024-12-05,4,11,False,True
U305242,active,tier_3,2024-12-28,4,11,False,True
U305243,lapsed,tier_1,2025-01-13,5,98,True,False
U305244,active,tier_3,2025-04-27,7,3,True,False
U305245,high_frequency,tier_1,2024-08-12,16,1,True,True
U305246,high_frequency,tier_2,2025-10-05,16,2,False,True
U305247,new,tier_3,2025-12-23,0,9999,False,False
U305248,high_frequency,tier_1,2025-02-20,25,4,False,True
U305249,new,tier_2,2025-11-27,0,9999,False,True
U305250,active,tier_2,2025-05-26,6,18,True,False
U305251,active,tier_1,2025-05-02,6,4,True,True
U305252,lapsed,tier_3,2025-07-31,2,172,True,False
U305253,active,tier_1,2025-02-05,6,5,True,True
U305254,active,tier_1,2024-11-14,3,11,False,False
U305255,active,tier_3,2024-09-21,9,9,True,True
U305256,active,tier_1,2025-06-14,6,18,True,False
U305257,new,tier_1,2025-10-19,0,9999,True,True
U305258,high_frequency,tier_3,2024-04-07,19,1,True,True
U305259,lapsed,tier_1,2024-06-04,10,132,False,False
U305260,new,tier_2,2025-04-15,0,9999,True,True
U305261,active,tier_3,2025-10-20,2,6,True,True
U305262,active,tier_1,2025-01-22,8,10,True,False
U305263,lapsed,tier_2,2026-02-28,6,134,True,True
U305264,active,tier_2,2025-11-17,9,10,True,False
U305265,new,tier_1,2024-10-13,0,9999,False,False
U305266,active,tier_2,2025-04-30,3,13,False,True
U305267,new,tier_2,2024-05-24,0,9999,False,False
U305268,active,tier_3,2024-08-18,2,5,True,True
U305269,lapsed,tier_1,2024-12-20,2,130,False,False
U305270,active,tier_1,2024-05-26,6,14,False,False
U305271,lapsed,tier_3,2024-11-07,10,153,False,False
U305272,lapsed,tier_2,2026-02-19,4,108,False,False
U305273,lapsed,tier_2,2024-07-03,9,162,True,False
U305274,active,tier_1,2024-09-09,8,13,False,True
U305275,active,tier_2,2025-09-17,4,20,True,True
U305276,high_frequency,tier_1,2024-05-06,19,3,False,True
U305277,high_frequency,tier_3,2024-10-04,21,3,True,True
U305278,high_frequency,tier_2,2025-06-02,14,0,True,True
U305279,new,tier_3,2025-08-01,0,9999,False,False
U305280,high_frequency,tier_3,2024-04-29,17,3,True,True
U305281,lapsed,tier_1,2024-07-17,3,172,False,False
U305282,active,tier_1,2024-04-03,3,18,False,False
U305283,new,tier_2,2025-07-19,0,9999,False,False
U305284,new,tier_3,2026-02-04,0,9999,False,False
U305285,high_frequency,tier_1,2024-09-30,16,2,True,True
U305286,active,tier_1,2025-04-13,2,11,True,True
U305287,active,tier_1,2025-01-10,8,14,False,True
U305288,high_frequency,tier_3,2024-11-06,15,3,False,True
U305289,high_frequency,tier_2,2025-01-18,15,4,False,True
U305290,high_frequency,tier_1,2025-11-23,16,3,False,True
U305291,lapsed,tier_1,2024-10-29,6,88,True,False
U305292,new,tier_2,2025-02-28,0,9999,True,False
U305293,active,tier_2,2025-09-07,6,20,False,True
U305294,new,tier_2,2025-11-08,0,9999,False,False
U305295,active,tier_1,2025-09-27,12,8,False,False
U305296,active,tier_3,2024-06-23,6,19,True,True
U305297,active,tier_1,2025-06-18,12,8,True,True
U305298,lapsed,tier_3,2025-05-26,8,165,False,False
U305299,high_frequency,tier_2,2024-06-10,18,4,False,False
U305300,active,tier_1,2024-05-16,4,17,True,True
U305301,active,tier_1,2025-01-13,4,4,False,True
U305302,lapsed,tier_1,2025-12-28,4,104,False,False
U305303,new,tier_1,2025-02-11,0,9999,False,False
U305304,high_frequency,tier_3,2024-09-28,16,2,False,True
U305305,new,tier_2,2024-04-05,0,9999,True,False
U305306,active,tier_1,2024-09-23,12,14,False,False
U305307,lapsed,tier_1,2025-03-05,5,150,False,False
U305308,active,tier_1,2024-07-29,7,16,False,True
U305309,active,tier_1,2025-12-24,13,17,True,True
U305310,lapsed,tier_2,2024-08-04,1,85,False,False
U305311,high_frequency,tier_2,2025-12-02,18,1,False,True
U305312,new,tier_2,2025-09-22,0,9999,True,False
U305313,lapsed,tier_1,2024-04-27,3,142,False,False
U305314,new,tier_2,2025-07-28,0,9999,False,True
U305315,high_frequency,tier_2,2024-08-18,14,2,False,True
U305316,high_frequency,tier_1,2024-09-03,27,3,False,True
U305317,new,tier_1,2024-06-22,0,9999,False,False
U305318,active,tier_3,2024-12-26,7,12,False,True
U305319,active,tier_3,2025-03-27,1,14,True,True
U305320,new,tier_1,2025-01-07,0,9999,True,False
U305321,lapsed,tier_2,2025-05-19,6,110,False,False
U305322,lapsed,tier_2,2024-04-03,6,96,False,False
U305323,high_frequency,tier_1,2024-11-04,20,4,False,True
U305324,active,tier_2,2024-12-08,1,10,True,True
U305325,lapsed,tier_2,2024-07-01,4,124,True,False
U305326,active,tier_3,2025-06-29,6,19,False,True
U305327,active,tier_1,2024-07-30,5,9,True,False
U305328,active,tier_1,2024-05-23,8,19,True,False
U305329,active,tier_2,2025-06-27,8,16,False,False
U305330,high_frequency,tier_3,2024-08-25,20,0,False,True
U305331,high_frequency,tier_2,2026-02-15,21,0,False,False
U305332,lapsed,tier_3,2025-07-13,3,82,False,False
U305333,lapsed,tier_2,2024-08-16,2,121,True,False
U305334,lapsed,tier_1,2024-05-27,2,128,True,False
U305335,lapsed,tier_1,2024-05-12,5,115,False,False
U305336,new,tier_1,2025-07-31,0,9999,True,True
U305337,active,tier_1,2025-12-12,7,20,False,False
U305338,new,tier_1,2024-04-07,0,9999,True,True
U305339,lapsed,tier_2,2024-12-30,9,159,False,False
U305340,active,tier_2,2024-10-06,3,18,False,True
U305341,active,tier_3,2024-11-03,7,8,True,True
U305342,high_frequency,tier_1,2025-05-15,21,3,False,False
U305343,lapsed,tier_1,2024-10-28,6,79,True,True
U305344,new,tier_3,2024-08-11,0,9999,True,True
U305345,high_frequency,tier_1,2024-06-02,13,3,False,True
U305346,active,tier_1,2024-12-19,7,7,False,True
U305347,active,tier_2,2024-07-09,10,8,False,True
U305348,new,tier_1,2024-04-20,0,9999,False,False
U305349,high_frequency,tier_1,2025-08-24,26,4,False,True
U305350,high_frequency,tier_2,2024-11-13,22,3,False,True
U305351,high_frequency,tier_2,2024-04-30,11,3,True,True
U305352,lapsed,tier_1,2025-06-21,4,116,False,False
U305353,lapsed,tier_1,2024-07-07,2,60,False,False
U305354,active,tier_1,2025-07-06,8,9,True,True
U305355,active,tier_2,2025-07-13,6,18,True,True
U305356,high_frequency,tier_2,2025-09-12,23,0,True,True
U305357,active,tier_2,2024-06-07,7,3,True,True
U305358,active,tier_1,2025-06-27,4,18,False,True
U305359,active,tier_2,2025-02-20,13,13,True,True
U305360,lapsed,tier_1,2024-09-12,2,141,False,False
U305361,high_frequency,tier_1,2025-06-02,15,2,True,True
U305362,lapsed,tier_1,2025-01-27,4,113,False,False
U305363,high_frequency,tier_1,2025-05-09,24,3,False,True
U305364,active,tier_3,2025-05-04,5,17,True,False
U305365,lapsed,tier_3,2024-04-09,4,150,True,False
U305366,lapsed,tier_1,2024-05-20,3,170,True,True
U305367,active,tier_2,2025-07-06,6,13,False,True
U305368,lapsed,tier_1,2024-07-04,8,99,False,False
U305369,active,tier_1,2024-04-24,7,15,False,True
U305370,active,tier_3,2024-07-25,5,4,False,True
U305371,new,tier_3,2026-02-13,0,9999,False,True
U305372,high_frequency,tier_1,2025-04-28,21,1,False,True
U305373,lapsed,tier_2,2025-06-05,7,82,True,False
U305374,active,tier_1,2025-05-15,10,18,False,False
U305375,high_frequency,tier_1,2026-01-02,18,1,True,False
U305376,active,tier_1,2025-02-21,4,7,False,True
U305377,new,tier_1,2024-08-25,0,9999,False,False
U305378,lapsed,tier_1,2025-03-04,3,104,True,True
U305379,high_frequency,tier_3,2025-06-18,18,2,True,True
U305380,high_frequency,tier_2,2024-07-07,13,0,True,False
U305381,active,tier_1,2025-02-27,4,6,False,False
U305382,new,tier_3,2024-10-25,0,9999,False,False
U305383,active,tier_3,2025-03-28,1,19,False,True
U305384,active,tier_1,2026-02-09,7,14,True,True
U305385,active,tier_2,2026-01-18,3,17,False,True
U305386,active,tier_1,2024-11-22,6,4,False,True
U305387,lapsed,tier_2,2024-07-11,6,68,False,False
U305388,high_frequency,tier_2,2025-10-23,24,4,False,True
U305389,new,tier_1,2025-04-01,0,9999,True,False
U305390,high_frequency,tier_2,2025-01-26,21,1,True,True
U305391,lapsed,tier_1,2025-06-11,5,65,True,False
U305392,high_frequency,tier_3,2025-10-12,12,4,True,False
U305393,lapsed,tier_2,2024-06-25,2,114,False,False
U305394,active,tier_1,2025-06-20,6,16,False,True
U305395,lapsed,tier_2,2025-02-18,7,135,True,False
U305396,high_frequency,tier_1,2024-09-27,24,0,True,True
U305397,lapsed,tier_2,2025-11-15,1,177,False,False
U305398,active,tier_1,2024-09-29,11,10,True,False
U305399,lapsed,tier_2,2024-10-15,6,176,False,False
U305400,new,tier_1,2025-12-01,0,9999,False,False
U305401,active,tier_1,2026-01-05,8,9,False,False
U305402,active,tier_3,2025-07-02,8,6,False,True
U305403,new,tier_1,2025-09-02,0,9999,False,False
U305404,lapsed,tier_1,2024-09-07,10,67,False,False
U305405,lapsed,tier_1,2025-06-06,5,85,False,False
U305406,new,tier_1,2025-12-06,0,9999,True,True
U305407,high_frequency,tier_1,2024-05-21,16,2,True,True
U305408,lapsed,tier_2,2025-12-28,6,177,True,False
U305409,active,tier_3,2024-12-20,8,7,False,True
U305410,lapsed,tier_1,2024-10-03,2,179,False,False
U305411,active,tier_2,2024-08-20,10,12,True,True
U305412,high_frequency,tier_1,2025-08-01,18,2,True,True
U305413,high_frequency,tier_2,2025-05-17,14,4,False,True
U305414,high_frequency,tier_2,2025-01-06,12,0,False,True
U305415,high_frequency,tier_1,2025-06-26,18,3,True,True
U305416,new,tier_1,2024-10-24,0,9999,False,False
U305417,high_frequency,tier_2,2025-12-25,12,1,True,True
U305418,active,tier_2,2025-07-04,7,16,True,True
U305419,active,tier_1,2024-08-14,5,11,True,True
U305420,active,tier_1,2024-05-29,7,17,False,True
U305421,lapsed,tier_3,2025-07-09,2,96,False,True
U305422,high_frequency,tier_1,2024-04-03,20,3,True,True
U305423,active,tier_1,2025-03-16,5,9,True,True
U305424,lapsed,tier_3,2025-02-21,5,124,True,True
U305425,high_frequency,tier_1,2024-10-20,16,4,True,True
U305426,new,tier_2,2024-12-04,0,9999,False,False
U305427,active,tier_1,2025-03-26,6,17,False,True
U305428,lapsed,tier_2,2025-05-12,2,171,False,False
U305429,lapsed,tier_1,2025-02-28,1,146,True,False
U305430,active,tier_2,2025-06-09,4,7,False,True
U305431,active,tier_2,2024-10-26,5,11,False,True
U305432,lapsed,tier_1,2025-01-29,1,134,False,False
U305433,lapsed,tier_2,2024-06-16,1,98,False,False
U305434,high_frequency,tier_2,2025-10-16,22,3,False,False
U305435,active,tier_1,2025-02-12,3,18,False,True
U305436,active,tier_2,2024-05-20,3,20,True,False
U305437,lapsed,tier_1,2025-12-02,9,92,False,False
U305438,high_frequency,tier_3,2025-07-14,18,4,False,True
U305439,active,tier_2,2024-05-05,5,20,True,False
U305440,high_frequency,tier_2,2025-09-30,21,1,True,False
U305441,active,tier_2,2025-11-11,11,7,True,False
U305442,high_frequency,tier_2,2024-10-26,27,1,False,True
U305443,new,tier_3,2025-07-21,0,9999,True,False
U305444,active,tier_1,2025-09-27,8,20,False,True
U305445,new,tier_2,2025-08-07,0,9999,True,False
U305446,active,tier_2,2025-04-20,6,5,False,True
U305447,active,tier_3,2024-12-14,5,8,False,False
U305448,active,tier_2,2024-10-17,10,14,True,True
U305449,new,tier_1,2024-10-20,0,9999,True,False
U305450,active,tier_2,2026-01-06,9,13,True,False
U305451,lapsed,tier_2,2025-03-11,3,106,True,False
U305452,new,tier_1,2024-11-11,0,9999,False,False
U305453,active,tier_2,2025-03-14,5,7,True,True
U305454,active,tier_3,2025-08-06,5,16,True,False
U305455,high_frequency,tier_2,2025-07-03,16,3,False,True
U305456,new,tier_1,2026-01-11,0,9999,False,False
U305457,lapsed,tier_1,2025-11-12,4,131,True,True
U305458,active,tier_2,2025-05-20,2,14,False,False
U305459,active,tier_1,2024-09-05,4,14,True,False
U305460,lapsed,tier_1,2025-06-04,2,123,True,True
U305461,lapsed,tier_3,2025-01-13,1,174,True,False
U305462,active,tier_2,2024-12-25,3,12,True,True
U305463,active,tier_1,2025-06-25,1,4,True,True
U305464,active,tier_2,2025-04-22,4,12,True,False
U305465,high_frequency,tier_3,2024-12-20,9,1,False,True
U305466,lapsed,tier_1,2025-10-30,4,61,True,True
U305467,lapsed,tier_1,2024-04-09,4,160,True,True
U305468,lapsed,tier_3,2025-05-30,3,160,True,False
U305469,high_frequency,tier_2,2026-01-06,17,0,True,True
U305470,lapsed,tier_2,2026-02-17,4,166,False,False
U305471,new,tier_1,2025-01-01,0,9999,True,False
U305472,new,tier_2,2024-04-16,0,9999,False,False
U305473,lapsed,tier_3,2024-11-03,2,143,True,False
U305474,new,tier_1,2025-11-11,0,9999,False,True
U305475,active,tier_3,2025-03-14,9,14,False,False
U305476,new,tier_3,2025-11-12,0,9999,True,True
U305477,high_frequency,tier_2,2025-06-09,15,2,False,True
U305478,high_frequency,tier_2,2025-02-22,12,0,True,True
U305479,active,tier_1,2025-01-11,11,13,False,False
U305480,lapsed,tier_1,2025-09-15,8,150,True,True
U305481,active,tier_1,2025-11-03,7,14,True,True
U305482,new,tier_2,2024-12-14,0,9999,True,True
U305483,active,tier_1,2025-08-14,2,14,False,True
U305484,lapsed,tier_2,2024-11-22,2,83,True,False
U305485,new,tier_2,2025-10-16,0,9999,False,False
U305486,new,tier_1,2025-12-04,0,9999,False,False
U305487,active,tier_2,2024-04-06,9,18,False,False
U305488,active,tier_1,2025-10-13,3,12,False,True
U305489,lapsed,tier_2,2025-07-18,5,63,True,False
U305490,lapsed,tier_1,2025-04-19,1,86,True,False
U305491,active,tier_2,2025-09-28,8,4,True,True
U305492,active,tier_1,2025-12-22,11,4,True,True
U305493,active,tier_2,2025-04-06,6,19,True,True
U305494,high_frequency,tier_3,2024-06-24,21,1,False,True
U305495,new,tier_2,2024-08-06,0,9999,False,True
U305496,active,tier_2,2024-06-30,5,6,True,True
U305497,lapsed,tier_1,2025-06-14,2,136,False,False
U305498,lapsed,tier_2,2024-07-28,5,109,False,False
U305499,new,tier_1,2024-06-27,0,9999,True,False
U305500,active,tier_3,2024-05-03,4,13,True,True
U305501,active,tier_3,2024-12-27,4,12,True,True
U305502,high_frequency,tier_1,2024-06-17,18,1,False,True
U305503,lapsed,tier_2,2025-02-13,0,110,True,False
U305504,active,tier_1,2024-12-03,5,20,True,True
U305505,active,tier_1,2025-05-28,7,7,False,False
U305506,lapsed,tier_2,2024-08-11,7,103,False,False
U305507,new,tier_1,2025-04-28,0,9999,False,False
U305508,lapsed,tier_2,2025-01-05,4,155,False,False
U305509,lapsed,tier_2,2024-05-07,3,108,True,True
U305510,lapsed,tier_1,2025-10-25,5,85,False,False
U305511,active,tier_2,2024-12-12,7,10,True,False
U305512,lapsed,tier_2,2025-11-10,8,149,False,False
U305513,active,tier_1,2026-02-21,8,3,True,True
U305514,lapsed,tier_1,2024-04-16,1,153,True,True
U305515,high_frequency,tier_1,2025-01-19,20,4,True,True
U305516,active,tier_2,2025-08-03,4,4,True,False
U305517,active,tier_1,2024-10-28,9,15,False,True
U305518,new,tier_2,2025-09-22,0,9999,True,False
U305519,high_frequency,tier_2,2024-09-30,16,2,True,True
U305520,active,tier_2,2024-10-22,6,20,True,False
U305521,active,tier_3,2024-08-17,4,6,False,True
U305522,active,tier_1,2024-11-28,4,3,True,False
U305523,new,tier_1,2026-01-17,0,9999,True,False
U305524,lapsed,tier_3,2024-12-03,3,82,True,True
U305525,new,tier_1,2025-05-24,0,9999,True,True
U305526,new,tier_3,2024-08-17,0,9999,True,False
U305527,lapsed,tier_2,2025-04-18,3,145,False,False
U305528,active,tier_3,2025-05-04,4,17,False,True
U305529,lapsed,tier_2,2025-10-18,2,106,False,False
U305530,lapsed,tier_2,2025-01-30,1,97,False,False
U305531,lapsed,tier_1,2024-07-16,9,122,False,False
U305532,active,tier_3,2026-01-10,2,19,True,True
U305533,active,tier_3,2024-11-21,7,7,False,False
U305534,lapsed,tier_2,2025-02-04,2,172,False,False
U305535,high_frequency,tier_2,2024-10-27,23,1,False,True
U305536,active,tier_1,2025-10-06,3,14,True,False
U305537,new,tier_2,2025-09-16,0,9999,False,False
U305538,high_frequency,tier_1,2024-08-25,13,3,False,True
U305539,active,tier_1,2025-07-18,7,5,False,False
U305540,new,tier_1,2024-09-11,0,9999,False,False
U305541,new,tier_3,2025-04-13,0,9999,False,False
U305542,lapsed,tier_3,2025-07-29,5,130,False,False
U305543,active,tier_1,2024-11-03,6,3,True,True
U305544,lapsed,tier_2,2025-02-05,1,150,False,False
U305545,lapsed,tier_3,2024-09-03,8,137,True,True
U305546,high_frequency,tier_1,2025-07-07,18,2,False,True
U305547,new,tier_2,2025-03-31,0,9999,False,False
U305548,new,tier_1,2024-10-29,0,9999,False,False
U305549,high_frequency,tier_2,2025-03-20,19,0,True,False
U305550,active,tier_3,2025-03-27,10,20,True,False
U305551,high_frequency,tier_3,2024-06-08,23,1,False,True
U305552,high_frequency,tier_1,2025-12-18,10,4,False,True
U305553,active,tier_3,2024-07-05,9,17,False,False
U305554,new,tier_3,2025-02-09,0,9999,True,False
U305555,high_frequency,tier_3,2025-11-29,17,3,True,True
U305556,lapsed,tier_1,2025-11-25,6,83,True,False
U305557,active,tier_3,2025-10-19,5,7,False,True
U305558,new,tier_1,2025-08-28,0,9999,True,False
U305559,new,tier_1,2026-01-20,0,9999,True,False
U305560,lapsed,tier_3,2025-02-23,4,61,True,True
U305561,lapsed,tier_3,2025-06-16,3,160,True,True
U305562,high_frequency,tier_1,2025-01-04,22,1,True,True
U305563,active,tier_1,2026-02-13,5,3,False,False
U305564,high_frequency,tier_1,2024-12-03,14,1,True,True
U305565,high_frequency,tier_1,2025-08-03,21,4,False,True
U305566,new,tier_2,2024-12-28,0,9999,False,True
U305567,high_frequency,tier_1,2025-02-18,23,2,True,True
U305568,new,tier_3,2024-05-27,0,9999,True,False
U305569,active,tier_1,2025-10-11,5,16,False,True
U305570,active,tier_1,2025-02-22,4,13,True,True
U305571,high_frequency,tier_3,2024-05-30,16,1,False,True
U305572,high_frequency,tier_2,2024-07-03,17,4,True,False
U305573,lapsed,tier_3,2025-03-03,2,101,True,True
U305574,active,tier_1,2025-03-11,10,9,True,False
U305575,high_frequency,tier_3,2024-09-18,23,4,True,True
U305576,active,tier_1,2024-04-23,2,3,False,True
U305577,lapsed,tier_3,2025-09-10,6,140,True,False
U305578,new,tier_1,2025-06-27,0,9999,True,True
U305579,new,tier_2,2024-12-04,0,9999,True,True
U305580,new,tier_2,2025-12-14,0,9999,False,False
U305581,active,tier_1,2025-10-24,8,7,False,False
U305582,active,tier_2,2024-09-27,11,15,True,False
U305583,active,tier_2,2025-04-09,7,13,True,True
U305584,active,tier_2,2025-11-03,7,13,False,False
U305585,active,tier_2,2024-10-23,9,12,False,True
U305586,lapsed,tier_1,2024-08-02,2,140,False,True
U305587,active,tier_2,2024-11-15,1,12,True,True
U305588,lapsed,tier_1,2026-01-01,2,67,False,True
U305589,lapsed,tier_2,2026-02-17,3,82,False,False
U305590,active,tier_1,2026-01-13,6,13,False,True
U305591,high_frequency,tier_2,2024-11-03,26,0,False,True
U305592,lapsed,tier_2,2025-12-07,2,95,True,False
U305593,new,tier_2,2026-01-11,0,9999,False,False
U305594,high_frequency,tier_3,2025-10-20,24,1,True,True
U305595,new,tier_1,2025-10-11,0,9999,True,True
U305596,active,tier_1,2024-09-13,0,12,False,True
U305597,lapsed,tier_1,2024-04-18,7,126,True,False
U305598,new,tier_1,2024-12-16,0,9999,False,False
U305599,new,tier_1,2025-09-27,0,9999,False,False
U305600,active,tier_1,2026-02-23,5,7,True,True
U305601,high_frequency,tier_1,2026-02-02,26,0,True,True
U305602,lapsed,tier_3,2025-05-30,5,68,True,False
U305603,lapsed,tier_1,2024-12-15,5,129,False,False
U305604,active,tier_3,2024-12-22,4,13,True,True
U305605,new,tier_2,2024-06-27,0,9999,True,True
U305606,new,tier_3,2025-11-03,0,9999,True,False
U305607,active,tier_2,2024-05-22,4,11,False,True
U305608,new,tier_1,2024-07-02,0,9999,False,False
U305609,lapsed,tier_1,2026-02-26,4,171,False,False
U305610,high_frequency,tier_1,2025-03-15,15,0,True,True
U305611,active,tier_1,2026-01-16,4,7,True,True
U305612,new,tier_3,2024-09-06,0,9999,True,True
U305613,lapsed,tier_1,2024-06-14,4,121,False,False
U305614,active,tier_1,2026-02-02,7,13,True,True
U305615,active,tier_3,2025-11-28,6,5,False,True
U305616,high_frequency,tier_1,2025-11-01,23,4,False,False
U305617,new,tier_1,2024-06-20,0,9999,True,True
U305618,high_frequency,tier_1,2025-04-29,15,0,False,False
U305619,high_frequency,tier_1,2024-07-26,27,1,False,True
U305620,lapsed,tier_1,2025-05-18,7,74,True,True
U305621,new,tier_2,2024-05-01,0,9999,True,False
U305622,high_frequency,tier_1,2024-08-07,16,4,True,True
U305623,lapsed,tier_1,2024-10-23,2,60,True,False
U305624,active,tier_1,2024-06-12,8,13,False,True
U305625,lapsed,tier_1,2025-09-06,6,120,False,False
U305626,lapsed,tier_2,2026-02-01,6,140,False,True
U305627,high_frequency,tier_1,2025-02-24,21,3,True,True
U305628,active,tier_1,2025-04-03,4,7,True,True
U305629,active,tier_2,2025-02-19,4,9,False,False
U305630,high_frequency,tier_1,2024-04-28,16,0,False,False
U305631,high_frequency,tier_2,2024-12-03,11,1,True,True
U305632,high_frequency,tier_1,2024-08-21,18,4,False,False
U305633,high_frequency,tier_1,2024-10-01,19,4,True,True
U305634,active,tier_1,2025-11-14,6,13,False,False
U305635,active,tier_2,2026-01-10,3,14,False,True
U305636,lapsed,tier_2,2025-09-19,4,110,True,False
U305637,new,tier_2,2025-03-12,0,9999,False,False
U305638,high_frequency,tier_1,2025-10-21,16,3,True,True
U305639,active,tier_1,2025-08-02,9,3,True,True
U305640,active,tier_1,2024-04-29,2,8,False,True
U305641,active,tier_1,2024-08-22,6,18,True,True
U305642,lapsed,tier_2,2026-01-13,3,85,True,False
U305643,active,tier_2,2025-07-20,5,5,True,True
U305644,new,tier_1,2025-04-04,0,9999,True,False
U305645,active,tier_1,2024-06-04,3,18,True,True
U305646,high_frequency,tier_2,2025-11-15,30,0,True,True
U305647,lapsed,tier_2,2024-07-28,4,170,True,False
U305648,new,tier_1,2024-12-31,0,9999,False,False
U305649,lapsed,tier_1,2025-04-23,6,123,True,False
U305650,lapsed,tier_1,2025-06-02,6,166,True,False
U305651,active,tier_1,2025-06-29,7,11,True,True
U305652,active,tier_1,2024-11-16,11,15,False,True
U305653,new,tier_2,2025-11-14,0,9999,False,False
U305654,new,tier_2,2024-09-19,0,9999,False,True
U305655,new,tier_2,2025-01-26,0,9999,False,False
U305656,new,tier_1,2026-01-02,0,9999,False,True
U305657,active,tier_2,2024-08-10,8,18,True,False
U305658,lapsed,tier_3,2025-12-07,3,146,True,False
U305659,new,tier_3,2025-03-25,0,9999,True,False
U305660,lapsed,tier_1,2024-10-16,6,164,False,False
U305661,active,tier_1,2025-08-11,7,12,True,True
U305662,lapsed,tier_1,2024-10-26,5,138,True,False
U305663,high_frequency,tier_2,2025-11-06,17,0,True,True
U305664,active,tier_1,2025-10-14,5,6,True,False
U305665,active,tier_1,2024-04-05,7,11,False,True
U305666,active,tier_1,2025-08-06,9,9,True,True
U305667,active,tier_1,2025-01-25,4,17,True,True
U305668,active,tier_2,2024-10-11,4,11,False,False
U305669,new,tier_1,2025-11-16,0,9999,True,True
U305670,lapsed,tier_2,2025-04-18,4,114,True,True
U305671,lapsed,tier_3,2024-07-15,4,72,True,True
U305672,lapsed,tier_2,2025-07-02,4,157,False,False
U305673,active,tier_3,2025-07-27,9,12,False,True
U305674,high_frequency,tier_1,2026-02-17,19,4,False,False
U305675,active,tier_2,2024-05-14,9,7,True,True
U305676,active,tier_1,2025-08-15,9,8,True,True
U305677,active,tier_1,2024-08-20,7,14,False,True
U305678,lapsed,tier_1,2024-09-25,4,167,True,False
U305679,active,tier_1,2025-10-22,5,15,True,True
U305680,active,tier_3,2025-12-04,6,7,False,True
U305681,active,tier_1,2025-02-27,4,4,True,False
U305682,high_frequency,tier_3,2024-11-17,18,1,False,True
U305683,high_frequency,tier_2,2025-05-21,20,4,False,True
U305684,new,tier_3,2026-02-28,0,9999,True,True
U305685,lapsed,tier_1,2024-10-08,2,175,False,False
U305686,high_frequency,tier_1,2025-03-13,21,2,False,True
U305687,new,tier_1,2025-12-23,0,9999,True,True
U305688,active,tier_2,2026-01-10,4,13,False,False
U305689,active,tier_1,2025-09-01,9,3,False,True
U305690,active,tier_1,2025-04-17,10,10,True,True
U305691,lapsed,tier_1,2024-12-07,2,120,False,False
U305692,high_frequency,tier_2,2025-04-12,17,0,True,True
U305693,new,tier_1,2025-09-29,0,9999,True,True
U305694,new,tier_2,2025-07-04,0,9999,False,False
U305695,active,tier_3,2024-06-01,3,7,True,True
U305696,lapsed,tier_1,2024-10-03,5,155,True,True
U305697,lapsed,tier_2,2025-01-13,3,61,False,False
U305698,lapsed,tier_3,2025-01-09,5,151,True,True
U305699,active,tier_2,2025-07-25,6,20,True,True
U305700,new,tier_1,2025-10-12,0,9999,False,False
U305701,high_frequency,tier_1,2025-09-30,13,1,False,True
U305702,new,tier_2,2024-12-29,0,9999,True,True
U305703,active,tier_2,2024-08-10,6,8,True,True
U305704,lapsed,tier_3,2024-12-15,3,78,True,False
U305705,lapsed,tier_3,2024-05-05,1,89,False,False
U305706,high_frequency,tier_2,2024-11-26,8,4,True,True
U305707,active,tier_1,2026-02-05,4,16,True,False
U305708,active,tier_1,2025-03-17,9,19,False,True
U305709,new,tier_1,2025-04-28,0,9999,True,False
U305710,new,tier_1,2024-09-15,0,9999,False,True
U305711,new,tier_2,2025-05-22,0,9999,False,False
U305712,active,tier_2,2026-02-06,0,10,False,False
U305713,active,tier_1,2024-09-01,5,18,False,True
U305714,new,tier_2,2026-02-21,0,9999,False,False
U305715,lapsed,tier_1,2024-05-16,1,139,False,False
U305716,new,tier_2,2024-08-31,0,9999,True,True
U305717,active,tier_1,2024-05-27,8,15,False,True
U305718,new,tier_1,2025-05-14,0,9999,False,True
U305719,active,tier_3,2025-03-18,4,18,True,False
U305720,active,tier_1,2024-06-24,6,6,False,True
U305721,new,tier_3,2026-01-26,0,9999,True,True
U305722,lapsed,tier_3,2024-08-20,6,144,True,False
U305723,lapsed,tier_2,2024-11-16,4,150,True,False
U305724,lapsed,tier_1,2026-02-01,4,179,True,False
U305725,lapsed,tier_1,2025-11-19,4,97,False,True
U305726,lapsed,tier_1,2025-04-01,3,102,True,True
U305727,lapsed,tier_1,2024-04-25,5,81,True,False
U305728,lapsed,tier_1,2024-08-08,2,95,True,False
U305729,active,tier_2,2026-01-30,7,9,True,True
U305730,active,tier_2,2024-10-16,4,3,False,False
U305731,high_frequency,tier_1,2024-06-14,20,1,True,False
U305732,lapsed,tier_1,2024-08-12,3,83,False,False
U305733,new,tier_1,2025-10-08,0,9999,False,False
U305734,high_frequency,tier_2,2025-02-05,16,0,False,True
U305735,new,tier_1,2025-03-29,0,9999,True,False
U305736,active,tier_2,2024-10-24,10,18,False,False
U305737,active,tier_1,2024-04-19,4,7,True,True
U305738,high_frequency,tier_1,2024-06-28,22,1,True,True
U305739,lapsed,tier_2,2024-12-09,4,153,False,False
U305740,active,tier_3,2024-09-25,5,17,False,True
U305741,active,tier_1,2024-08-21,5,19,False,True
U305742,active,tier_1,2024-11-02,5,19,False,False
U305743,new,tier_2,2025-10-21,0,9999,False,False
U305744,active,tier_2,2024-07-27,5,3,False,True
U305745,lapsed,tier_1,2025-07-23,4,128,False,False
U305746,lapsed,tier_1,2025-10-03,2,74,True,False
U305747,lapsed,tier_1,2025-01-06,3,75,False,False
U305748,active,tier_3,2025-01-15,5,17,True,True
U305749,high_frequency,tier_1,2025-12-05,16,2,True,True
U305750,high_frequency,tier_3,2024-04-29,13,3,False,False
U305751,high_frequency,tier_2,2025-01-30,21,4,False,True
U305752,high_frequency,tier_1,2026-02-21,16,1,True,True
U305753,active,tier_2,2024-08-18,3,7,False,True
U305754,active,tier_2,2026-02-13,4,18,True,True
U305755,high_frequency,tier_2,2025-01-10,13,0,False,False
U305756,new,tier_2,2025-09-02,0,9999,False,False
U305757,new,tier_3,2025-09-15,0,9999,False,True
U305758,active,tier_1,2025-05-08,5,5,True,True
U305759,new,tier_3,2025-02-08,0,9999,False,True
U305760,high_frequency,tier_3,2025-08-15,15,2,True,True
U305761,high_frequency,tier_1,2025-01-21,15,4,False,True
U305762,high_frequency,tier_2,2025-11-11,20,2,False,False
U305763,active,tier_1,2024-09-01,10,18,True,False
U305764,lapsed,tier_2,2026-02-24,4,148,True,False
U305765,active,tier_2,2024-04-07,5,5,True,True
U305766,new,tier_1,2025-12-14,0,9999,False,False
U305767,high_frequency,tier_2,2024-07-02,21,2,True,True
U305768,new,tier_3,2024-08-03,0,9999,False,False
U305769,new,tier_3,2025-07-04,0,9999,False,True
U305770,new,tier_2,2025-03-05,0,9999,True,False
U305771,high_frequency,tier_1,2024-06-07,21,2,False,True
U305772,new,tier_1,2025-01-29,0,9999,True,False
U305773,lapsed,tier_3,2025-01-03,4,66,True,True
U305774,active,tier_2,2025-04-13,6,18,False,False
U305775,lapsed,tier_1,2024-04-06,5,107,True,False
U305776,high_frequency,tier_1,2024-05-06,21,3,False,True
U305777,high_frequency,tier_3,2026-01-11,13,4,True,True
U305778,high_frequency,tier_2,2025-04-23,23,1,True,True
U305779,lapsed,tier_3,2025-03-22,4,120,True,False
U305780,high_frequency,tier_1,2025-07-19,22,2,False,True
U305781,lapsed,tier_3,2025-04-02,3,176,True,False
U305782,high_frequency,tier_2,2025-11-26,13,2,False,True
U305783,lapsed,tier_1,2025-03-09,4,179,True,False
U305784,new,tier_2,2024-10-21,0,9999,True,False
U305785,high_frequency,tier_1,2025-06-19,18,0,False,True
U305786,new,tier_3,2024-11-01,0,9999,False,False
U305787,high_frequency,tier_1,2024-07-21,17,4,True,True
U305788,lapsed,tier_2,2025-09-11,2,171,True,False
U305789,lapsed,tier_2,2025-09-11,4,172,True,False
U305790,active,tier_2,2025-04-06,4,19,True,True
U305791,new,tier_2,2024-09-24,0,9999,False,False
U305792,high_frequency,tier_2,2025-11-14,17,0,False,True
U305793,active,tier_2,2025-01-08,9,18,True,False
U305794,active,tier_2,2025-02-18,5,13,True,True
U305795,high_frequency,tier_1,2025-11-01,27,0,False,True
U305796,active,tier_1,2024-09-07,4,10,True,True
U305797,lapsed,tier_2,2024-04-22,6,67,False,False
U305798,new,tier_1,2024-04-14,0,9999,False,False
U305799,active,tier_1,2025-09-13,7,8,False,False
U305800,active,tier_1,2025-02-02,5,6,False,True
U305801,new,tier_2,2024-12-08,0,9999,True,True
U305802,high_frequency,tier_1,2025-07-20,10,1,False,True
U305803,lapsed,tier_3,2024-05-22,2,101,False,False
U305804,active,tier_1,2025-11-30,3,18,True,False
U305805,new,tier_1,2025-08-19,0,9999,False,False
U305806,lapsed,tier_2,2025-04-12,4,143,True,False
U305807,lapsed,tier_2,2024-05-24,5,157,True,True
U305808,lapsed,tier_1,2025-09-28,4,69,False,False
U305809,high_frequency,tier_2,2025-03-05,15,2,False,True
U305810,new,tier_2,2024-12-15,0,9999,False,False
U305811,active,tier_1,2024-06-07,2,17,False,False
U305812,lapsed,tier_1,2025-01-16,4,170,True,False
U305813,lapsed,tier_2,2025-05-12,3,144,True,True
U305814,new,tier_2,2024-09-02,0,9999,False,False
U305815,new,tier_1,2025-12-15,0,9999,True,False
U305816,new,tier_1,2024-09-19,0,9999,False,False
U305817,lapsed,tier_2,2024-05-14,1,100,False,False
U305818,lapsed,tier_1,2025-09-08,2,132,False,False
U305819,new,tier_1,2024-04-25,0,9999,True,False
U305820,high_frequency,tier_2,2024-05-18,20,4,False,True
U305821,lapsed,tier_3,2025-02-14,3,72,False,False
U305822,active,tier_1,2025-04-26,7,12,False,False
U305823,lapsed,tier_1,2025-11-22,1,151,True,True
U305824,high_frequency,tier_1,2025-07-04,13,3,True,True
U305825,active,tier_1,2024-12-29,7,12,False,False
U305826,new,tier_1,2026-02-01,0,9999,True,False
U305827,new,tier_1,2025-04-01,0,9999,True,False
U305828,lapsed,tier_1,2024-04-18,5,106,True,False
U305829,lapsed,tier_2,2024-12-25,7,77,True,False
U305830,active,tier_1,2025-06-22,10,3,True,False
U305831,high_frequency,tier_2,2024-08-12,22,0,False,True
U305832,active,tier_2,2025-03-17,5,18,True,False
U305833,active,tier_3,2025-10-25,7,16,True,False
U305834,new,tier_1,2025-11-07,0,9999,True,False
U305835,lapsed,tier_3,2024-10-14,3,178,True,True
U305836,lapsed,tier_1,2024-05-29,6,152,True,True
U305837,high_frequency,tier_1,2024-11-20,20,0,True,True
U305838,lapsed,tier_3,2025-01-22,4,168,True,True
U305839,active,tier_3,2024-06-17,6,11,False,False
U305840,active,tier_1,2024-05-27,4,5,True,False
U305841,active,tier_2,2024-04-19,5,6,True,True
U305842,high_frequency,tier_1,2026-02-20,19,4,False,True
U305843,active,tier_3,2024-11-19,7,6,False,False
U305844,active,tier_1,2024-08-10,5,18,True,True
U305845,high_frequency,tier_1,2024-04-05,19,4,True,True
U305846,active,tier_2,2024-06-13,10,10,True,False
U305847,active,tier_3,2025-06-05,12,3,True,True
U305848,lapsed,tier_2,2024-06-28,3,145,False,False
U305849,lapsed,tier_1,2026-01-19,3,173,True,False
U305850,high_frequency,tier_3,2025-08-09,16,0,False,True
U305851,new,tier_1,2025-07-21,0,9999,False,False
U305852,high_frequency,tier_2,2025-09-18,14,1,True,True
U305853,new,tier_2,2025-01-03,0,9999,True,False
U305854,active,tier_3,2025-08-06,5,12,False,True
U305855,active,tier_1,2025-11-08,9,16,False,True
U305856,lapsed,tier_1,2025-03-18,4,108,True,False
U305857,new,tier_1,2025-10-10,0,9999,True,False
U305858,lapsed,tier_1,2024-12-27,2,170,True,False
U305859,lapsed,tier_3,2025-07-09,5,88,True,True
U305860,lapsed,tier_2,2025-08-27,3,173,False,False
U305861,new,tier_2,2024-10-16,0,9999,False,False
U305862,new,tier_1,2024-07-09,0,9999,True,True
U305863,high_frequency,tier_2,2025-01-14,13,4,False,True
U305864,lapsed,tier_1,2026-01-09,1,96,False,False
U305865,active,tier_1,2025-11-15,5,7,True,False
U305866,active,tier_2,2024-05-24,8,4,True,False
U305867,high_frequency,tier_3,2025-10-08,16,3,True,True
U305868,new,tier_2,2025-11-20,0,9999,False,False
U305869,lapsed,tier_2,2024-12-29,3,106,False,False
U305870,high_frequency,tier_2,2024-08-09,23,2,False,True
U305871,new,tier_2,2025-04-03,0,9999,False,False
U305872,lapsed,tier_2,2025-01-22,3,103,False,False
U305873,lapsed,tier_3,2025-08-29,1,139,True,False
U305874,new,tier_3,2025-06-14,0,9999,False,False
U305875,lapsed,tier_3,2026-02-07,2,104,False,False
U305876,lapsed,tier_1,2025-10-28,6,158,False,True
U305877,new,tier_2,2026-01-18,0,9999,False,False
U305878,active,tier_2,2025-06-06,3,17,False,False
U305879,active,tier_1,2026-01-02,5,18,False,True
U305880,active,tier_1,2025-12-01,7,19,False,True
U305881,active,tier_2,2025-04-09,8,11,False,True
U305882,active,tier_1,2025-09-12,6,8,False,True
U305883,active,tier_3,2024-11-12,8,16,False,False
U305884,high_frequency,tier_1,2025-06-03,22,0,True,True
U305885,new,tier_2,2025-09-04,0,9999,True,True
U305886,active,tier_2,2024-12-21,4,3,False,False
U305887,lapsed,tier_1,2024-04-08,3,120,False,False
U305888,new,tier_2,2025-06-13,0,9999,False,False
U305889,active,tier_1,2025-01-16,4,14,True,False
U305890,lapsed,tier_3,2024-04-11,5,116,False,False
U305891,high_frequency,tier_1,2024-07-21,16,3,True,True
U305892,new,tier_3,2024-06-26,0,9999,False,False
U305893,high_frequency,tier_1,2025-11-29,18,1,False,True
U305894,new,tier_2,2026-01-28,0,9999,False,False
U305895,lapsed,tier_2,2025-06-17,6,79,True,True
U305896,new,tier_1,2026-02-23,0,9999,False,True
U305897,new,tier_2,2025-08-18,0,9999,False,False
U305898,high_frequency,tier_2,2025-06-06,16,3,False,True
U305899,new,tier_1,2024-10-22,0,9999,True,False
U305900,active,tier_1,2025-04-24,8,20,False,True
U305901,active,tier_1,2025-06-02,2,13,True,True
U305902,high_frequency,tier_1,2025-07-25,14,2,True,True
U305903,lapsed,tier_2,2024-11-12,4,91,False,False
U305904,lapsed,tier_1,2024-10-20,2,145,False,False
U305905,active,tier_2,2025-04-10,3,4,False,True
U305906,active,tier_2,2025-12-06,6,12,True,False
U305907,active,tier_2,2025-02-25,2,8,False,False
U305908,active,tier_3,2025-05-20,8,5,True,False
U305909,active,tier_1,2024-11-21,12,6,True,True
U305910,high_frequency,tier_1,2025-07-13,16,4,True,True
U305911,new,tier_2,2026-01-15,0,9999,True,False
U305912,new,tier_3,2024-06-13,0,9999,False,True
U305913,high_frequency,tier_1,2024-09-08,20,3,True,True
U305914,high_frequency,tier_2,2025-11-24,18,3,True,True
U305915,active,tier_2,2025-08-09,9,19,True,True
U305916,active,tier_2,2025-06-08,7,19,False,False
U305917,lapsed,tier_2,2026-02-27,4,99,True,False
U305918,lapsed,tier_1,2026-01-19,4,95,False,False
U305919,high_frequency,tier_1,2025-03-10,21,0,True,True
U305920,active,tier_2,2026-01-31,4,7,True,False
U305921,lapsed,tier_1,2024-05-11,6,94,True,True
U305922,new,tier_2,2024-09-01,0,9999,False,False
U305923,active,tier_1,2025-05-03,11,7,False,True
U305924,lapsed,tier_2,2024-09-09,2,173,False,False
U305925,high_frequency,tier_3,2026-01-21,21,0,False,True
U305926,lapsed,tier_3,2026-01-15,5,109,False,True
U305927,active,tier_3,2025-07-02,8,9,False,False
U305928,high_frequency,tier_1,2026-02-07,12,1,False,True
U305929,active,tier_2,2024-05-16,7,13,False,False
U305930,active,tier_1,2024-10-31,11,17,True,True
U305931,new,tier_2,2025-03-22,0,9999,True,True
U305932,new,tier_1,2025-04-20,0,9999,True,False
U305933,lapsed,tier_1,2024-10-06,2,155,True,True
U305934,active,tier_1,2025-11-30,8,17,False,True
U305935,high_frequency,tier_2,2024-12-30,18,2,True,True
U305936,active,tier_3,2024-08-27,8,9,True,True
U305937,active,tier_1,2024-09-04,5,15,True,True
U305938,high_frequency,tier_2,2024-12-04,17,2,True,True
U305939,lapsed,tier_2,2024-08-19,3,167,False,False
U305940,high_frequency,tier_3,2024-12-29,12,1,True,True
U305941,high_frequency,tier_2,2025-01-07,24,0,True,True
U305942,high_frequency,tier_1,2024-09-29,22,1,False,True
U305943,new,tier_2,2025-09-19,0,9999,False,False
U305944,lapsed,tier_1,2025-07-27,5,148,True,False
U305945,high_frequency,tier_2,2025-10-04,10,3,True,True
U305946,active,tier_1,2025-06-22,7,8,False,True
U305947,active,tier_1,2025-02-09,6,18,True,False
U305948,new,tier_1,2024-10-09,0,9999,True,True
U305949,high_frequency,tier_3,2025-09-09,14,3,False,True
U305950,active,tier_1,2025-09-02,10,5,True,False
U305951,new,tier_3,2025-01-06,0,9999,True,False
U305952,new,tier_1,2024-09-18,0,9999,False,False
U305953,lapsed,tier_2,2025-09-04,3,65,False,True
U305954,active,tier_1,2025-05-28,9,9,False,True
U305955,new,tier_1,2025-11-07,0,9999,False,False
U305956,lapsed,tier_1,2025-02-10,4,97,True,False
U305957,lapsed,tier_2,2025-12-02,3,153,True,False
U305958,active,tier_3,2025-12-08,10,7,True,False
U305959,active,tier_3,2026-02-20,14,5,False,True
U305960,new,tier_1,2025-09-19,0,9999,True,False
U305961,active,tier_1,2025-05-07,8,11,False,False
U305962,high_frequency,tier_3,2025-08-07,16,2,True,True
U305963,active,tier_3,2025-11-09,8,7,True,True
U305964,active,tier_1,2024-08-01,6,10,True,True
U305965,active,tier_2,2024-07-17,4,6,False,False
U305966,lapsed,tier_3,2024-11-27,3,129,True,True
U305967,active,tier_3,2025-07-07,3,11,False,True
U305968,new,tier_1,2025-09-21,0,9999,False,False
U305969,active,tier_1,2025-11-20,7,11,True,True
U305970,lapsed,tier_2,2025-03-12,4,75,True,True
U305971,high_frequency,tier_2,2025-07-12,19,2,False,False
U305972,high_frequency,tier_2,2024-06-18,11,3,True,True
U305973,new,tier_2,2024-06-07,0,9999,False,False
U305974,high_frequency,tier_1,2025-12-01,23,0,True,True
U305975,new,tier_3,2024-06-24,0,9999,False,False
U305976,high_frequency,tier_3,2026-02-18,21,2,False,False
U305977,new,tier_1,2025-10-06,0,9999,False,False
U305978,new,tier_2,2025-01-27,0,9999,True,True
U305979,active,tier_1,2025-09-13,7,15,True,True
U305980,lapsed,tier_1,2025-03-04,2,122,True,False
U305981,new,tier_3,2026-01-24,0,9999,False,False
U305982,new,tier_2,2025-07-25,0,9999,False,False
U305983,active,tier_2,2025-03-04,5,13,False,False
U305984,lapsed,tier_1,2024-07-13,3,92,False,False
U305985,lapsed,tier_1,2025-05-27,5,95,False,False
U305986,active,tier_2,2025-03-20,8,4,False,False
U305987,new,tier_2,2024-04-19,0,9999,False,False
U305988,lapsed,tier_1,2024-05-28,6,121,False,False
U305989,new,tier_1,2025-12-29,0,9999,False,False
U305990,high_frequency,tier_1,2025-10-21,29,1,False,True
U305991,lapsed,tier_1,2025-03-28,4,166,False,False
U305992,high_frequency,tier_1,2025-09-29,14,3,True,True
U305993,active,tier_1,2024-04-08,6,8,True,True
U305994,lapsed,tier_1,2025-03-09,4,130,False,False
U305995,active,tier_3,2024-07-25,5,7,False,False
U305996,lapsed,tier_1,2026-01-03,2,159,False,False
U305997,new,tier_2,2024-05-09,0,9999,True,False
U305998,new,tier_1,2024-12-31,0,9999,False,False
U305999,high_frequency,tier_3,2024-09-27,19,3,False,True
U306000,new,tier_1,2024-07-10,0,9999,True,True
U306001,active,tier_2,2024-11-10,3,20,True,True
U306002,active,tier_2,2025-07-07,6,15,False,True
U306003,high_frequency,tier_1,2024-06-07,13,2,False,True
U306004,active,tier_2,2025-12-19,6,8,True,True
U306005,high_frequency,tier_2,2025-01-21,14,0,True,True
U306006,lapsed,tier_1,2024-07-10,2,138,True,True
U306007,lapsed,tier_2,2025-11-20,4,78,False,False
U306008,active,tier_1,2025-08-28,8,11,True,True
U306009,high_frequency,tier_1,2024-07-01,17,2,True,True
U306010,active,tier_2,2025-08-01,8,3,False,True
U306011,active,tier_3,2024-07-18,5,17,False,False
U306012,high_frequency,tier_1,2024-05-25,17,4,False,True
U306013,active,tier_1,2025-01-19,6,19,True,True
U306014,lapsed,tier_3,2025-01-05,9,156,True,True
U306015,lapsed,tier_1,2025-08-21,5,136,True,True
U306016,active,tier_1,2026-01-26,5,8,True,True
U306017,active,tier_2,2025-03-24,4,11,True,True
U306018,high_frequency,tier_2,2026-01-18,25,0,True,True
U306019,new,tier_2,2025-07-27,0,9999,True,False
U306020,high_frequency,tier_3,2025-05-23,16,1,False,True
U306021,lapsed,tier_1,2024-12-18,2,163,False,False
U306022,active,tier_3,2025-09-29,10,13,True,True
U306023,new,tier_3,2025-10-21,0,9999,True,False
U306024,active,tier_1,2025-09-29,4,13,False,True
U306025,high_frequency,tier_2,2025-09-28,18,2,False,True
U306026,new,tier_1,2025-07-22,0,9999,False,False
U306027,lapsed,tier_2,2024-04-25,2,89,False,False
U306028,active,tier_2,2025-04-10,6,12,True,False
U306029,new,tier_3,2025-10-20,0,9999,True,False
U306030,high_frequency,tier_3,2024-08-23,18,1,False,True
U306031,new,tier_2,2025-11-24,0,9999,True,True
U306032,new,tier_1,2024-08-07,0,9999,False,False
U306033,high_frequency,tier_1,2025-07-28,14,1,True,True
U306034,high_frequency,tier_2,2024-06-23,23,2,False,True
U306035,active,tier_2,2026-02-27,5,15,False,False
U306036,high_frequency,tier_1,2025-10-15,23,2,False,True
U306037,lapsed,tier_2,2026-02-19,5,121,True,True
U306038,active,tier_1,2026-01-26,6,4,False,True
U306039,new,tier_2,2024-10-31,0,9999,False,False
U306040,active,tier_2,2025-12-18,9,16,True,False
U306041,lapsed,tier_3,2025-08-02,4,142,True,False
U306042,active,tier_2,2024-09-07,6,8,True,True
U306043,active,tier_1,2025-09-27,8,20,False,True
U306044,lapsed,tier_2,2025-01-24,4,129,True,False
U306045,active,tier_2,2025-07-08,5,17,True,True
U306046,lapsed,tier_1,2026-02-09,8,82,False,False
U306047,active,tier_3,2024-08-17,8,10,True,True
U306048,lapsed,tier_3,2024-10-02,6,114,False,False
U306049,new,tier_1,2025-07-23,0,9999,True,False
U306050,high_frequency,tier_2,2024-05-02,18,1,True,True
U306051,new,tier_1,2025-04-09,0,9999,False,False
U306052,high_frequency,tier_1,2024-10-24,20,0,True,False
U306053,active,tier_1,2024-09-01,7,15,True,True
U306054,new,tier_2,2024-12-03,0,9999,True,True
U306055,active,tier_2,2024-11-30,7,17,True,False
U306056,lapsed,tier_1,2024-12-22,7,130,True,False
U306057,active,tier_1,2025-11-20,6,12,True,False
U306058,active,tier_2,2024-04-21,4,5,True,True
U306059,active,tier_2,2024-09-03,3,19,True,False
U306060,active,tier_1,2025-12-08,3,8,True,False
U306061,active,tier_3,2025-06-28,7,5,True,True
U306062,high_frequency,tier_1,2025-08-30,12,2,True,True
U306063,high_frequency,tier_2,2024-11-20,10,4,True,True
U306064,new,tier_3,2025-08-06,0,9999,False,False
U306065,high_frequency,tier_2,2024-07-06,15,4,False,False
U306066,active,tier_2,2025-10-12,6,17,False,False
U306067,new,tier_2,2025-08-09,0,9999,True,True
U306068,new,tier_1,2024-05-14,0,9999,True,False
U306069,active,tier_2,2025-08-09,4,20,False,False
U306070,lapsed,tier_1,2025-02-07,3,104,True,False
U306071,lapsed,tier_1,2024-07-30,4,173,False,False
U306072,active,tier_3,2025-04-18,8,15,True,True
U306073,lapsed,tier_3,2025-11-18,6,77,False,False
U306074,new,tier_3,2024-07-17,0,9999,True,False
U306075,high_frequency,tier_1,2024-12-19,20,3,False,False
U306076,active,tier_1,2025-07-24,3,15,True,True
U306077,active,tier_1,2025-08-06,2,15,True,False
U306078,high_frequency,tier_3,2025-09-06,19,1,True,True
U306079,high_frequency,tier_2,2025-10-26,13,4,True,True
U306080,high_frequency,tier_1,2025-08-11,11,0,False,True
U306081,high_frequency,tier_2,2024-08-23,14,2,True,True
U306082,active,tier_3,2025-05-19,10,12,True,False
U306083,lapsed,tier_2,2025-02-01,3,179,True,False
U306084,new,tier_1,2024-05-25,0,9999,False,True
U306085,new,tier_3,2025-06-11,0,9999,True,True
U306086,lapsed,tier_2,2024-05-19,5,88,False,False
U306087,high_frequency,tier_1,2026-01-26,18,0,False,True
U306088,active,tier_2,2025-02-23,3,3,True,False
U306089,lapsed,tier_2,2025-02-14,5,104,True,True
U306090,active,tier_2,2026-01-09,4,4,False,True
U306091,new,tier_2,2025-10-01,0,9999,True,True
U306092,new,tier_3,2024-06-29,0,9999,True,False
U306093,new,tier_1,2025-05-05,0,9999,True,False
U306094,lapsed,tier_2,2025-10-15,6,170,True,True
U306095,active,tier_1,2025-06-06,8,16,True,False
U306096,high_frequency,tier_1,2024-06-29,20,3,False,False
U306097,active,tier_2,2025-01-15,7,6,False,True
U306098,high_frequency,tier_1,2025-07-28,11,0,True,False
U306099,high_frequency,tier_3,2025-02-10,26,3,True,True
U306100,high_frequency,tier_1,2024-07-04,14,2,False,True
U306101,high_frequency,tier_1,2026-01-05,20,0,True,True
U306102,new,tier_2,2025-07-11,0,9999,False,True
U306103,high_frequency,tier_3,2025-11-10,14,1,False,True
U306104,active,tier_1,2025-02-08,7,3,False,True
U306105,high_frequency,tier_3,2025-01-03,20,4,False,True
U306106,high_frequency,tier_1,2024-07-18,16,1,False,False
U306107,high_frequency,tier_2,2025-04-27,16,3,False,True
U306108,active,tier_3,2024-06-05,3,6,False,True
U306109,active,tier_2,2024-05-09,3,18,True,False
U306110,active,tier_1,2025-02-22,5,16,False,True
U306111,active,tier_1,2024-08-04,3,12,False,True
U306112,high_frequency,tier_2,2024-05-02,23,3,False,True
U306113,active,tier_1,2024-11-21,5,9,True,True
U306114,active,tier_2,2024-04-19,13,6,False,True
U306115,lapsed,tier_2,2025-07-07,5,90,False,False
U306116,active,tier_3,2025-11-11,6,9,True,True
U306117,lapsed,tier_2,2024-07-17,6,81,True,False
U306118,active,tier_1,2025-11-21,10,11,True,False
U306119,active,tier_1,2026-01-31,3,5,False,True
U306120,high_frequency,tier_1,2026-02-18,16,1,True,True
U306121,lapsed,tier_1,2025-10-09,2,77,True,True
U306122,new,tier_2,2024-07-30,0,9999,False,False
U306123,high_frequency,tier_3,2024-05-05,15,0,False,True
U306124,new,tier_2,2025-09-14,0,9999,False,False
U306125,lapsed,tier_1,2025-01-16,2,157,True,True
U306126,lapsed,tier_2,2025-06-12,9,125,True,True
U306127,high_frequency,tier_1,2025-08-08,15,1,True,True
U306128,new,tier_3,2024-05-26,0,9999,True,False
U306129,new,tier_1,2024-08-21,0,9999,True,False
U306130,active,tier_1,2025-02-07,4,15,True,True
U306131,high_frequency,tier_1,2024-06-18,13,0,True,True
U306132,active,tier_2,2024-07-24,5,16,True,True
U306133,active,tier_2,2026-01-23,6,11,True,False
U306134,high_frequency,tier_3,2024-05-06,30,0,False,True
U306135,high_frequency,tier_2,2024-12-08,13,4,True,True
U306136,new,tier_1,2024-06-08,0,9999,True,False
U306137,active,tier_2,2024-07-27,5,15,False,True
U306138,new,tier_1,2025-01-19,0,9999,True,False
U306139,active,tier_1,2025-12-29,7,13,True,True
U306140,new,tier_1,2024-11-17,0,9999,True,False
U306141,lapsed,tier_3,2025-05-28,3,103,False,False
U306142,new,tier_3,2025-04-16,0,9999,False,False
U306143,high_frequency,tier_1,2024-05-29,25,3,False,True
U306144,high_frequency,tier_1,2024-09-29,19,2,False,False
U306145,active,tier_1,2025-03-11,6,16,True,True
U306146,new,tier_1,2026-02-15,0,9999,False,False
U306147,lapsed,tier_1,2024-12-21,7,156,False,False
U306148,lapsed,tier_2,2025-03-06,3,99,True,True
U306149,active,tier_2,2024-04-16,3,13,False,False
U306150,high_frequency,tier_1,2025-12-06,34,3,True,True
U306151,lapsed,tier_1,2025-12-28,2,150,False,False
U306152,lapsed,tier_3,2024-11-03,5,132,True,False
U306153,active,tier_3,2025-02-13,6,16,True,False
U306154,lapsed,tier_1,2025-03-01,5,107,True,False
U306155,active,tier_1,2025-06-07,5,8,True,False
U306156,high_frequency,tier_1,2024-12-29,16,2,True,True
U306157,lapsed,tier_2,2024-10-30,5,96,False,False
U306158,high_frequency,tier_2,2025-08-11,21,3,False,True
U306159,active,tier_1,2025-08-04,7,12,False,False
U306160,active,tier_1,2025-11-03,7,6,True,True
U306161,lapsed,tier_1,2024-09-12,6,71,True,False
U306162,high_frequency,tier_1,2025-07-03,23,3,False,True
U306163,lapsed,tier_3,2024-05-18,2,177,False,False
U306164,active,tier_2,2025-01-09,8,10,False,True
U306165,active,tier_1,2026-02-06,7,20,False,True
U306166,active,tier_1,2025-03-20,5,5,False,True
U306167,lapsed,tier_3,2025-02-11,2,141,False,False
U306168,active,tier_1,2025-08-30,7,19,False,True
U306169,active,tier_1,2024-09-26,3,11,True,False
U306170,high_frequency,tier_1,2025-10-27,22,1,True,False
U306171,active,tier_3,2025-08-15,4,8,True,True
U306172,new,tier_1,2024-10-30,0,9999,True,False
U306173,lapsed,tier_2,2024-10-27,4,115,True,False
U306174,high_frequency,tier_2,2024-11-06,27,3,True,True
U306175,lapsed,tier_1,2026-01-15,6,101,False,False
U306176,active,tier_1,2024-08-06,2,7,True,True
U306177,lapsed,tier_1,2024-10-13,7,72,True,True
U306178,high_frequency,tier_1,2024-07-07,22,3,True,True
U306179,high_frequency,tier_1,2024-06-05,20,4,False,True
U306180,active,tier_2,2025-02-08,5,4,True,True
U306181,high_frequency,tier_1,2025-12-04,16,4,False,True
U306182,lapsed,tier_2,2024-09-26,4,111,False,False
U306183,active,tier_3,2025-11-17,7,5,False,True
U306184,active,tier_1,2024-07-15,6,11,False,False
U306185,active,tier_1,2025-09-01,9,20,False,True
U306186,active,tier_1,2025-09-24,4,9,True,False
U306187,new,tier_1,2025-10-17,0,9999,True,False
U306188,lapsed,tier_1,2025-02-05,3,136,True,True
U306189,high_frequency,tier_1,2025-06-13,17,0,True,True
U306190,lapsed,tier_1,2024-07-22,6,83,True,True
U306191,active,tier_2,2024-12-07,2,4,True,False
U306192,active,tier_3,2025-10-21,3,10,False,True
U306193,active,tier_2,2025-12-17,2,10,True,False
U306194,high_frequency,tier_1,2025-01-10,24,0,False,False
U306195,active,tier_1,2024-08-31,5,14,False,True
U306196,new,tier_1,2026-02-26,0,9999,False,False
U306197,new,tier_1,2024-08-26,0,9999,False,False
U306198,active,tier_2,2024-05-11,4,8,True,True
U306199,active,tier_2,2025-02-24,5,8,False,True
U306200,high_frequency,tier_2,2025-11-25,17,4,False,True
U306201,active,tier_1,2024-08-31,5,17,False,False
U306202,lapsed,tier_1,2024-12-29,7,107,True,False
U306203,new,tier_2,2025-08-03,0,9999,True,True
U306204,active,tier_1,2024-11-08,3,19,False,False
U306205,lapsed,tier_3,2024-12-05,2,114,False,False
U306206,high_frequency,tier_2,2024-11-26,22,3,True,True
U306207,lapsed,tier_3,2025-02-11,5,139,False,True
U306208,high_frequency,tier_2,2025-09-06,20,0,True,True
U306209,lapsed,tier_3,2025-11-23,5,95,False,True
U306210,active,tier_1,2024-05-08,9,7,False,True
U306211,lapsed,tier_1,2025-10-06,5,60,True,False
U306212,high_frequency,tier_2,2024-05-06,17,4,True,True
U306213,active,tier_1,2024-11-24,7,19,True,True
U306214,lapsed,tier_3,2025-04-08,2,116,True,False
U306215,new,tier_2,2025-02-07,0,9999,False,False
U306216,lapsed,tier_1,2025-11-15,6,132,True,True
U306217,active,tier_1,2025-05-27,6,4,True,True
U306218,new,tier_2,2025-02-03,0,9999,False,False
U306219,active,tier_2,2025-09-23,8,15,False,False
U306220,high_frequency,tier_3,2025-07-08,20,1,True,True
U306221,lapsed,tier_2,2024-07-10,4,91,True,True
U306222,high_frequency,tier_1,2026-02-24,20,0,True,False
U306223,high_frequency,tier_2,2025-10-29,14,3,True,True
U306224,active,tier_2,2025-11-09,7,17,False,True
U306225,active,tier_2,2025-12-19,6,15,False,True
U306226,active,tier_2,2024-08-07,6,16,False,True
U306227,active,tier_2,2025-06-02,11,16,True,True
U306228,active,tier_3,2024-08-03,7,4,True,True
U306229,new,tier_2,2024-10-24,0,9999,True,False
U306230,active,tier_2,2025-04-29,6,3,False,True
U306231,active,tier_1,2025-01-07,2,4,True,True
U306232,high_frequency,tier_3,2024-07-22,19,1,True,True
U306233,active,tier_1,2025-12-31,5,19,False,True
U306234,active,tier_2,2024-05-03,8,9,True,True
U306235,active,tier_3,2024-07-20,4,7,True,False
U306236,new,tier_2,2024-07-15,0,9999,False,True
U306237,active,tier_1,2025-04-13,8,9,False,True
U306238,active,tier_2,2024-04-02,5,13,True,True
U306239,new,tier_1,2025-09-18,0,9999,True,False
U306240,active,tier_1,2025-09-23,8,16,True,False
U306241,lapsed,tier_1,2024-11-25,6,60,True,False
U306242,active,tier_2,2024-12-31,7,16,True,True
U306243,lapsed,tier_1,2026-03-01,2,167,True,False
U306244,active,tier_3,2025-08-20,13,14,True,False
U306245,lapsed,tier_1,2025-05-16,6,168,False,False
U306246,high_frequency,tier_2,2024-09-22,9,3,True,True
U306247,active,tier_2,2024-11-27,4,8,True,False
U306248,active,tier_3,2024-09-07,6,16,False,False
U306249,lapsed,tier_1,2025-07-18,2,72,True,True
U306250,active,tier_1,2024-11-29,3,19,False,False
U306251,active,tier_2,2025-03-24,9,16,False,True
U306252,active,tier_2,2025-01-13,8,17,False,True
U306253,high_frequency,tier_1,2025-11-08,22,2,False,True
U306254,active,tier_1,2024-12-14,4,15,False,True
U306255,active,tier_1,2025-09-14,7,18,False,False
U306256,lapsed,tier_3,2025-05-07,2,160,False,False
U306257,lapsed,tier_1,2025-06-08,3,134,False,False
U306258,high_frequency,tier_1,2025-03-10,29,0,True,True
U306259,lapsed,tier_1,2024-04-04,1,166,False,False
U306260,new,tier_2,2024-11-03,0,9999,True,False
U306261,active,tier_1,2024-05-09,10,3,False,False
U306262,active,tier_3,2025-08-07,6,14,False,False
U306263,high_frequency,tier_2,2024-05-20,27,3,False,True
U306264,lapsed,tier_2,2024-09-23,0,97,True,False
U306265,new,tier_2,2024-10-13,0,9999,False,False
U306266,high_frequency,tier_3,2025-09-01,16,1,False,False
U306267,high_frequency,tier_2,2025-01-16,12,3,True,True
U306268,active,tier_3,2024-04-08,5,8,True,True
U306269,active,tier_3,2025-05-22,7,13,False,True
U306270,new,tier_3,2024-10-02,0,9999,False,False
U306271,active,tier_1,2024-05-30,7,3,False,False
U306272,active,tier_3,2024-12-31,8,15,False,False
U306273,new,tier_2,2024-06-30,0,9999,False,False
U306274,active,tier_3,2024-06-26,6,11,False,False
U306275,high_frequency,tier_1,2024-06-23,20,4,False,True
U306276,high_frequency,tier_2,2025-12-08,18,3,True,True
U306277,lapsed,tier_1,2024-06-09,2,71,True,True
U306278,high_frequency,tier_3,2025-04-12,14,3,True,False
U306279,lapsed,tier_1,2024-04-11,5,60,True,False
U306280,active,tier_2,2024-04-01,5,19,True,True
U306281,active,tier_1,2024-09-13,8,11,False,False
U306282,high_frequency,tier_1,2024-06-24,20,4,True,True
U306283,lapsed,tier_2,2024-12-26,4,105,True,False
U306284,high_frequency,tier_3,2024-04-19,16,4,True,True
U306285,active,tier_2,2024-06-26,5,10,False,False
U306286,high_frequency,tier_3,2024-12-05,19,4,False,False
U306287,active,tier_3,2024-10-28,6,14,False,False
U306288,active,tier_2,2024-09-26,8,10,True,True
U306289,high_frequency,tier_1,2025-05-17,15,3,False,True
U306290,active,tier_2,2025-12-17,6,12,True,True
U306291,lapsed,tier_1,2024-10-11,4,70,True,False
U306292,active,tier_1,2024-11-12,6,14,True,True
U306293,active,tier_1,2025-07-31,2,9,True,True
U306294,active,tier_1,2025-02-02,3,6,True,True
U306295,active,tier_3,2025-02-04,4,15,False,False
U306296,active,tier_2,2025-10-12,7,10,False,True
U306297,active,tier_2,2025-05-22,9,10,False,False
U306298,high_frequency,tier_2,2025-07-30,15,3,True,True
U306299,lapsed,tier_1,2024-11-15,4,158,True,False
U306300,active,tier_1,2024-08-17,3,7,True,True
U306301,lapsed,tier_2,2024-12-22,1,146,False,False
U306302,lapsed,tier_1,2024-06-19,3,153,False,False
U306303,high_frequency,tier_3,2024-12-13,18,4,False,False
U306304,new,tier_1,2025-07-01,0,9999,False,True
U306305,active,tier_2,2025-05-24,6,14,True,True
U306306,active,tier_1,2024-06-18,2,7,True,True
U306307,lapsed,tier_1,2025-05-18,2,167,True,False
U306308,active,tier_1,2024-05-03,5,3,True,True
U306309,high_frequency,tier_1,2024-12-19,13,2,False,True
U306310,active,tier_1,2024-05-08,12,13,True,True
U306311,new,tier_1,2025-11-17,0,9999,False,False
U306312,new,tier_2,2025-06-02,0,9999,True,False
U306313,active,tier_2,2025-09-02,3,16,True,True
U306314,active,tier_2,2025-07-14,4,11,False,True
U306315,new,tier_1,2024-11-25,0,9999,True,False
U306316,new,tier_2,2024-07-30,0,9999,False,False
U306317,active,tier_1,2024-08-30,7,10,True,True
U306318,lapsed,tier_2,2024-06-19,3,133,False,True
U306319,new,tier_2,2024-09-08,0,9999,False,False
U306320,lapsed,tier_1,2025-05-01,1,131,True,False
U306321,lapsed,tier_2,2025-08-30,3,157,False,False
U306322,active,tier_1,2025-06-04,4,14,False,False
U306323,lapsed,tier_2,2024-11-25,2,112,True,False
U306324,lapsed,tier_2,2024-09-09,0,165,False,False
U306325,lapsed,tier_3,2025-08-16,6,130,False,False
U306326,new,tier_1,2024-07-21,0,9999,False,False
U306327,high_frequency,tier_2,2024-05-14,22,2,True,True
U306328,lapsed,tier_1,2025-11-27,1,116,True,False
U306329,lapsed,tier_2,2025-09-12,2,165,False,False
U306330,new,tier_3,2025-02-24,0,9999,False,False
U306331,new,tier_2,2025-01-26,0,9999,True,True
U306332,new,tier_2,2024-09-20,0,9999,False,False
U306333,lapsed,tier_3,2025-02-12,2,125,True,False
U306334,new,tier_2,2025-10-22,0,9999,True,False
U306335,new,tier_3,2024-11-30,0,9999,True,True
U306336,lapsed,tier_1,2025-12-17,0,166,False,False
U306337,lapsed,tier_3,2024-10-27,3,152,True,True
U306338,active,tier_2,2024-10-29,2,8,False,True
U306339,lapsed,tier_3,2025-12-23,7,65,False,False
U306340,new,tier_2,2025-08-11,0,9999,True,True
U306341,active,tier_2,2024-07-13,9,16,True,True
U306342,active,tier_3,2024-09-26,6,9,False,True
U306343,new,tier_2,2024-11-30,0,9999,False,True
U306344,high_frequency,tier_2,2024-11-10,17,0,True,True
U306345,new,tier_3,2025-10-13,0,9999,False,False
U306346,new,tier_3,2025-01-30,0,9999,True,True
U306347,active,tier_1,2024-09-12,3,9,True,True
U306348,active,tier_1,2025-07-23,9,16,False,False
U306349,new,tier_2,2024-08-14,0,9999,True,False
U306350,new,tier_2,2025-02-16,0,9999,True,False
U306351,active,tier_2,2025-09-03,6,3,False,True
U306352,new,tier_3,2024-07-10,0,9999,True,False
U306353,high_frequency,tier_2,2024-05-20,14,3,True,False
U306354,high_frequency,tier_1,2026-01-13,20,1,False,True
U306355,active,tier_2,2024-06-22,5,18,True,True
U306356,high_frequency,tier_3,2025-03-11,12,3,False,False
U306357,high_frequency,tier_3,2024-04-25,20,4,True,True
U306358,active,tier_2,2025-06-25,2,4,False,False
U306359,lapsed,tier_2,2025-05-23,3,160,True,False
U306360,new,tier_1,2025-03-02,0,9999,False,False
U306361,high_frequency,tier_1,2025-08-08,15,4,False,True
U306362,active,tier_3,2025-06-07,10,16,True,False
U306363,high_frequency,tier_2,2025-03-23,22,4,True,True
U306364,high_frequency,tier_1,2024-10-27,21,2,False,True
U306365,new,tier_3,2025-12-11,0,9999,False,False
U306366,lapsed,tier_2,2025-03-31,4,78,False,False
U306367,active,tier_1,2025-02-25,6,7,False,False
U306368,lapsed,tier_2,2026-02-12,2,86,False,False
U306369,high_frequency,tier_2,2025-03-26,17,4,True,True
U306370,new,tier_1,2025-01-23,0,9999,False,False
U306371,lapsed,tier_1,2024-07-01,4,144,False,False
U306372,high_frequency,tier_1,2024-07-13,16,1,False,False
U306373,active,tier_2,2024-07-22,3,20,False,True
U306374,lapsed,tier_3,2024-10-04,5,86,True,False
U306375,active,tier_3,2026-01-16,6,16,False,True
U306376,lapsed,tier_1,2024-09-28,7,64,True,False
U306377,high_frequency,tier_2,2025-06-17,18,1,False,True
U306378,lapsed,tier_2,2025-01-16,4,88,False,False
U306379,active,tier_1,2025-11-04,5,19,True,False
U306380,active,tier_1,2025-01-26,6,5,True,True
U306381,active,tier_1,2025-11-27,5,8,False,True
U306382,active,tier_2,2024-11-07,11,14,False,False
U306383,new,tier_1,2025-11-15,0,9999,False,False
U306384,active,tier_3,2024-04-16,6,6,True,True
U306385,active,tier_2,2025-04-08,7,7,False,True
U306386,lapsed,tier_3,2025-07-04,6,158,True,False
U306387,high_frequency,tier_3,2025-03-16,19,0,False,True
U306388,high_frequency,tier_1,2026-01-23,17,4,True,True
U306389,new,tier_2,2025-10-24,0,9999,False,False
U306390,lapsed,tier_2,2025-09-19,3,161,False,False
U306391,active,tier_1,2024-05-03,6,6,False,True
U306392,active,tier_1,2025-03-20,10,16,False,False
U306393,lapsed,tier_1,2024-08-04,4,156,False,False
U306394,active,tier_1,2025-12-05,7,17,False,False
U306395,high_frequency,tier_1,2025-11-21,17,4,False,True
U306396,new,tier_1,2024-06-14,0,9999,False,False
U306397,active,tier_2,2025-08-30,5,4,True,False
U306398,new,tier_1,2025-09-23,0,9999,False,False
U306399,new,tier_3,2025-02-03,0,9999,True,True
U306400,active,tier_3,2025-08-29,2,14,True,True
U306401,high_frequency,tier_1,2025-01-09,14,0,False,True
U306402,new,tier_2,2025-10-18,0,9999,True,True
U306403,lapsed,tier_2,2026-02-16,6,141,False,True
U306404,new,tier_1,2024-07-12,0,9999,True,False
U306405,new,tier_2,2024-07-20,0,9999,False,False
U306406,lapsed,tier_1,2025-02-07,0,84,False,False
U306407,new,tier_1,2026-01-20,0,9999,False,False
U306408,new,tier_1,2025-03-13,0,9999,True,False
U306409,active,tier_1,2025-07-05,3,13,False,True
U306410,new,tier_1,2024-04-22,0,9999,True,False
U306411,lapsed,tier_1,2025-01-05,3,66,False,False
U306412,new,tier_2,2025-09-21,0,9999,True,False
U306413,lapsed,tier_3,2025-12-31,4,91,True,True
U306414,high_frequency,tier_1,2025-01-13,15,4,True,True
U306415,new,tier_3,2025-10-26,0,9999,True,False
U306416,active,tier_3,2025-02-07,5,11,True,False
U306417,active,tier_3,2026-02-12,3,10,False,True
U306418,active,tier_1,2025-07-01,10,6,False,True
U306419,high_frequency,tier_1,2024-06-07,14,3,False,False
U306420,high_frequency,tier_1,2026-02-24,14,0,False,True
U306421,lapsed,tier_3,2025-11-26,3,174,False,False
U306422,high_frequency,tier_1,2025-09-11,8,1,False,False
U306423,active,tier_1,2025-02-19,4,10,False,False
U306424,lapsed,tier_2,2026-02-07,6,119,False,False
U306425,high_frequency,tier_2,2024-10-09,16,0,False,True
U306426,high_frequency,tier_1,2025-01-04,20,0,False,True
U306427,new,tier_2,2025-02-09,0,9999,True,False
U306428,new,tier_1,2024-07-02,0,9999,False,False
U306429,active,tier_1,2025-02-22,5,16,False,True
U306430,active,tier_2,2025-04-02,5,4,False,True
U306431,lapsed,tier_1,2026-01-03,6,133,True,True
U306432,active,tier_2,2025-12-22,7,6,True,True
U306433,active,tier_3,2026-01-13,3,4,False,False
U306434,active,tier_1,2024-11-06,4,12,False,True
U306435,high_frequency,tier_1,2025-05-26,25,2,True,True
U306436,lapsed,tier_2,2025-07-08,8,79,True,False
U306437,active,tier_1,2025-02-10,5,19,True,True
U306438,lapsed,tier_2,2024-11-08,5,179,True,True
U306439,high_frequency,tier_2,2024-10-17,17,2,True,True
U306440,active,tier_3,2025-10-04,4,6,False,True
U306441,lapsed,tier_1,2024-06-15,2,73,True,False
U306442,active,tier_1,2025-01-03,6,3,True,True
U306443,lapsed,tier_3,2024-05-12,1,129,False,False
U306444,active,tier_1,2024-08-09,7,19,True,True
U306445,active,tier_1,2026-02-07,7,12,False,True
U306446,high_frequency,tier_2,2024-05-14,25,1,True,False
U306447,new,tier_2,2024-08-01,0,9999,True,False
U306448,high_frequency,tier_3,2025-03-05,23,0,False,True
U306449,active,tier_3,2024-08-18,6,11,True,True
U306450,active,tier_1,2024-05-24,5,4,False,True
U306451,high_frequency,tier_2,2025-05-19,14,3,False,True
U306452,lapsed,tier_1,2025-03-16,1,174,True,False
U306453,lapsed,tier_2,2024-11-04,5,152,False,False
U306454,active,tier_2,2025-11-30,3,16,True,True
U306455,active,tier_2,2025-01-05,7,5,True,False
U306456,lapsed,tier_2,2024-10-10,7,108,False,False
U306457,new,tier_2,2024-09-30,0,9999,True,True
U306458,new,tier_1,2025-02-20,0,9999,True,True
U306459,high_frequency,tier_1,2025-05-16,16,4,True,True
U306460,active,tier_1,2025-10-10,5,11,True,False
U306461,lapsed,tier_2,2025-10-23,4,132,False,False
U306462,lapsed,tier_2,2024-08-26,5,77,False,False
U306463,lapsed,tier_1,2024-06-24,2,64,False,False
U306464,high_frequency,tier_3,2024-09-10,19,0,False,True
U306465,active,tier_1,2024-12-10,5,16,True,False
U306466,new,tier_3,2026-01-31,0,9999,True,False
U306467,lapsed,tier_2,2024-07-02,4,157,True,False
U306468,high_frequency,tier_1,2024-07-27,18,4,False,True
U306469,new,tier_1,2026-01-08,0,9999,False,False
U306470,new,tier_1,2024-05-09,0,9999,True,False
U306471,lapsed,tier_3,2024-06-03,2,156,False,False
U306472,new,tier_1,2026-02-09,0,9999,False,False
U306473,new,tier_3,2025-11-19,0,9999,True,False
U306474,new,tier_1,2025-09-29,0,9999,True,False
U306475,active,tier_1,2025-04-23,12,14,True,True
U306476,lapsed,tier_1,2024-07-25,4,143,True,True
U306477,active,tier_2,2024-07-21,6,19,False,False
U306478,new,tier_1,2024-06-30,0,9999,True,False
U306479,high_frequency,tier_1,2025-02-11,18,2,False,True
U306480,active,tier_3,2024-06-17,5,10,True,True
U306481,new,tier_2,2025-12-12,0,9999,False,True
U306482,high_frequency,tier_2,2024-11-22,17,4,True,True
U306483,lapsed,tier_3,2024-12-14,4,97,True,False
U306484,active,tier_1,2025-04-27,9,5,False,False
U306485,high_frequency,tier_1,2025-10-13,16,4,True,True
U306486,active,tier_1,2024-12-14,8,8,False,True
U306487,lapsed,tier_2,2024-12-11,5,61,True,True
U306488,active,tier_1,2025-07-17,4,9,False,True
U306489,new,tier_1,2025-04-17,0,9999,False,True
U306490,active,tier_2,2025-12-29,2,5,True,False
U306491,lapsed,tier_2,2025-08-18,6,136,False,False
U306492,high_frequency,tier_2,2025-11-20,19,4,False,True
U306493,active,tier_1,2025-02-23,3,7,True,True
U306494,new,tier_1,2024-06-04,0,9999,True,True
U306495,lapsed,tier_3,2024-06-22,4,140,False,False
U306496,active,tier_3,2024-06-04,5,7,True,True
U306497,active,tier_1,2025-01-15,5,20,True,True
U306498,lapsed,tier_2,2025-09-29,2,129,False,False
U306499,lapsed,tier_1,2025-07-10,1,67,False,False
U306500,active,tier_2,2024-04-03,4,7,False,True
U306501,new,tier_1,2025-05-17,0,9999,True,False
U306502,active,tier_1,2026-01-05,8,16,False,False
U306503,lapsed,tier_2,2024-12-05,5,102,False,False
U306504,high_frequency,tier_1,2024-09-09,16,0,True,True
U306505,lapsed,tier_1,2025-06-05,4,96,False,False
U306506,active,tier_2,2025-10-21,5,15,True,True
U306507,high_frequency,tier_3,2025-12-27,27,0,True,True
U306508,lapsed,tier_2,2024-10-05,4,72,False,True
U306509,active,tier_1,2024-12-18,14,19,False,True
U306510,active,tier_1,2025-08-28,10,5,False,True
U306511,high_frequency,tier_2,2024-09-06,23,1,False,True
U306512,high_frequency,tier_1,2024-06-23,17,1,False,False
U306513,lapsed,tier_2,2024-04-03,7,158,True,True
U306514,high_frequency,tier_1,2024-07-24,20,1,True,True
U306515,active,tier_2,2026-02-11,2,4,False,False
U306516,lapsed,tier_2,2024-05-24,5,174,True,False
U306517,active,tier_2,2024-07-17,5,17,False,False
U306518,lapsed,tier_2,2024-06-01,6,172,True,False
U306519,new,tier_3,2025-09-17,0,9999,True,True
U306520,lapsed,tier_1,2025-10-27,4,78,False,False
U306521,lapsed,tier_3,2026-01-10,2,70,True,True
U306522,active,tier_3,2024-11-11,8,10,False,True
U306523,active,tier_2,2025-06-14,3,9,True,True
U306524,high_frequency,tier_2,2025-03-03,13,2,True,True
U306525,new,tier_1,2025-10-21,0,9999,True,False
U306526,active,tier_2,2025-11-21,4,6,False,False
U306527,new,tier_1,2024-12-30,0,9999,True,False
U306528,lapsed,tier_2,2024-12-30,3,104,True,False
U306529,active,tier_3,2025-06-27,10,10,False,False
U306530,new,tier_3,2025-01-30,0,9999,True,True
U306531,high_frequency,tier_2,2024-09-11,14,0,True,True
U306532,high_frequency,tier_1,2025-01-12,17,0,True,True
U306533,lapsed,tier_1,2025-12-10,1,80,True,False
U306534,lapsed,tier_3,2024-12-31,0,121,True,False
U306535,active,tier_3,2024-08-28,4,12,False,True
U306536,high_frequency,tier_3,2025-04-18,18,2,True,False
U306537,new,tier_1,2025-08-13,0,9999,True,False
U306538,lapsed,tier_1,2024-04-09,0,78,True,False
U306539,active,tier_2,2026-01-24,7,5,False,True
U306540,lapsed,tier_3,2024-12-02,1,172,True,False
U306541,active,tier_1,2024-07-23,7,8,True,True
U306542,lapsed,tier_1,2024-07-03,2,63,True,False
U306543,high_frequency,tier_1,2025-12-14,22,2,False,True
U306544,high_frequency,tier_1,2025-10-18,21,4,True,True
U306545,active,tier_2,2024-05-19,9,3,True,True
U306546,new,tier_3,2025-10-14,0,9999,True,False
U306547,active,tier_1,2025-09-09,6,3,False,True
U306548,active,tier_1,2024-05-31,2,4,False,False
U306549,high_frequency,tier_2,2025-09-21,14,2,False,True
U306550,active,tier_2,2025-05-15,4,3,True,False
U306551,active,tier_2,2025-06-21,5,5,False,False
U306552,lapsed,tier_1,2024-05-14,4,109,True,False
U306553,active,tier_1,2024-10-07,5,6,True,True
U306554,lapsed,tier_1,2025-06-13,3,175,True,True
U306555,lapsed,tier_1,2024-04-27,4,66,True,False
U306556,active,tier_1,2024-04-30,6,14,False,False
U306557,active,tier_1,2024-12-20,3,10,False,True
U306558,new,tier_1,2024-04-04,0,9999,True,True
U306559,new,tier_1,2025-09-09,0,9999,True,True
U306560,new,tier_2,2025-04-30,0,9999,True,True
U306561,high_frequency,tier_1,2025-04-18,19,2,True,True
U306562,active,tier_3,2024-12-21,4,13,False,True
U306563,lapsed,tier_1,2024-11-08,4,172,True,False
U306564,lapsed,tier_2,2025-04-11,2,141,False,False
U306565,high_frequency,tier_3,2024-09-07,20,4,True,True
U306566,active,tier_2,2025-12-09,5,5,False,False
U306567,active,tier_1,2024-06-12,8,9,True,True
U306568,lapsed,tier_2,2024-08-15,3,62,False,False
U306569,lapsed,tier_2,2026-02-09,5,72,True,False
U306570,active,tier_2,2025-07-17,4,3,True,True
U306571,new,tier_1,2026-01-10,0,9999,True,False
U306572,active,tier_1,2025-07-19,4,14,True,True
U306573,active,tier_2,2025-05-17,5,8,True,True
U306574,active,tier_1,2024-08-27,7,3,False,True
U306575,lapsed,tier_1,2025-11-02,7,93,False,False
U306576,active,tier_3,2025-03-12,6,16,True,True
U306577,new,tier_3,2025-12-17,0,9999,True,False
U306578,lapsed,tier_1,2025-02-10,6,176,False,False
U306579,new,tier_1,2025-12-28,0,9999,False,False
U306580,new,tier_1,2025-07-19,0,9999,False,False
U306581,new,tier_1,2024-08-03,0,9999,True,False
U306582,active,tier_2,2025-09-20,5,7,False,False
U306583,new,tier_2,2024-12-14,0,9999,False,False
U306584,active,tier_2,2026-01-30,7,9,True,True
U306585,lapsed,tier_2,2025-11-09,2,153,False,True
U306586,lapsed,tier_1,2025-11-28,7,78,False,False
U306587,new,tier_1,2024-05-26,0,9999,True,True
U306588,active,tier_2,2025-08-14,8,18,False,True
U306589,active,tier_2,2025-09-16,8,20,True,True
U306590,lapsed,tier_1,2024-12-05,4,88,True,False
U306591,new,tier_1,2025-02-06,0,9999,True,True
U306592,new,tier_2,2024-12-28,0,9999,False,False
U306593,high_frequency,tier_2,2024-07-09,14,2,True,False
U306594,lapsed,tier_2,2024-04-15,2,120,True,False
U306595,new,tier_1,2025-08-01,0,9999,False,False
U306596,active,tier_1,2024-06-30,7,10,False,True
U306597,new,tier_3,2025-03-13,0,9999,False,True
U306598,active,tier_1,2024-04-22,3,15,False,True
U306599,high_frequency,tier_1,2025-12-04,29,2,True,True
U306600,active,tier_3,2024-05-17,6,11,True,True
U306601,high_frequency,tier_3,2024-09-08,26,3,True,True
U306602,lapsed,tier_2,2024-07-31,3,60,True,False
U306603,new,tier_2,2024-12-05,0,9999,False,False
U306604,active,tier_1,2024-11-27,15,9,False,True
U306605,active,tier_3,2025-04-15,8,9,True,True
U306606,lapsed,tier_1,2024-07-17,4,121,False,False
U306607,new,tier_3,2025-04-12,0,9999,True,True
U306608,new,tier_3,2025-05-08,0,9999,True,True
U306609,high_frequency,tier_1,2024-04-22,13,3,True,True
U306610,high_frequency,tier_3,2025-01-07,23,1,False,False
U306611,active,tier_1,2024-04-01,4,15,True,True
U306612,active,tier_3,2025-07-22,2,11,True,True
U306613,new,tier_1,2026-02-18,0,9999,True,False
U306614,active,tier_3,2025-09-11,8,12,False,False
U306615,new,tier_3,2024-11-05,0,9999,True,False
U306616,active,tier_2,2024-06-29,10,4,True,False
U306617,new,tier_2,2024-07-06,0,9999,True,False
U306618,lapsed,tier_1,2024-09-06,1,177,True,True
U306619,new,tier_3,2026-01-06,0,9999,True,False
U306620,lapsed,tier_1,2024-08-20,4,77,False,False
U306621,lapsed,tier_3,2025-06-19,2,113,False,False
U306622,active,tier_1,2026-02-09,4,9,True,True
U306623,new,tier_2,2025-03-21,0,9999,False,False
U306624,active,tier_1,2025-03-09,3,12,False,False
U306625,lapsed,tier_1,2026-01-15,5,72,True,True
U306626,high_frequency,tier_1,2024-04-01,12,0,False,True
U306627,active,tier_3,2025-01-25,7,17,False,True
U306628,new,tier_1,2025-09-23,0,9999,False,False
U306629,active,tier_2,2024-06-16,6,7,False,True
U306630,active,tier_1,2024-05-09,6,12,False,True
U306631,new,tier_1,2025-04-10,0,9999,False,True
U306632,new,tier_2,2025-04-07,0,9999,False,False
U306633,lapsed,tier_1,2025-03-04,2,156,True,False
U306634,new,tier_2,2025-06-17,0,9999,True,False
U306635,active,tier_1,2024-06-24,5,7,False,False
U306636,high_frequency,tier_2,2024-05-15,21,4,False,True
U306637,lapsed,tier_1,2025-12-18,6,153,False,True
U306638,new,tier_1,2026-01-06,0,9999,False,False
U306639,high_frequency,tier_1,2024-08-29,18,0,True,True
U306640,active,tier_3,2025-03-27,3,12,False,False
U306641,lapsed,tier_2,2024-08-19,5,128,True,False
U306642,active,tier_3,2025-11-04,5,16,False,True
U306643,new,tier_2,2025-03-11,0,9999,True,True
U306644,new,tier_2,2025-10-10,0,9999,False,False
U306645,active,tier_3,2026-01-21,4,14,True,True
U306646,active,tier_2,2025-10-06,11,10,False,False
U306647,active,tier_1,2024-05-10,4,18,True,True
U306648,active,tier_3,2024-09-22,7,3,False,True
U306649,new,tier_3,2024-07-06,0,9999,False,False
U306650,high_frequency,tier_1,2024-12-04,16,3,False,True
U306651,high_frequency,tier_2,2025-04-02,14,0,False,True
U306652,high_frequency,tier_1,2026-02-21,17,0,False,True
U306653,active,tier_2,2024-07-04,8,11,False,True
U306654,active,tier_1,2025-12-02,6,18,True,True
U306655,high_frequency,tier_1,2024-04-12,29,3,False,True
U306656,active,tier_3,2025-02-05,3,19,True,False
U306657,active,tier_2,2024-11-28,6,13,False,False
U306658,lapsed,tier_2,2025-08-07,3,164,False,True
U306659,lapsed,tier_2,2026-01-16,4,88,True,True
U306660,lapsed,tier_2,2025-07-26,5,169,True,True
U306661,high_frequency,tier_3,2025-07-23,14,3,False,True
U306662,high_frequency,tier_1,2025-03-19,18,4,False,True
U306663,active,tier_2,2024-11-08,6,12,False,False
U306664,active,tier_3,2024-04-18,7,18,True,True
U306665,lapsed,tier_1,2025-06-14,9,79,True,False
U306666,new,tier_2,2024-12-12,0,9999,True,False
U306667,active,tier_3,2024-07-26,14,4,True,False
U306668,active,tier_2,2025-01-30,7,15,False,False
U306669,high_frequency,tier_1,2025-01-28,16,2,False,False
U306670,lapsed,tier_1,2025-10-01,4,148,False,False
U306671,active,tier_2,2024-05-10,5,6,False,True
U306672,new,tier_1,2026-02-06,0,9999,False,True
U306673,lapsed,tier_2,2025-01-18,5,95,False,True
U306674,active,tier_1,2026-03-01,3,19,True,False
U306675,lapsed,tier_1,2025-04-18,5,165,True,False
U306676,high_frequency,tier_2,2025-05-23,12,3,False,False
U306677,lapsed,tier_2,2025-05-07,3,80,True,False
U306678,lapsed,tier_1,2024-10-26,0,166,False,False
U306679,lapsed,tier_3,2025-02-24,1,73,True,False
U306680,lapsed,tier_2,2025-05-28,5,89,True,False
U306681,active,tier_2,2025-03-05,4,4,False,True
U306682,lapsed,tier_2,2024-07-23,2,79,True,False
U306683,active,tier_2,2024-08-16,8,15,True,True
U306684,active,tier_1,2026-01-30,4,16,False,False
U306685,new,tier_1,2024-10-31,0,9999,False,False
U306686,lapsed,tier_1,2025-03-12,3,90,True,True
U306687,lapsed,tier_1,2024-10-01,4,149,True,True
U306688,active,tier_2,2025-05-04,7,5,False,False
U306689,lapsed,tier_1,2025-11-18,4,62,True,True
U306690,new,tier_1,2025-09-03,0,9999,True,False
U306691,active,tier_1,2025-01-04,4,11,True,False
U306692,active,tier_1,2025-05-06,7,17,False,True
U306693,lapsed,tier_1,2025-01-01,6,71,False,False
U306694,high_frequency,tier_1,2024-10-31,32,3,False,True
U306695,active,tier_2,2025-03-01,6,3,True,True
U306696,lapsed,tier_1,2025-02-27,4,136,True,False
U306697,high_frequency,tier_1,2024-07-25,17,2,True,True
U306698,new,tier_2,2025-11-05,0,9999,True,False
U306699,high_frequency,tier_2,2026-01-04,10,0,True,False
U306700,active,tier_2,2025-10-03,7,11,True,True
U306701,new,tier_2,2025-05-12,0,9999,False,False
U306702,high_frequency,tier_1,2025-11-30,20,1,True,True
U306703,high_frequency,tier_3,2026-01-08,12,4,False,True
U306704,active,tier_1,2024-09-08,5,16,False,True
U306705,high_frequency,tier_2,2024-12-12,13,3,False,True
U306706,active,tier_3,2025-04-25,4,10,False,False
U306707,lapsed,tier_1,2025-12-14,7,136,False,False
U306708,active,tier_2,2024-12-28,5,6,True,True
U306709,high_frequency,tier_1,2024-07-26,12,4,True,True
U306710,new,tier_1,2025-02-19,0,9999,False,False
U306711,lapsed,tier_1,2025-10-09,3,127,False,False
U306712,high_frequency,tier_3,2024-07-27,24,3,False,True
U306713,active,tier_3,2024-05-04,7,19,False,False
U306714,lapsed,tier_3,2025-10-26,3,115,False,False
U306715,active,tier_2,2024-11-12,7,13,False,True
U306716,active,tier_1,2024-06-12,3,20,True,True
U306717,lapsed,tier_2,2024-10-30,4,172,False,False
U306718,active,tier_2,2026-02-15,3,11,False,True
U306719,new,tier_2,2024-06-30,0,9999,False,False
U306720,new,tier_2,2025-04-23,0,9999,False,True
U306721,active,tier_2,2024-04-11,8,7,True,False
U306722,active,tier_2,2025-12-29,9,17,False,False
U306723,new,tier_2,2024-11-14,0,9999,True,False
U306724,active,tier_2,2025-11-29,6,7,True,True
U306725,lapsed,tier_3,2024-06-10,4,79,False,False
U306726,active,tier_2,2026-02-14,9,19,True,False
U306727,active,tier_3,2024-10-11,3,3,False,False
U306728,active,tier_1,2024-08-02,6,10,True,True
U306729,new,tier_2,2026-02-13,0,9999,True,False
U306730,active,tier_1,2024-08-30,6,4,False,False
U306731,active,tier_1,2025-03-14,3,3,False,True
U306732,new,tier_2,2025-12-26,0,9999,False,False
U306733,lapsed,tier_1,2025-07-22,6,106,False,False
U306734,lapsed,tier_2,2025-09-07,3,81,True,False
U306735,active,tier_2,2024-12-06,9,11,False,True
U306736,high_frequency,tier_2,2025-02-20,24,1,True,True
U306737,high_frequency,tier_1,2025-10-20,25,2,True,True
U306738,high_frequency,tier_3,2024-04-29,15,2,False,False
U306739,new,tier_1,2024-11-03,0,9999,False,False
U306740,lapsed,tier_1,2024-08-29,2,152,False,False
U306741,active,tier_3,2025-01-23,7,17,True,True
U306742,lapsed,tier_3,2024-07-08,2,161,False,False
U306743,high_frequency,tier_3,2026-01-23,21,3,False,False
U306744,active,tier_3,2024-08-30,12,17,True,False
U306745,high_frequency,tier_1,2025-11-15,11,4,False,False
U306746,lapsed,tier_1,2026-02-26,7,113,True,True
U306747,new,tier_3,2024-04-21,0,9999,True,False
U306748,high_frequency,tier_1,2026-01-28,21,2,True,True
U306749,active,tier_3,2025-03-18,2,14,True,True
U306750,high_frequency,tier_1,2025-05-08,14,3,True,True
U306751,active,tier_1,2025-12-11,1,8,True,False
U306752,active,tier_1,2024-10-14,4,13,False,True
U306753,active,tier_3,2025-01-10,7,11,True,True
U306754,active,tier_1,2025-12-28,8,3,True,False
U306755,active,tier_2,2024-12-23,5,19,False,False
U306756,new,tier_2,2025-07-27,0,9999,False,False
U306757,lapsed,tier_1,2026-02-26,6,117,False,False
U306758,high_frequency,tier_1,2025-11-15,13,1,False,True
U306759,active,tier_1,2024-09-07,12,10,False,True
U306760,lapsed,tier_3,2025-08-06,5,63,True,False
U306761,new,tier_1,2024-11-16,0,9999,False,False
U306762,lapsed,tier_1,2025-05-10,1,139,False,True
U306763,active,tier_2,2025-12-06,5,8,True,True
U306764,active,tier_3,2024-07-08,1,10,True,True
U306765,lapsed,tier_1,2024-05-07,2,135,True,True
U306766,lapsed,tier_1,2025-02-04,4,64,False,False
U306767,active,tier_1,2024-04-03,6,6,False,False
U306768,high_frequency,tier_3,2024-04-21,21,4,True,True
U306769,high_frequency,tier_3,2025-04-21,17,2,False,False
U306770,new,tier_2,2026-02-24,0,9999,False,False
U306771,lapsed,tier_1,2024-05-07,8,108,True,True
U306772,lapsed,tier_1,2026-01-03,9,178,False,False
U306773,lapsed,tier_2,2026-01-29,4,82,False,False
U306774,active,tier_3,2025-12-30,5,5,True,False
U306775,lapsed,tier_1,2025-09-07,3,79,True,True
U306776,high_frequency,tier_1,2024-05-21,20,0,False,True
U306777,high_frequency,tier_2,2026-02-22,27,0,True,True
U306778,lapsed,tier_3,2024-12-07,7,161,True,False
U306779,high_frequency,tier_2,2026-01-06,21,0,True,True
U306780,active,tier_3,2024-04-16,8,9,False,True
U306781,active,tier_1,2025-02-05,7,7,True,True
U306782,active,tier_1,2025-04-11,5,15,True,True
U306783,new,tier_2,2025-05-08,0,9999,True,False
U306784,active,tier_1,2024-04-07,6,10,False,True
U306785,active,tier_1,2025-04-09,2,5,True,True
U306786,high_frequency,tier_1,2025-05-01,23,2,True,True
U306787,new,tier_2,2024-09-30,0,9999,True,True
U306788,active,tier_2,2025-07-16,8,14,False,False
U306789,active,tier_3,2025-12-07,4,6,True,True
U306790,active,tier_1,2026-01-27,5,4,True,True
U306791,high_frequency,tier_1,2025-09-26,24,1,True,False
U306792,active,tier_2,2025-08-08,5,15,True,True
U306793,lapsed,tier_1,2024-05-06,7,100,False,False
U306794,high_frequency,tier_1,2025-01-15,24,4,True,True
U306795,new,tier_1,2025-07-02,0,9999,True,False
U306796,lapsed,tier_1,2024-07-16,3,153,False,False
U306797,lapsed,tier_2,2024-06-03,3,114,True,False
U306798,active,tier_3,2024-12-09,6,3,False,False
U306799,new,tier_1,2024-09-06,0,9999,False,False
U306800,high_frequency,tier_3,2025-10-27,24,4,True,True
U306801,lapsed,tier_1,2025-02-25,6,85,False,False
U306802,active,tier_1,2025-03-17,7,16,True,True
U306803,active,tier_1,2025-04-08,8,10,False,True
U306804,lapsed,tier_2,2024-08-15,2,139,False,False
U306805,lapsed,tier_2,2024-12-20,6,68,False,False
U306806,high_frequency,tier_3,2024-09-28,27,2,False,True
U306807,lapsed,tier_3,2024-05-17,4,117,False,True
U306808,high_frequency,tier_1,2026-01-29,19,3,True,True
U306809,active,tier_1,2025-04-14,8,17,False,True
U306810,lapsed,tier_2,2024-04-27,1,175,False,False
U306811,lapsed,tier_3,2025-12-25,4,113,True,True
U306812,lapsed,tier_1,2025-01-04,7,148,False,False
U306813,new,tier_2,2025-05-17,0,9999,True,False
U306814,lapsed,tier_2,2025-01-30,1,165,False,False
U306815,active,tier_1,2024-12-28,9,12,True,False
U306816,lapsed,tier_3,2024-12-06,5,118,False,False
U306817,active,tier_2,2024-10-06,2,18,False,True
U306818,active,tier_3,2025-04-12,4,4,False,False
U306819,active,tier_2,2025-04-27,4,6,True,False
U306820,active,tier_1,2025-01-23,5,9,True,True
U306821,active,tier_2,2024-12-21,9,14,True,False
U306822,lapsed,tier_3,2024-04-04,2,68,True,False
U306823,active,tier_2,2025-03-16,4,7,True,False
U306824,lapsed,tier_1,2024-05-08,5,102,True,False
U306825,new,tier_3,2024-04-10,0,9999,True,True
U306826,new,tier_1,2025-06-19,0,9999,False,False
U306827,active,tier_1,2024-04-27,6,4,False,True
U306828,lapsed,tier_2,2024-08-03,3,68,True,False
U306829,active,tier_1,2024-07-06,10,19,False,False
U306830,high_frequency,tier_3,2024-07-29,17,3,True,True
U306831,lapsed,tier_2,2025-06-20,6,174,True,False
U306832,high_frequency,tier_2,2025-08-07,15,0,False,True
U306833,lapsed,tier_1,2026-01-11,2,98,True,False
U306834,new,tier_1,2024-09-25,0,9999,True,False
U306835,lapsed,tier_2,2024-12-05,4,101,True,True
U306836,active,tier_3,2024-04-20,5,4,True,True
U306837,lapsed,tier_2,2025-05-22,6,107,True,False
U306838,lapsed,tier_3,2024-05-19,2,128,False,False
U306839,active,tier_3,2026-02-01,10,15,True,True
U306840,active,tier_3,2024-12-08,4,19,False,False
U306841,active,tier_1,2024-11-28,5,20,False,True
U306842,high_frequency,tier_1,2025-06-08,21,4,True,True
U306843,lapsed,tier_1,2025-12-19,3,150,False,False
U306844,active,tier_3,2025-12-01,4,3,False,True
U306845,new,tier_3,2024-10-20,0,9999,True,False
U306846,active,tier_3,2026-02-06,8,5,True,False
U306847,lapsed,tier_1,2024-08-13,3,86,True,True
U306848,high_frequency,tier_2,2025-06-18,27,3,False,True
U306849,high_frequency,tier_1,2026-01-21,23,0,False,True
U306850,active,tier_2,2025-09-14,9,3,True,False
U306851,high_frequency,tier_1,2025-12-27,26,2,False,False
U306852,lapsed,tier_2,2024-09-26,4,128,True,False
U306853,new,tier_3,2026-02-23,0,9999,True,False
U306854,high_frequency,tier_2,2026-02-25,18,4,True,True
U306855,active,tier_3,2024-12-22,4,13,True,True
U306856,active,tier_1,2024-11-09,8,4,False,True
U306857,new,tier_3,2024-11-27,0,9999,False,False
U306858,active,tier_1,2025-06-06,4,14,True,False
U306859,lapsed,tier_2,2024-10-04,3,138,False,False
U306860,lapsed,tier_1,2025-01-13,7,108,False,False
U306861,active,tier_2,2025-11-01,9,12,False,False
U306862,active,tier_2,2025-07-30,8,17,False,True
U306863,lapsed,tier_1,2024-04-12,6,135,False,False
U306864,new,tier_2,2025-05-13,0,9999,False,False
U306865,high_frequency,tier_3,2025-10-03,13,0,True,True
U306866,active,tier_1,2024-07-27,7,15,False,True
U306867,active,tier_1,2025-07-20,8,13,True,True
U306868,active,tier_2,2025-05-12,7,10,True,False
U306869,active,tier_2,2024-10-20,6,4,False,True
U306870,lapsed,tier_3,2026-02-05,1,153,False,False
U306871,high_frequency,tier_2,2025-04-15,21,0,False,True
U306872,lapsed,tier_2,2024-10-04,5,83,False,False
U306873,high_frequency,tier_1,2026-01-19,23,0,True,True
U306874,active,tier_2,2025-08-18,7,6,True,True
U306875,active,tier_3,2024-10-29,6,7,True,True
U306876,active,tier_1,2025-07-14,6,12,False,False
U306877,active,tier_1,2024-07-21,9,12,False,True
U306878,active,tier_2,2024-06-10,9,19,True,True
U306879,active,tier_3,2024-12-04,6,13,False,True
U306880,high_frequency,tier_1,2025-11-16,17,4,False,True
U306881,lapsed,tier_3,2026-02-08,3,89,True,False
U306882,active,tier_3,2024-10-27,5,7,False,True
U306883,new,tier_1,2025-09-23,0,9999,True,False
U306884,high_frequency,tier_1,2024-08-19,15,1,False,True
U306885,high_frequency,tier_2,2024-07-20,19,4,False,True
U306886,high_frequency,tier_3,2025-12-07,14,4,True,True
U306887,lapsed,tier_3,2024-10-16,2,92,True,True
U306888,active,tier_2,2024-06-21,7,10,True,False
U306889,new,tier_1,2024-05-21,0,9999,True,True
U306890,active,tier_1,2025-09-01,4,7,True,True
U306891,lapsed,tier_2,2024-08-02,7,148,False,False
U306892,new,tier_3,2024-07-06,0,9999,False,False
U306893,high_frequency,tier_1,2025-05-17,20,0,True,True
U306894,active,tier_1,2025-09-10,6,3,False,True
U306895,lapsed,tier_2,2024-07-15,2,176,False,True
U306896,active,tier_3,2025-12-24,6,13,False,True
U306897,high_frequency,tier_1,2025-06-03,20,3,True,False
U306898,active,tier_1,2024-09-01,6,8,True,True
U306899,high_frequency,tier_3,2024-06-27,19,1,False,True
U306900,lapsed,tier_2,2025-03-08,3,113,True,True
U306901,lapsed,tier_2,2024-12-02,5,135,False,False
U306902,lapsed,tier_2,2025-03-11,4,137,True,True
U306903,new,tier_2,2025-01-07,0,9999,True,True
U306904,high_frequency,tier_3,2025-03-08,14,0,True,False
U306905,lapsed,tier_1,2025-09-01,6,82,False,False
U306906,high_frequency,tier_2,2026-02-27,16,1,False,True
U306907,new,tier_1,2025-02-24,0,9999,False,False
U306908,active,tier_3,2025-07-11,5,19,True,False
U306909,active,tier_2,2025-11-04,14,6,True,True
U306910,lapsed,tier_2,2026-02-20,5,89,False,False
U306911,active,tier_2,2025-09-26,7,4,False,True
U306912,active,tier_2,2024-04-18,9,16,True,True
U306913,active,tier_1,2026-02-06,7,10,False,True
U306914,active,tier_3,2024-05-24,2,7,False,True
U306915,active,tier_3,2025-11-23,6,3,False,True
U306916,high_frequency,tier_1,2025-05-05,20,4,False,True
U306917,active,tier_2,2025-04-14,6,7,False,True
U306918,new,tier_1,2025-01-09,0,9999,False,True
U306919,lapsed,tier_3,2024-07-20,1,149,False,True
U306920,active,tier_1,2025-08-03,8,11,False,True
U306921,lapsed,tier_3,2025-08-09,7,151,False,False
U306922,lapsed,tier_1,2024-10-01,5,152,False,False
U306923,high_frequency,tier_1,2025-10-05,19,3,False,True
U306924,high_frequency,tier_3,2024-11-21,24,2,True,True
U306925,lapsed,tier_2,2025-03-11,8,161,True,False
U306926,new,tier_1,2025-08-01,0,9999,True,False
U306927,lapsed,tier_3,2025-05-18,7,65,True,False
U306928,lapsed,tier_1,2025-01-28,3,176,False,False
U306929,new,tier_1,2024-06-07,0,9999,True,True
U306930,active,tier_1,2026-01-06,4,13,False,False
U306931,new,tier_1,2024-09-23,0,9999,True,True
U306932,high_frequency,tier_2,2025-11-23,9,4,True,False
U306933,lapsed,tier_1,2024-07-22,2,162,True,False
U306934,new,tier_3,2025-10-25,0,9999,True,False
U306935,high_frequency,tier_2,2025-03-17,23,4,False,True
U306936,high_frequency,tier_1,2025-06-07,12,0,False,True
U306937,lapsed,tier_3,2025-06-06,4,143,True,False
U306938,lapsed,tier_2,2025-11-01,4,178,False,False
U306939,new,tier_2,2024-11-17,0,9999,True,True
U306940,active,tier_3,2025-07-27,8,9,True,True
U306941,high_frequency,tier_1,2024-05-09,17,1,False,True
U306942,active,tier_2,2024-04-15,6,16,False,False
U306943,new,tier_1,2024-07-15,0,9999,True,False
U306944,lapsed,tier_2,2024-12-16,3,140,False,False
U306945,lapsed,tier_3,2025-04-06,9,135,True,False
U306946,active,tier_2,2024-07-29,8,13,False,False
U306947,lapsed,tier_2,2026-02-11,3,69,True,False
U306948,active,tier_3,2024-12-04,4,8,False,True
U306949,active,tier_3,2024-09-10,8,11,False,True
U306950,active,tier_2,2024-05-06,8,5,False,False
U306951,high_frequency,tier_2,2025-09-26,21,4,True,False
U306952,high_frequency,tier_1,2025-02-22,22,3,False,True
U306953,new,tier_3,2024-12-23,0,9999,True,False
U306954,high_frequency,tier_1,2025-12-15,11,0,False,True
U306955,high_frequency,tier_2,2025-06-18,15,1,True,True
U306956,active,tier_2,2025-11-08,8,15,False,False
U306957,active,tier_2,2024-12-13,6,14,True,False
U306958,lapsed,tier_3,2025-09-16,3,132,False,False
U306959,lapsed,tier_1,2025-02-28,5,160,False,False
U306960,new,tier_1,2025-05-21,0,9999,True,False
U306961,new,tier_3,2024-09-24,0,9999,False,False
U306962,active,tier_1,2025-05-23,5,6,False,False
U306963,lapsed,tier_3,2024-12-15,2,66,False,False
U306964,new,tier_3,2026-02-20,0,9999,False,False
U306965,high_frequency,tier_2,2024-09-18,16,4,True,True
U306966,active,tier_2,2025-03-07,4,8,False,True
U306967,high_frequency,tier_1,2025-07-19,18,2,False,True
U306968,lapsed,tier_2,2024-04-25,6,170,False,True
U306969,new,tier_1,2024-10-07,0,9999,False,False
U306970,active,tier_3,2025-05-15,3,5,False,False
U306971,high_frequency,tier_1,2026-01-15,17,0,False,True
U306972,lapsed,tier_1,2024-05-06,5,161,False,False
U306973,lapsed,tier_3,2025-11-27,8,80,True,False
U306974,active,tier_3,2024-11-05,0,19,False,False
U306975,lapsed,tier_3,2024-08-19,1,118,True,True
U306976,high_frequency,tier_1,2025-01-01,15,4,False,True
U306977,high_frequency,tier_1,2025-03-09,22,4,True,True
U306978,high_frequency,tier_2,2024-04-30,25,3,True,True
U306979,lapsed,tier_1,2026-02-19,9,136,False,False
U306980,active,tier_1,2024-12-23,7,5,False,True
U306981,high_frequency,tier_1,2025-11-28,21,3,True,False
U306982,active,tier_1,2024-05-18,4,3,False,True
U306983,high_frequency,tier_1,2025-08-18,18,0,False,True
U306984,active,tier_1,2025-08-18,3,12,False,False
U306985,new,tier_2,2026-01-04,0,9999,False,False
U306986,active,tier_1,2024-05-22,4,10,True,True
U306987,active,tier_1,2026-02-07,3,11,True,False
U306988,lapsed,tier_2,2024-06-05,5,69,True,True
U306989,high_frequency,tier_3,2026-02-09,13,0,False,True
U306990,new,tier_1,2024-07-28,0,9999,True,False
U306991,new,tier_2,2024-07-11,0,9999,True,True
U306992,active,tier_1,2025-03-04,9,3,False,True
U306993,lapsed,tier_2,2025-11-28,5,122,False,False
U306994,active,tier_3,2024-06-05,4,12,True,False
U306995,high_frequency,tier_2,2024-05-19,24,1,False,False
U306996,new,tier_2,2024-08-21,0,9999,False,False
U306997,high_frequency,tier_1,2024-12-20,9,3,True,True
U306998,lapsed,tier_3,2025-08-10,5,109,True,False
U306999,high_frequency,tier_1,2025-06-05,16,3,True,True
U307000,active,tier_2,2026-01-15,5,12,True,True
U307001,high_frequency,tier_1,2025-03-24,21,3,True,True
U307002,new,tier_2,2025-02-08,0,9999,False,False
U307003,lapsed,tier_2,2025-09-05,4,96,False,False
U307004,active,tier_2,2026-01-06,5,19,True,False
U307005,lapsed,tier_3,2025-05-22,3,117,True,False
U307006,new,tier_1,2025-06-17,0,9999,False,False
U307007,high_frequency,tier_1,2025-01-23,16,1,True,True
U307008,active,tier_2,2024-04-15,3,7,False,True
U307009,active,tier_1,2024-11-13,9,9,True,True
U307010,lapsed,tier_1,2025-08-30,3,139,False,False
U307011,new,tier_3,2025-06-12,0,9999,False,False
U307012,lapsed,tier_3,2025-12-11,4,101,False,False
U307013,active,tier_2,2024-08-18,8,11,True,True
U307014,active,tier_1,2026-01-01,5,16,False,True
U307015,high_frequency,tier_1,2024-12-13,17,3,True,True
U307016,lapsed,tier_1,2025-04-12,4,113,True,False
U307017,lapsed,tier_1,2025-04-16,3,66,True,False
U307018,high_frequency,tier_1,2025-09-02,18,3,False,False
U307019,new,tier_1,2025-08-13,0,9999,False,False
U307020,active,tier_3,2024-05-29,5,7,True,True
U307021,new,tier_1,2025-03-14,0,9999,False,False
U307022,lapsed,tier_3,2025-10-02,4,61,False,False
U307023,active,tier_2,2025-11-23,4,16,False,False
U307024,lapsed,tier_2,2026-01-15,4,72,False,False
U307025,lapsed,tier_1,2024-11-13,2,105,True,False
U307026,lapsed,tier_2,2024-05-05,2,82,True,True
U307027,high_frequency,tier_2,2024-11-10,14,0,False,True
U307028,new,tier_1,2025-07-24,0,9999,True,True
U307029,active,tier_3,2025-08-26,9,10,True,True
U307030,active,tier_1,2024-08-26,4,15,True,True
U307031,new,tier_1,2025-09-22,0,9999,False,False
U307032,active,tier_2,2025-05-04,6,10,True,False
U307033,new,tier_1,2025-03-15,0,9999,True,True
U307034,high_frequency,tier_2,2025-03-16,20,3,False,True
U307035,active,tier_2,2026-02-21,8,16,False,False
U307036,active,tier_2,2026-01-24,8,10,True,True
U307037,lapsed,tier_3,2024-04-24,6,151,True,False
U307038,high_frequency,tier_3,2026-03-01,20,3,False,True
U307039,active,tier_2,2025-12-14,7,7,False,True
U307040,active,tier_1,2025-03-28,9,20,False,True
U307041,new,tier_1,2024-08-13,0,9999,True,False
U307042,lapsed,tier_1,2025-01-31,5,142,False,False
U307043,active,tier_3,2025-11-24,10,4,True,True
U307044,high_frequency,tier_2,2024-11-21,15,4,True,True
U307045,lapsed,tier_3,2025-01-04,6,146,False,False
U307046,active,tier_2,2024-05-03,6,5,True,True
U307047,lapsed,tier_1,2025-12-24,3,79,True,False
U307048,high_frequency,tier_2,2025-02-14,12,0,True,True
U307049,active,tier_3,2025-04-10,4,9,False,False
U307050,active,tier_1,2024-05-21,9,8,False,False
U307051,active,tier_2,2025-03-11,6,3,True,True
U307052,lapsed,tier_1,2025-05-15,0,166,False,False
U307053,active,tier_2,2024-06-18,7,5,False,False
U307054,new,tier_1,2025-07-26,0,9999,True,False
U307055,lapsed,tier_1,2024-04-16,4,110,False,False
U307056,lapsed,tier_2,2024-10-05,3,146,True,False
U307057,lapsed,tier_3,2025-09-04,4,122,True,False
U307058,lapsed,tier_2,2026-01-16,5,74,True,False
U307059,active,tier_2,2025-12-09,4,7,True,True
U307060,high_frequency,tier_3,2025-06-08,19,4,False,True
U307061,new,tier_2,2024-07-10,0,9999,True,False
U307062,active,tier_1,2025-11-28,8,4,True,True
U307063,high_frequency,tier_3,2024-08-07,16,1,True,True
U307064,high_frequency,tier_2,2025-05-27,15,0,False,True
U307065,active,tier_3,2024-08-12,13,17,True,False
U307066,active,tier_1,2026-01-12,4,19,False,False
U307067,lapsed,tier_3,2024-10-05,11,134,True,False
U307068,high_frequency,tier_3,2024-07-12,27,0,False,True
U307069,new,tier_1,2024-04-23,0,9999,False,False
U307070,active,tier_1,2025-08-06,3,17,False,True
U307071,active,tier_1,2024-04-21,7,3,True,True
U307072,active,tier_1,2025-12-19,2,12,True,True
U307073,active,tier_2,2025-12-21,3,4,False,False
U307074,lapsed,tier_3,2025-11-18,7,148,True,False
U307075,high_frequency,tier_3,2025-12-22,21,0,True,False
U307076,lapsed,tier_1,2024-10-15,2,137,True,False
U307077,lapsed,tier_3,2025-06-23,3,80,True,True
U307078,lapsed,tier_3,2024-07-26,8,74,False,False
U307079,new,tier_1,2024-06-24,0,9999,True,True
U307080,high_frequency,tier_1,2025-09-07,23,2,True,True
U307081,active,tier_3,2025-03-14,12,8,False,False
U307082,new,tier_3,2024-08-02,0,9999,False,False
U307083,lapsed,tier_2,2024-07-29,5,132,False,False
U307084,active,tier_1,2024-07-22,11,11,True,True
U307085,new,tier_3,2025-11-05,0,9999,False,False
U307086,active,tier_1,2025-05-09,2,6,False,False
U307087,active,tier_1,2025-07-22,3,18,False,True
U307088,high_frequency,tier_3,2024-06-11,17,0,True,True
U307089,high_frequency,tier_2,2025-07-14,31,2,False,True
U307090,lapsed,tier_3,2025-11-07,2,110,True,False
U307091,active,tier_1,2025-09-23,5,13,True,True
U307092,lapsed,tier_1,2025-09-18,3,87,True,False
U307093,active,tier_1,2025-06-06,8,6,True,False
U307094,new,tier_2,2025-06-25,0,9999,False,False
U307095,high_frequency,tier_2,2024-09-26,18,1,False,False
U307096,new,tier_2,2024-04-16,0,9999,False,False
U307097,lapsed,tier_1,2025-05-07,6,126,False,False
U307098,high_frequency,tier_2,2025-03-03,27,4,False,True
U307099,new,tier_2,2024-09-09,0,9999,True,True
U307100,new,tier_2,2024-11-27,0,9999,False,True
U307101,lapsed,tier_2,2025-03-18,3,135,False,False
U307102,lapsed,tier_3,2024-05-26,4,134,True,True
U307103,high_frequency,tier_3,2024-08-08,17,3,False,True
U307104,active,tier_3,2025-03-14,8,9,False,True
U307105,high_frequency,tier_3,2025-01-15,23,0,False,False
U307106,new,tier_3,2024-08-14,0,9999,True,False
U307107,new,tier_1,2025-10-31,0,9999,False,False
U307108,active,tier_2,2024-11-09,6,7,True,False
U307109,lapsed,tier_2,2025-12-06,4,104,True,True
U307110,active,tier_1,2024-04-13,2,18,True,True
U307111,active,tier_3,2024-10-04,7,19,True,True
U307112,active,tier_2,2024-05-19,5,3,False,True
U307113,lapsed,tier_3,2025-11-12,2,163,False,False
U307114,active,tier_2,2025-01-31,10,9,False,True
U307115,high_frequency,tier_3,2025-07-12,20,2,False,True
U307116,active,tier_3,2026-02-08,10,11,True,True
U307117,high_frequency,tier_3,2025-07-16,17,0,True,True
U307118,active,tier_3,2025-07-15,6,15,True,True
U307119,active,tier_2,2024-07-08,6,5,False,False
U307120,active,tier_2,2025-03-20,8,10,False,False
U307121,new,tier_1,2025-01-09,0,9999,False,False
U307122,new,tier_2,2024-09-24,0,9999,False,False
U307123,active,tier_2,2024-12-26,3,16,True,True
U307124,active,tier_3,2024-09-22,5,4,True,True
U307125,high_frequency,tier_2,2024-04-05,16,0,True,False
U307126,lapsed,tier_2,2024-07-31,5,68,False,False
U307127,active,tier_1,2025-11-02,6,20,False,True
U307128,active,tier_2,2024-09-03,5,18,True,True
U307129,high_frequency,tier_2,2025-05-27,13,3,False,True
U307130,active,tier_3,2024-07-14,6,13,False,True
U307131,lapsed,tier_2,2024-10-18,3,155,False,False
U307132,active,tier_3,2025-10-12,4,4,False,True
U307133,lapsed,tier_1,2025-04-14,5,78,False,False
U307134,active,tier_3,2025-08-15,5,13,True,False
U307135,active,tier_2,2026-01-28,6,14,True,True
U307136,lapsed,tier_2,2026-01-01,5,172,False,False
U307137,lapsed,tier_2,2025-08-26,4,154,False,False
U307138,new,tier_3,2024-04-09,0,9999,True,False
U307139,lapsed,tier_2,2024-08-29,7,66,False,False
U307140,lapsed,tier_2,2026-02-25,7,81,False,False
U307141,high_frequency,tier_2,2025-08-11,20,2,False,True
U307142,lapsed,tier_1,2025-12-27,7,149,True,False
U307143,lapsed,tier_1,2025-11-27,6,116,True,False
U307144,new,tier_1,2024-08-17,0,9999,False,False
U307145,active,tier_1,2025-11-14,8,17,False,False
U307146,new,tier_1,2025-06-29,0,9999,True,True
U307147,active,tier_2,2024-08-15,4,4,False,True
U307148,high_frequency,tier_1,2025-10-14,25,2,True,True
U307149,new,tier_2,2026-01-23,0,9999,True,False
U307150,active,tier_3,2024-09-30,8,13,False,True
U307151,high_frequency,tier_1,2025-06-03,18,0,False,True
U307152,active,tier_1,2024-11-10,6,18,False,False
U307153,active,tier_3,2025-03-25,8,17,False,True
U307154,new,tier_2,2024-09-20,0,9999,False,True
U307155,high_frequency,tier_2,2025-03-13,19,1,True,True
U307156,new,tier_3,2025-10-05,0,9999,False,False
U307157,lapsed,tier_1,2025-12-12,5,162,False,False
U307158,high_frequency,tier_3,2026-01-27,20,1,False,False
U307159,active,tier_1,2026-01-26,10,12,False,True
U307160,active,tier_1,2025-07-31,3,18,False,True
U307161,high_frequency,tier_2,2025-10-24,13,0,True,False
U307162,new,tier_2,2024-12-03,0,9999,False,False
U307163,active,tier_1,2024-05-08,8,17,False,False
U307164,lapsed,tier_1,2025-10-19,8,179,False,False
U307165,active,tier_1,2026-01-21,6,11,False,True
U307166,active,tier_3,2024-11-06,8,10,False,False
U307167,high_frequency,tier_1,2025-09-06,15,3,True,True
U307168,new,tier_2,2025-09-22,0,9999,True,True
U307169,active,tier_1,2024-08-17,8,14,False,True
U307170,lapsed,tier_1,2024-05-18,1,171,False,False
U307171,new,tier_2,2025-09-09,0,9999,True,True
U307172,new,tier_2,2025-12-10,0,9999,True,True
U307173,new,tier_1,2024-08-25,0,9999,False,False
U307174,active,tier_1,2026-02-20,8,12,True,True
U307175,active,tier_2,2025-10-14,5,8,False,True
U307176,high_frequency,tier_3,2025-01-26,20,4,False,True
U307177,new,tier_2,2025-11-13,0,9999,True,False
U307178,active,tier_1,2025-03-08,7,8,False,False
U307179,high_frequency,tier_3,2024-07-04,17,0,True,True
U307180,lapsed,tier_3,2026-01-20,5,94,True,True
U307181,active,tier_2,2025-10-21,9,14,False,True
U307182,lapsed,tier_1,2024-11-11,1,91,False,True
U307183,high_frequency,tier_2,2025-03-17,10,0,True,True
U307184,new,tier_3,2025-12-06,0,9999,False,False
U307185,active,tier_1,2024-06-01,4,5,True,True
U307186,new,tier_3,2024-08-09,0,9999,False,False
U307187,lapsed,tier_2,2025-05-15,3,151,True,False
U307188,high_frequency,tier_2,2024-10-15,18,0,False,True
U307189,active,tier_2,2026-01-24,8,6,True,False
U307190,high_frequency,tier_1,2025-08-29,25,4,False,True
U307191,active,tier_3,2024-08-27,5,18,False,False
U307192,active,tier_1,2025-08-02,3,18,False,True
U307193,new,tier_1,2025-02-11,0,9999,True,True
U307194,high_frequency,tier_2,2025-09-20,20,1,False,False
U307195,active,tier_1,2025-07-20,9,17,False,True
U307196,active,tier_1,2025-05-27,7,15,True,False
U307197,active,tier_1,2025-09-10,5,3,True,False
U307198,active,tier_3,2024-12-09,6,5,False,True
U307199,lapsed,tier_1,2024-12-17,2,177,True,False
U307200,high_frequency,tier_3,2024-08-23,23,0,False,True
U307201,lapsed,tier_2,2024-10-01,7,87,False,False
U307202,active,tier_3,2025-07-06,6,12,False,True
U307203,active,tier_1,2025-10-31,2,19,True,True
U307204,active,tier_2,2025-10-27,3,16,True,True
U307205,high_frequency,tier_3,2025-04-03,15,4,False,True
U307206,lapsed,tier_2,2024-07-23,6,176,False,False
U307207,high_frequency,tier_1,2024-04-23,15,2,True,True
U307208,active,tier_1,2025-07-20,1,15,False,True
U307209,lapsed,tier_1,2024-07-15,2,143,False,False
U307210,active,tier_1,2026-01-01,5,20,False,True
U307211,active,tier_2,2025-08-09,5,15,False,True
U307212,active,tier_2,2026-01-05,4,8,True,True
U307213,high_frequency,tier_1,2024-12-24,17,2,False,True
U307214,active,tier_2,2025-05-03,7,6,False,False
U307215,new,tier_1,2025-12-10,0,9999,False,False
U307216,lapsed,tier_2,2025-01-12,3,65,True,False
U307217,new,tier_2,2025-06-30,0,9999,True,False
U307218,new,tier_3,2025-08-20,0,9999,True,True
U307219,high_frequency,tier_1,2025-05-30,21,2,False,True
U307220,new,tier_3,2025-09-02,0,9999,False,False
U307221,active,tier_3,2025-09-22,4,14,True,False
U307222,high_frequency,tier_2,2024-04-15,21,4,True,False
U307223,active,tier_1,2025-07-02,4,20,True,False
U307224,active,tier_3,2025-04-25,9,17,False,False
U307225,new,tier_1,2024-12-27,0,9999,True,False
U307226,active,tier_1,2025-07-20,7,16,True,False
U307227,active,tier_2,2025-12-28,9,17,False,False
U307228,lapsed,tier_2,2025-05-16,7,96,False,False
U307229,active,tier_1,2024-07-05,8,16,False,True
U307230,active,tier_1,2025-03-11,1,5,True,False
U307231,active,tier_1,2025-11-27,5,15,True,False
U307232,lapsed,tier_3,2024-09-04,5,119,False,False
U307233,active,tier_2,2026-01-06,11,3,True,True
U307234,lapsed,tier_1,2024-06-04,6,106,False,False
U307235,active,tier_1,2026-01-26,7,13,False,True
U307236,active,tier_2,2024-12-14,1,8,True,True
U307237,active,tier_3,2024-06-20,7,6,False,True
U307238,active,tier_2,2024-07-04,7,4,True,True
U307239,active,tier_1,2025-07-24,3,20,False,True
U307240,new,tier_2,2025-09-21,0,9999,False,False
U307241,high_frequency,tier_1,2024-12-21,17,0,False,True
U307242,new,tier_2,2024-10-23,0,9999,True,True
U307243,new,tier_2,2024-06-01,0,9999,True,True
U307244,lapsed,tier_1,2025-03-11,4,65,False,False
U307245,high_frequency,tier_3,2025-02-13,18,4,True,True
U307246,lapsed,tier_2,2026-01-20,2,121,True,False
U307247,active,tier_2,2025-12-27,4,4,True,False
U307248,high_frequency,tier_2,2024-12-20,19,0,False,True
U307249,high_frequency,tier_1,2024-12-01,16,3,False,True
U307250,active,tier_3,2024-06-11,8,18,True,True
U307251,high_frequency,tier_3,2024-11-23,10,3,True,False
U307252,high_frequency,tier_1,2025-08-09,16,2,False,True
U307253,active,tier_2,2024-07-04,3,11,True,True
U307254,new,tier_1,2025-05-02,0,9999,True,True
U307255,new,tier_3,2024-06-21,0,9999,True,False
U307256,high_frequency,tier_2,2025-06-12,25,1,False,True
U307257,lapsed,tier_1,2024-12-30,12,162,True,False
U307258,active,tier_1,2024-04-29,6,4,False,True
U307259,new,tier_2,2025-04-12,0,9999,True,False
U307260,lapsed,tier_1,2026-01-13,3,77,False,False
U307261,high_frequency,tier_2,2024-05-07,19,3,True,False
U307262,new,tier_1,2025-04-04,0,9999,False,False
U307263,high_frequency,tier_1,2025-06-16,24,2,True,False
U307264,active,tier_1,2025-10-02,7,6,True,False
U307265,active,tier_3,2024-12-03,8,15,False,True
U307266,lapsed,tier_1,2024-12-22,6,110,False,False
U307267,active,tier_1,2026-01-07,1,3,False,False
U307268,lapsed,tier_3,2025-09-02,4,178,True,False
U307269,lapsed,tier_3,2024-09-20,8,126,False,False
U307270,high_frequency,tier_1,2025-08-23,21,4,True,True
U307271,new,tier_1,2024-05-17,0,9999,False,False
U307272,lapsed,tier_2,2024-05-18,2,114,False,False
U307273,new,tier_1,2026-01-27,0,9999,True,False
U307274,active,tier_1,2024-04-14,3,8,True,False
U307275,new,tier_2,2024-04-02,0,9999,True,False
U307276,lapsed,tier_1,2025-05-12,1,73,False,False
U307277,active,tier_1,2024-12-08,4,15,True,False
U307278,lapsed,tier_2,2025-07-22,3,136,False,False
U307279,lapsed,tier_3,2024-12-05,2,178,True,False
U307280,lapsed,tier_3,2024-07-11,3,94,True,False
U307281,lapsed,tier_2,2024-07-26,7,69,True,True
U307282,lapsed,tier_2,2024-09-27,3,77,True,False
U307283,high_frequency,tier_2,2025-03-07,21,0,True,True
U307284,high_frequency,tier_1,2024-04-30,14,4,False,True
U307285,high_frequency,tier_1,2025-12-03,11,1,True,True
U307286,active,tier_2,2025-03-18,5,11,False,False
U307287,new,tier_2,2024-06-26,0,9999,True,True
U307288,lapsed,tier_2,2025-12-10,5,114,False,False
U307289,lapsed,tier_3,2024-10-03,3,109,False,False
U307290,active,tier_1,2024-10-18,8,3,True,True
U307291,new,tier_2,2025-07-19,0,9999,False,False
U307292,new,tier_3,2024-10-09,0,9999,True,False
U307293,high_frequency,tier_1,2026-03-01,19,4,True,True
U307294,lapsed,tier_2,2025-12-30,4,97,True,False
U307295,lapsed,tier_2,2026-01-01,2,108,False,False
U307296,high_frequency,tier_1,2025-05-30,20,4,False,True
U307297,lapsed,tier_3,2025-11-26,3,159,False,False
U307298,active,tier_2,2025-03-23,4,11,True,True
U307299,lapsed,tier_2,2025-07-09,3,174,False,False
U307300,active,tier_2,2025-03-14,4,8,False,False
U307301,active,tier_2,2025-11-29,3,5,True,True
U307302,high_frequency,tier_1,2025-02-21,10,4,True,True
U307303,active,tier_1,2026-01-03,2,14,True,False
U307304,lapsed,tier_2,2024-11-11,4,93,False,False
U307305,lapsed,tier_2,2024-10-03,3,89,False,True
U307306,lapsed,tier_2,2024-05-13,4,84,True,True
U307307,lapsed,tier_1,2025-01-13,4,95,False,False
U307308,lapsed,tier_1,2025-04-22,3,143,False,False
U307309,new,tier_1,2025-12-11,0,9999,True,False
U307310,lapsed,tier_1,2025-09-12,5,83,True,True
U307311,active,tier_3,2025-12-03,4,9,False,False
U307312,new,tier_2,2025-03-28,0,9999,False,False
U307313,active,tier_2,2024-09-17,9,13,False,False
U307314,active,tier_1,2025-06-13,5,6,False,False
U307315,new,tier_1,2024-12-11,0,9999,False,True
U307316,active,tier_3,2026-01-06,4,7,False,True
U307317,active,tier_3,2025-07-03,4,4,True,True
U307318,active,tier_1,2024-07-19,9,6,False,True
U307319,active,tier_1,2024-09-26,4,11,False,True
U307320,active,tier_1,2025-03-07,10,8,True,True
U307321,high_frequency,tier_2,2024-08-23,21,4,True,False
U307322,active,tier_2,2025-04-11,4,19,False,False
U307323,lapsed,tier_1,2026-01-02,3,78,True,False
U307324,high_frequency,tier_2,2025-01-19,15,4,False,True
U307325,new,tier_1,2024-07-31,0,9999,True,False
U307326,active,tier_2,2026-02-24,10,17,True,False
U307327,new,tier_2,2025-09-13,0,9999,False,False
U307328,active,tier_2,2025-10-13,8,15,True,False
U307329,lapsed,tier_2,2025-06-21,6,64,True,False
U307330,active,tier_2,2025-02-15,9,3,False,False
U307331,lapsed,tier_2,2026-03-01,1,105,True,True
U307332,high_frequency,tier_1,2025-06-12,21,1,True,True
U307333,active,tier_3,2024-10-07,9,9,False,False
U307334,active,tier_1,2024-12-18,6,18,False,False
U307335,new,tier_1,2024-10-18,0,9999,True,False
U307336,active,tier_1,2024-12-07,4,5,False,False
U307337,high_frequency,tier_1,2025-04-23,19,4,False,True
U307338,lapsed,tier_3,2024-06-07,2,126,True,False
U307339,new,tier_2,2025-07-21,0,9999,False,False
U307340,high_frequency,tier_3,2025-11-08,14,4,False,False
U307341,lapsed,tier_1,2025-02-12,2,173,True,True
U307342,new,tier_2,2026-01-22,0,9999,True,True
U307343,active,tier_3,2025-05-19,10,13,False,False
U307344,active,tier_2,2025-10-04,4,18,False,True
U307345,new,tier_2,2026-01-31,0,9999,True,False
U307346,new,tier_1,2024-07-29,0,9999,False,False
U307347,active,tier_2,2025-05-24,2,3,True,False
U307348,new,tier_2,2025-09-26,0,9999,False,False
U307349,active,tier_3,2024-10-13,5,19,False,True
U307350,active,tier_1,2025-06-05,7,5,False,False
U307351,high_frequency,tier_1,2024-09-26,14,2,True,False
U307352,active,tier_2,2026-02-14,8,15,True,True
U307353,high_frequency,tier_3,2025-07-10,15,1,False,True
U307354,high_frequency,tier_2,2025-11-28,19,3,True,True
U307355,high_frequency,tier_2,2024-06-08,22,4,False,False
U307356,active,tier_2,2025-05-16,1,11,True,True
U307357,lapsed,tier_2,2024-04-22,2,144,False,True
U307358,high_frequency,tier_2,2024-07-28,22,0,False,True
U307359,active,tier_2,2025-07-13,7,6,True,True
U307360,high_frequency,tier_2,2025-08-05,17,1,True,True
U307361,lapsed,tier_3,2026-01-26,5,114,True,False
U307362,new,tier_1,2025-07-19,0,9999,False,False
U307363,high_frequency,tier_1,2025-03-09,19,4,False,True
U307364,active,tier_3,2024-04-01,7,4,False,True
U307365,active,tier_1,2025-01-16,5,15,False,True
U307366,new,tier_2,2025-06-11,0,9999,True,True
U307367,active,tier_2,2025-10-03,4,3,False,True
U307368,high_frequency,tier_1,2026-02-07,19,4,False,True
U307369,active,tier_3,2024-10-27,3,20,True,False
U307370,active,tier_1,2025-04-23,5,11,False,False
U307371,active,tier_2,2024-06-10,5,12,False,False
U307372,high_frequency,tier_2,2025-09-23,16,0,True,True
U307373,new,tier_2,2024-06-15,0,9999,True,False
U307374,high_frequency,tier_2,2025-09-21,30,4,True,True
U307375,new,tier_2,2024-09-04,0,9999,False,False
U307376,new,tier_3,2025-08-31,0,9999,True,False
U307377,new,tier_1,2026-02-01,0,9999,True,True
U307378,high_frequency,tier_2,2025-02-23,21,2,True,True
U307379,lapsed,tier_2,2025-01-04,4,152,False,False
U307380,high_frequency,tier_2,2024-04-13,19,1,True,True
U307381,new,tier_3,2025-01-12,0,9999,True,True
U307382,active,tier_1,2025-07-02,11,18,True,True
U307383,high_frequency,tier_1,2024-09-05,16,2,False,True
U307384,new,tier_1,2024-11-18,0,9999,False,False
U307385,high_frequency,tier_1,2024-09-08,22,4,True,True
U307386,high_frequency,tier_2,2025-08-12,20,3,True,True
U307387,lapsed,tier_3,2025-02-28,3,73,False,False
U307388,active,tier_1,2025-06-20,5,16,False,False
U307389,lapsed,tier_3,2025-09-16,0,79,True,True
U307390,active,tier_2,2026-01-20,7,4,False,True
U307391,high_frequency,tier_2,2024-11-19,14,1,False,True
U307392,high_frequency,tier_1,2024-09-09,16,1,False,True
U307393,new,tier_2,2024-09-23,0,9999,False,False
U307394,new,tier_2,2025-08-25,0,9999,True,False
U307395,lapsed,tier_2,2025-06-01,7,81,False,False
U307396,high_frequency,tier_2,2024-08-27,23,0,False,True
U307397,active,tier_2,2025-12-18,1,19,False,True
U307398,lapsed,tier_1,2025-05-18,2,98,True,False
U307399,new,tier_1,2025-07-11,0,9999,False,False
U307400,active,tier_1,2025-08-22,9,11,False,False
U307401,lapsed,tier_3,2025-06-02,5,92,True,False
U307402,active,tier_1,2025-03-29,7,8,False,True
U307403,active,tier_1,2024-04-30,5,18,False,True
U307404,active,tier_1,2024-09-16,6,9,False,True
U307405,active,tier_3,2025-07-20,12,8,True,True
U307406,active,tier_1,2024-12-25,4,14,False,True
U307407,active,tier_1,2024-09-11,4,6,True,True
U307408,active,tier_2,2025-03-28,5,12,False,True
U307409,active,tier_1,2025-08-12,7,4,True,True
U307410,lapsed,tier_2,2024-12-29,2,173,True,True
U307411,new,tier_1,2024-06-02,0,9999,True,False
U307412,lapsed,tier_3,2025-06-19,5,100,True,False
U307413,lapsed,tier_1,2026-02-23,1,66,True,True
U307414,active,tier_2,2025-06-28,4,18,True,True
U307415,active,tier_3,2025-03-29,4,18,True,True
U307416,active,tier_1,2024-07-30,7,9,True,True
U307417,active,tier_1,2024-08-05,6,3,True,True
U307418,high_frequency,tier_2,2025-06-25,28,3,True,True
U307419,active,tier_3,2025-05-26,7,15,False,False
U307420,active,tier_1,2024-07-16,3,10,True,False
U307421,high_frequency,tier_1,2026-02-06,15,1,False,False
U307422,active,tier_1,2024-10-11,4,8,True,True
U307423,active,tier_3,2026-01-06,2,6,True,True
U307424,active,tier_1,2024-12-03,7,19,True,False
U307425,high_frequency,tier_1,2025-10-21,15,1,False,True
U307426,active,tier_1,2024-05-16,7,14,False,True
U307427,new,tier_2,2025-08-20,0,9999,True,True
U307428,active,tier_2,2025-02-09,8,13,True,True
U307429,high_frequency,tier_3,2024-11-07,16,1,False,True
U307430,active,tier_3,2024-08-12,9,14,True,True
U307431,high_frequency,tier_2,2025-10-28,17,1,False,False
U307432,active,tier_2,2025-07-23,4,7,True,False
U307433,high_frequency,tier_1,2024-06-11,15,3,True,True
U307434,high_frequency,tier_1,2025-09-17,17,2,False,True
U307435,active,tier_3,2025-05-17,3,7,False,True
U307436,high_frequency,tier_1,2024-12-12,15,3,True,True
U307437,high_frequency,tier_2,2024-12-15,17,0,True,True
U307438,active,tier_1,2025-06-23,4,9,False,False
U307439,active,tier_2,2025-12-01,5,16,True,True
U307440,new,tier_3,2024-05-01,0,9999,False,False
U307441,new,tier_3,2025-03-27,0,9999,False,False
U307442,active,tier_1,2024-09-08,6,14,True,False
U307443,lapsed,tier_1,2025-08-09,8,130,True,False
U307444,lapsed,tier_3,2024-07-05,7,74,True,True
U307445,active,tier_1,2025-03-22,7,16,False,True
U307446,new,tier_3,2025-03-04,0,9999,True,True
U307447,new,tier_3,2024-10-14,0,9999,False,True
U307448,active,tier_2,2025-11-06,7,8,False,True
U307449,active,tier_2,2025-08-01,15,16,False,False
U307450,new,tier_1,2025-07-09,0,9999,False,True
U307451,high_frequency,tier_3,2025-03-03,15,3,False,True
U307452,active,tier_1,2025-03-19,6,16,True,True
U307453,active,tier_1,2024-07-12,5,13,False,True
U307454,lapsed,tier_3,2024-10-21,3,71,False,False
U307455,active,tier_1,2025-03-26,4,15,False,False
U307456,high_frequency,tier_3,2024-08-03,23,3,True,True
U307457,active,tier_1,2025-04-17,7,8,True,False
U307458,new,tier_1,2025-07-12,0,9999,True,False
U307459,active,tier_1,2025-05-19,4,10,True,True
U307460,active,tier_2,2026-01-15,3,8,True,True
U307461,new,tier_1,2024-11-14,0,9999,True,False
U307462,new,tier_1,2024-10-02,0,9999,True,False
U307463,active,tier_2,2024-06-08,6,20,False,False
U307464,lapsed,tier_3,2025-09-06,4,105,False,False
U307465,lapsed,tier_1,2024-12-04,2,89,False,False
U307466,high_frequency,tier_1,2025-10-20,25,4,False,True
U307467,lapsed,tier_2,2024-05-18,4,68,False,False
U307468,active,tier_3,2026-03-01,11,14,False,False
U307469,lapsed,tier_1,2025-09-09,6,82,False,False
U307470,lapsed,tier_2,2024-12-12,4,135,True,False
U307471,lapsed,tier_1,2025-11-15,8,89,True,False
U307472,new,tier_2,2025-05-11,0,9999,False,False
U307473,new,tier_3,2025-03-27,0,9999,False,True
U307474,active,tier_1,2025-09-15,9,15,False,True
U307475,active,tier_1,2024-12-22,3,10,False,False
U307476,lapsed,tier_1,2025-06-18,5,142,False,False
U307477,high_frequency,tier_1,2024-11-13,24,2,True,True
U307478,new,tier_2,2024-10-24,0,9999,False,False
U307479,new,tier_3,2025-03-28,0,9999,False,False
U307480,new,tier_2,2025-06-25,0,9999,False,False
U307481,new,tier_2,2024-10-23,0,9999,False,False
U307482,active,tier_3,2024-06-24,5,17,False,True
U307483,new,tier_1,2024-07-17,0,9999,True,False
U307484,new,tier_3,2025-05-02,0,9999,True,False
U307485,active,tier_2,2025-05-09,9,10,False,True
U307486,lapsed,tier_2,2024-07-28,3,83,False,False
U307487,active,tier_2,2024-11-06,9,4,True,True
U307488,active,tier_3,2025-06-02,6,16,False,False
U307489,active,tier_3,2025-09-08,9,18,True,True
U307490,active,tier_3,2024-07-01,3,16,False,False
U307491,new,tier_3,2024-08-21,0,9999,True,False
U307492,lapsed,tier_3,2024-10-09,4,109,True,False
U307493,active,tier_3,2025-05-30,4,5,True,True
U307494,active,tier_1,2025-01-12,5,18,False,False
U307495,high_frequency,tier_2,2025-01-05,25,4,True,True
U307496,high_frequency,tier_1,2026-01-28,24,3,True,True
U307497,high_frequency,tier_1,2024-08-31,28,4,True,True
U307498,new,tier_2,2024-09-19,0,9999,False,False
U307499,active,tier_1,2025-12-09,3,10,True,True
U307500,active,tier_1,2025-05-04,6,11,False,True
U307501,lapsed,tier_2,2025-01-14,4,62,True,True
U307502,active,tier_1,2024-07-05,4,6,True,False
U307503,lapsed,tier_2,2026-01-26,2,174,True,False
U307504,active,tier_1,2024-05-16,6,20,True,True
U307505,active,tier_1,2026-01-16,3,18,True,True
U307506,active,tier_3,2024-10-06,7,12,False,False
U307507,high_frequency,tier_1,2025-08-12,19,0,False,True
U307508,active,tier_1,2024-04-23,4,13,True,True
U307509,new,tier_1,2025-12-01,0,9999,False,False
U307510,active,tier_2,2026-01-25,2,9,False,True
U307511,active,tier_1,2024-09-12,6,8,False,True
U307512,active,tier_2,2025-12-26,5,19,True,True
U307513,active,tier_2,2025-08-11,5,6,True,True
U307514,active,tier_1,2024-06-23,7,17,True,False
U307515,high_frequency,tier_2,2024-10-01,24,0,True,True
U307516,new,tier_3,2025-12-09,0,9999,True,False
U307517,new,tier_2,2025-08-19,0,9999,True,False
U307518,lapsed,tier_1,2024-04-28,6,83,False,False
U307519,active,tier_3,2025-02-15,5,3,False,False
U307520,high_frequency,tier_2,2024-04-18,16,1,False,True
U307521,lapsed,tier_2,2025-03-13,1,144,False,False
U307522,active,tier_3,2025-12-28,1,8,False,False
U307523,lapsed,tier_2,2024-09-02,4,112,False,False
U307524,active,tier_3,2025-01-01,4,5,True,True
U307525,active,tier_3,2025-02-02,2,19,False,False
U307526,active,tier_1,2024-07-18,5,6,True,False
U307527,lapsed,tier_3,2026-01-18,3,179,True,True
U307528,active,tier_1,2025-11-11,4,5,False,False
U307529,high_frequency,tier_1,2025-04-28,22,2,False,True
U307530,high_frequency,tier_1,2024-12-07,19,0,False,True
U307531,active,tier_3,2025-06-12,3,9,False,True
U307532,active,tier_2,2024-06-09,2,12,False,False
U307533,lapsed,tier_2,2025-03-28,5,143,True,True
U307534,active,tier_1,2024-07-09,10,9,True,True
U307535,active,tier_1,2025-02-21,7,14,False,True
U307536,active,tier_1,2025-10-19,9,20,False,False
U307537,active,tier_2,2024-06-21,13,11,True,True
U307538,lapsed,tier_2,2025-03-31,4,81,True,False
U307539,lapsed,tier_3,2024-05-04,2,159,True,False
U307540,new,tier_1,2024-07-06,0,9999,True,False
U307541,lapsed,tier_1,2024-07-26,4,119,False,True
U307542,high_frequency,tier_3,2024-04-22,17,3,False,True
U307543,active,tier_1,2025-06-18,11,20,True,False
U307544,active,tier_1,2024-11-17,6,11,False,False
U307545,lapsed,tier_2,2025-09-12,4,82,False,False
U307546,lapsed,tier_1,2025-11-20,2,151,False,False
U307547,new,tier_2,2025-03-19,0,9999,False,False
U307548,active,tier_2,2025-02-13,6,15,False,True
U307549,lapsed,tier_2,2025-01-30,9,109,False,False
U307550,high_frequency,tier_2,2025-07-10,17,2,False,True
U307551,active,tier_2,2024-06-26,10,18,True,True
U307552,high_frequency,tier_2,2025-12-03,11,3,False,True
U307553,lapsed,tier_1,2024-10-13,6,144,True,False
U307554,active,tier_2,2024-09-08,3,6,False,False
U307555,lapsed,tier_3,2024-07-15,3,179,True,False
U307556,active,tier_1,2025-12-07,2,14,True,False
U307557,active,tier_1,2025-05-16,9,11,True,False
U307558,lapsed,tier_2,2025-08-18,8,151,True,True
U307559,lapsed,tier_2,2024-04-19,3,140,False,False
U307560,lapsed,tier_1,2025-09-01,10,151,False,False
U307561,new,tier_2,2024-08-16,0,9999,True,True
U307562,active,tier_3,2025-07-25,7,9,False,False
U307563,lapsed,tier_1,2024-07-30,4,96,True,True
U307564,lapsed,tier_1,2025-08-22,5,97,True,False
U307565,active,tier_1,2026-02-08,3,19,False,False
U307566,high_frequency,tier_3,2024-11-17,18,2,True,True
U307567,active,tier_3,2025-03-19,2,19,False,True
U307568,active,tier_1,2024-10-07,4,17,True,True
U307569,lapsed,tier_1,2026-01-12,6,68,False,False
U307570,high_frequency,tier_1,2025-05-13,29,4,False,True
U307571,new,tier_3,2025-12-17,0,9999,False,False
U307572,new,tier_1,2024-05-29,0,9999,False,False
U307573,active,tier_1,2025-03-15,5,3,False,True
U307574,lapsed,tier_1,2024-04-17,8,124,False,False
U307575,active,tier_2,2024-05-02,2,12,False,False
U307576,new,tier_2,2025-10-06,0,9999,False,False
U307577,new,tier_3,2025-05-01,0,9999,False,False
U307578,active,tier_2,2025-07-24,6,8,True,True
U307579,new,tier_1,2024-07-01,0,9999,False,True
U307580,lapsed,tier_1,2024-05-11,4,98,True,True
U307581,high_frequency,tier_1,2024-05-24,9,2,True,True
U307582,new,tier_2,2024-10-14,0,9999,False,False
U307583,high_frequency,tier_3,2024-05-23,18,4,True,True
U307584,high_frequency,tier_1,2024-12-12,23,1,False,True
U307585,lapsed,tier_1,2025-06-02,3,174,False,False
U307586,active,tier_2,2024-05-31,2,17,True,True
U307587,active,tier_1,2026-02-23,6,20,False,False
U307588,new,tier_1,2026-02-10,0,9999,False,False
U307589,active,tier_3,2026-01-17,8,8,False,False
U307590,active,tier_3,2025-07-28,9,12,True,False
U307591,active,tier_1,2026-01-01,14,10,False,True
U307592,lapsed,tier_3,2025-11-27,3,167,True,False
U307593,lapsed,tier_2,2024-11-28,9,148,True,False
U307594,lapsed,tier_3,2024-05-11,3,174,False,False
U307595,new,tier_1,2024-12-22,0,9999,True,False
U307596,high_frequency,tier_3,2025-04-15,19,4,True,True
U307597,new,tier_3,2024-12-04,0,9999,False,False
U307598,active,tier_1,2025-04-04,4,10,True,False
U307599,high_frequency,tier_2,2024-09-08,18,0,False,True
U307600,lapsed,tier_1,2025-09-26,1,73,True,False
U307601,new,tier_1,2025-06-13,0,9999,True,False
U307602,high_frequency,tier_1,2024-06-11,18,4,False,True
U307603,active,tier_1,2025-04-28,1,15,False,False
U307604,active,tier_1,2024-06-12,6,19,True,False
U307605,active,tier_2,2026-01-28,6,13,False,False
U307606,active,tier_2,2025-01-02,10,11,True,True
U307607,active,tier_2,2024-07-14,3,5,True,True
U307608,lapsed,tier_3,2026-02-21,5,93,False,False
U307609,new,tier_1,2024-12-24,0,9999,True,True
U307610,high_frequency,tier_2,2024-12-01,12,1,True,True
U307611,new,tier_3,2024-10-24,0,9999,False,False
U307612,new,tier_3,2024-12-02,0,9999,True,False
U307613,new,tier_3,2024-08-10,0,9999,False,False
U307614,active,tier_2,2024-11-29,10,18,False,True
U307615,lapsed,tier_3,2024-09-28,1,83,False,False
U307616,new,tier_3,2025-07-06,0,9999,False,False
U307617,active,tier_1,2025-06-27,5,12,True,True
U307618,high_frequency,tier_1,2025-06-05,21,4,False,False
U307619,high_frequency,tier_1,2024-11-29,19,2,False,True
U307620,new,tier_2,2025-01-29,0,9999,False,False
U307621,high_frequency,tier_3,2026-01-19,18,1,True,True
U307622,high_frequency,tier_2,2025-10-19,14,3,False,False
U307623,lapsed,tier_3,2024-10-30,5,119,False,False
U307624,active,tier_1,2025-11-12,3,15,True,False
U307625,active,tier_2,2025-06-04,10,14,False,True
U307626,lapsed,tier_2,2026-01-12,5,149,True,False
U307627,active,tier_2,2025-02-10,4,14,True,False
U307628,new,tier_1,2024-11-07,0,9999,False,False
U307629,lapsed,tier_3,2025-04-27,8,159,False,False
U307630,lapsed,tier_2,2025-07-14,1,145,True,False
U307631,new,tier_3,2024-11-05,0,9999,True,True
U307632,new,tier_3,2025-10-30,0,9999,True,False
U307633,active,tier_2,2025-12-10,4,3,False,True
U307634,new,tier_2,2025-07-19,0,9999,False,False
U307635,lapsed,tier_1,2025-12-21,4,126,False,True
U307636,high_frequency,tier_1,2026-01-08,18,4,False,True
U307637,new,tier_2,2025-09-28,0,9999,False,False
U307638,active,tier_3,2025-05-15,8,11,False,False
U307639,new,tier_1,2025-01-24,0,9999,True,False
U307640,new,tier_1,2024-07-23,0,9999,False,False
U307641,high_frequency,tier_2,2025-11-21,14,1,True,True
U307642,high_frequency,tier_2,2025-09-26,14,0,True,True
U307643,active,tier_2,2024-11-18,7,14,True,True
U307644,active,tier_1,2024-05-14,10,14,True,False
U307645,active,tier_2,2025-12-03,2,9,True,True
U307646,new,tier_1,2024-05-05,0,9999,True,True
U307647,new,tier_1,2026-02-22,0,9999,False,True
U307648,new,tier_2,2025-10-18,0,9999,False,False
U307649,new,tier_3,2024-12-19,0,9999,False,True
U307650,new,tier_1,2024-06-09,0,9999,False,False
U307651,active,tier_3,2025-07-19,6,15,False,True
U307652,high_frequency,tier_1,2024-08-06,16,2,False,True
U307653,lapsed,tier_2,2024-08-19,5,119,True,True
U307654,active,tier_1,2025-06-01,4,20,True,False
U307655,high_frequency,tier_1,2024-06-25,13,0,True,True
U307656,active,tier_1,2025-08-02,7,8,False,True
U307657,high_frequency,tier_2,2024-11-02,21,2,False,False
U307658,new,tier_2,2025-07-16,0,9999,False,False
U307659,lapsed,tier_1,2025-07-11,1,133,False,False
U307660,active,tier_2,2024-07-18,7,19,False,False
U307661,lapsed,tier_1,2025-05-17,3,81,True,True
U307662,lapsed,tier_1,2025-09-20,2,79,True,False
U307663,high_frequency,tier_1,2024-12-04,11,2,False,True
U307664,active,tier_2,2025-08-20,1,16,False,True
U307665,new,tier_3,2025-02-07,0,9999,True,True
U307666,new,tier_1,2025-02-21,0,9999,False,False
U307667,active,tier_1,2024-11-27,7,14,True,False
U307668,lapsed,tier_1,2026-01-11,2,164,True,False
U307669,high_frequency,tier_2,2026-02-26,14,2,False,True
U307670,active,tier_2,2024-10-11,7,6,False,True
U307671,active,tier_1,2025-12-01,6,7,False,False
U307672,new,tier_3,2024-07-17,0,9999,True,False
U307673,new,tier_2,2025-01-27,0,9999,True,True
U307674,new,tier_3,2024-11-20,0,9999,True,False
U307675,new,tier_3,2024-06-21,0,9999,True,True
U307676,new,tier_2,2024-04-01,0,9999,False,False
U307677,lapsed,tier_2,2026-01-07,2,175,True,True
U307678,active,tier_2,2025-06-02,7,3,True,False
U307679,active,tier_1,2025-05-04,7,8,True,True
U307680,high_frequency,tier_3,2024-08-05,29,0,False,True
U307681,lapsed,tier_2,2024-12-28,4,63,False,False
U307682,active,tier_1,2024-10-03,4,10,False,True
U307683,active,tier_2,2024-11-21,6,5,False,True
U307684,active,tier_1,2025-02-17,8,15,True,True
U307685,active,tier_2,2026-01-26,5,10,False,False
U307686,lapsed,tier_2,2026-02-22,1,127,False,False
U307687,lapsed,tier_2,2026-01-18,4,170,True,False
U307688,new,tier_1,2025-01-15,0,9999,False,False
U307689,lapsed,tier_2,2025-11-17,3,135,True,False
U307690,active,tier_1,2024-07-31,9,19,False,False
U307691,active,tier_3,2024-06-04,5,18,False,False
U307692,active,tier_3,2024-05-19,4,18,True,False
U307693,active,tier_1,2025-03-29,5,4,False,False
U307694,lapsed,tier_2,2025-08-08,6,177,True,True
U307695,active,tier_2,2024-04-20,6,5,True,True
U307696,active,tier_2,2025-11-14,5,15,True,False
U307697,lapsed,tier_1,2024-11-14,4,146,True,False
U307698,lapsed,tier_1,2024-05-18,3,122,True,False
U307699,active,tier_2,2025-02-22,7,5,False,True
U307700,lapsed,tier_2,2025-09-12,5,131,True,True
U307701,new,tier_2,2025-07-08,0,9999,False,False
U307702,new,tier_2,2026-01-09,0,9999,True,False
U307703,high_frequency,tier_2,2024-09-10,16,2,True,True
U307704,lapsed,tier_2,2025-05-31,5,103,True,False
U307705,active,tier_1,2025-10-26,3,3,False,True
U307706,active,tier_2,2025-06-18,5,15,False,True
U307707,new,tier_2,2025-04-25,0,9999,False,False
U307708,high_frequency,tier_1,2024-07-30,17,3,False,True
U307709,active,tier_1,2025-09-30,3,20,False,True
U307710,active,tier_1,2025-03-30,6,4,False,True
U307711,lapsed,tier_3,2025-04-26,3,93,False,False
U307712,new,tier_2,2024-11-20,0,9999,True,False
U307713,active,tier_1,2025-06-05,8,5,True,False
U307714,active,tier_2,2025-05-06,6,8,True,False
U307715,lapsed,tier_3,2024-08-11,4,67,True,False
U307716,high_frequency,tier_3,2025-07-09,20,2,False,True
U307717,lapsed,tier_1,2024-05-16,4,157,False,False
U307718,lapsed,tier_3,2025-11-03,6,158,False,False
U307719,lapsed,tier_1,2024-07-17,4,173,False,False
U307720,active,tier_1,2025-03-05,5,13,False,False
U307721,new,tier_3,2025-05-20,0,9999,True,True
U307722,high_frequency,tier_2,2025-06-15,20,4,True,True
U307723,high_frequency,tier_3,2025-08-09,17,4,False,True
U307724,high_frequency,tier_1,2025-05-05,15,0,False,True
U307725,lapsed,tier_1,2024-11-03,2,74,True,False
U307726,new,tier_3,2025-07-22,0,9999,True,False
U307727,lapsed,tier_1,2025-07-12,3,82,True,True
U307728,high_frequency,tier_1,2025-08-10,12,1,True,True
U307729,active,tier_3,2025-10-29,7,20,False,False
U307730,active,tier_1,2025-03-16,3,15,False,False
U307731,new,tier_3,2024-11-15,0,9999,False,False
U307732,new,tier_1,2026-02-20,0,9999,False,False
U307733,lapsed,tier_2,2024-12-07,5,133,False,True
U307734,high_frequency,tier_3,2026-02-09,27,2,True,True
U307735,lapsed,tier_1,2025-02-11,4,165,False,True
U307736,high_frequency,tier_3,2026-02-28,17,2,False,True
U307737,high_frequency,tier_2,2025-12-19,17,1,False,True
U307738,new,tier_2,2025-11-29,0,9999,False,False
U307739,lapsed,tier_2,2024-08-22,2,83,True,False
U307740,active,tier_1,2024-06-11,8,20,True,True
U307741,active,tier_2,2024-06-02,5,10,True,True
U307742,new,tier_2,2026-01-01,0,9999,False,False
U307743,new,tier_1,2025-10-21,0,9999,False,True
U307744,active,tier_2,2024-08-18,3,3,False,True
U307745,active,tier_1,2025-06-30,7,11,False,False
U307746,high_frequency,tier_2,2024-10-31,20,3,False,True
U307747,lapsed,tier_1,2025-08-25,8,108,True,False
U307748,new,tier_3,2025-08-09,0,9999,True,True
U307749,lapsed,tier_1,2025-04-30,3,147,True,True
U307750,high_frequency,tier_2,2025-02-07,13,1,False,True
U307751,new,tier_1,2026-02-21,0,9999,False,False
U307752,lapsed,tier_2,2024-10-03,6,161,False,False
U307753,active,tier_1,2024-06-07,8,13,True,True
U307754,new,tier_2,2024-05-04,0,9999,True,False
U307755,high_frequency,tier_3,2025-04-20,17,0,False,True
U307756,new,tier_2,2024-04-30,0,9999,False,False
U307757,active,tier_1,2025-09-04,2,14,False,True
U307758,active,tier_2,2025-12-28,9,17,True,True
U307759,active,tier_1,2024-08-22,1,5,True,True
U307760,active,tier_2,2025-08-10,4,15,False,False
U307761,active,tier_3,2025-07-30,11,10,False,True
U307762,lapsed,tier_2,2024-12-15,5,105,False,False
U307763,active,tier_1,2025-10-15,8,15,True,True
U307764,high_frequency,tier_1,2025-07-18,22,3,True,False
U307765,high_frequency,tier_2,2024-08-21,9,0,True,True
U307766,active,tier_2,2025-12-11,7,10,False,False
U307767,lapsed,tier_1,2025-07-01,1,80,True,True
U307768,active,tier_3,2024-08-24,12,9,True,True
U307769,lapsed,tier_1,2024-11-19,5,120,False,False
U307770,new,tier_1,2025-03-21,0,9999,True,False
U307771,lapsed,tier_1,2025-08-29,3,72,False,False
U307772,high_frequency,tier_2,2024-04-06,15,2,True,True
U307773,new,tier_1,2024-12-01,0,9999,False,False
U307774,active,tier_2,2025-07-05,7,18,True,True
U307775,lapsed,tier_1,2024-10-10,2,94,False,False
U307776,lapsed,tier_2,2025-01-29,2,178,True,False
U307777,high_frequency,tier_1,2026-03-01,9,3,False,False
U307778,lapsed,tier_3,2026-01-11,5,152,False,False
U307779,high_frequency,tier_1,2024-07-17,16,2,True,True
U307780,high_frequency,tier_1,2024-10-09,17,0,False,True
U307781,active,tier_2,2025-10-28,5,5,True,False
U307782,new,tier_1,2025-08-03,0,9999,False,True
U307783,active,tier_2,2026-02-27,7,18,True,False
U307784,new,tier_2,2025-07-08,0,9999,True,False
U307785,high_frequency,tier_1,2025-04-28,13,4,True,False
U307786,high_frequency,tier_1,2025-06-09,13,0,False,True
U307787,active,tier_2,2025-10-04,6,4,False,False
U307788,high_frequency,tier_1,2025-04-24,15,2,False,False
U307789,lapsed,tier_1,2025-07-18,3,108,False,False
U307790,new,tier_1,2024-05-30,0,9999,False,False
U307791,lapsed,tier_1,2025-03-05,2,63,True,False
U307792,active,tier_2,2024-05-30,8,6,False,False
U307793,active,tier_2,2026-02-02,5,15,False,True
U307794,lapsed,tier_2,2024-04-11,4,151,False,False
U307795,high_frequency,tier_1,2025-11-22,21,3,False,True
U307796,active,tier_1,2024-04-02,5,3,False,True
U307797,active,tier_2,2025-11-16,5,10,False,True
U307798,active,tier_1,2026-01-03,9,5,False,False
U307799,lapsed,tier_2,2025-05-18,7,91,True,False
U307800,new,tier_2,2025-08-25,0,9999,False,False
U307801,high_frequency,tier_1,2025-04-26,21,4,False,True
U307802,new,tier_3,2025-02-12,0,9999,False,True
U307803,high_frequency,tier_1,2024-10-05,11,3,True,True
U307804,lapsed,tier_3,2025-07-09,3,140,False,False
U307805,lapsed,tier_2,2025-11-16,5,84,True,True
U307806,new,tier_2,2024-04-19,0,9999,False,True
U307807,active,tier_2,2025-04-21,5,14,True,True
U307808,active,tier_2,2025-09-25,5,14,True,False
U307809,active,tier_2,2025-09-06,5,11,False,True
U307810,high_frequency,tier_3,2024-12-29,14,4,False,True
U307811,lapsed,tier_3,2025-11-23,5,151,False,True
U307812,new,tier_2,2026-01-01,0,9999,True,False
U307813,new,tier_1,2024-06-23,0,9999,False,False
U307814,high_frequency,tier_3,2024-04-01,15,0,False,False
U307815,high_frequency,tier_3,2024-12-17,18,2,False,False
U307816,active,tier_2,2024-04-21,3,17,True,True
U307817,active,tier_2,2024-05-21,3,18,False,False
U307818,lapsed,tier_3,2024-04-15,4,118,False,False
U307819,active,tier_3,2025-01-02,7,8,False,True
U307820,high_frequency,tier_2,2025-06-20,25,4,True,True
U307821,active,tier_1,2024-09-25,6,10,True,True
U307822,lapsed,tier_1,2025-11-26,3,71,True,True
U307823,high_frequency,tier_1,2024-09-05,13,0,False,True
U307824,new,tier_3,2024-06-18,0,9999,False,False
U307825,new,tier_3,2025-02-01,0,9999,True,True
U307826,active,tier_2,2025-02-23,4,8,False,True
U307827,active,tier_3,2025-03-02,4,6,True,False
U307828,active,tier_3,2025-12-13,6,6,True,False
U307829,lapsed,tier_2,2025-03-20,5,69,True,True
U307830,high_frequency,tier_3,2024-12-18,19,4,True,True
U307831,new,tier_1,2025-02-20,0,9999,False,False
U307832,new,tier_3,2024-10-06,0,9999,True,False
U307833,active,tier_2,2025-04-20,7,6,False,False
U307834,high_frequency,tier_1,2025-10-24,20,0,True,True
U307835,lapsed,tier_2,2024-12-09,6,80,True,True
U307836,new,tier_1,2025-04-27,0,9999,False,False
U307837,high_frequency,tier_1,2025-08-18,15,2,True,True
U307838,high_frequency,tier_1,2024-12-13,10,2,False,True
U307839,active,tier_3,2024-11-15,4,20,True,True
U307840,active,tier_1,2025-04-30,3,5,True,True
U307841,high_frequency,tier_3,2025-01-30,14,3,True,False
U307842,active,tier_2,2025-04-23,6,15,False,True
U307843,active,tier_1,2025-06-07,9,18,False,False
U307844,lapsed,tier_2,2025-04-28,3,177,True,True
U307845,high_frequency,tier_1,2024-04-19,18,2,False,False
U307846,active,tier_1,2025-08-28,4,20,False,False
U307847,active,tier_2,2024-10-11,6,13,True,True
U307848,high_frequency,tier_2,2025-04-29,16,0,False,False
U307849,active,tier_3,2025-04-04,6,18,True,False
U307850,lapsed,tier_2,2025-08-25,5,78,True,False
U307851,active,tier_1,2024-09-11,10,11,False,False
U307852,lapsed,tier_1,2025-11-14,2,175,False,False
U307853,active,tier_3,2025-08-08,5,16,False,True
U307854,active,tier_1,2026-01-16,6,6,False,False
U307855,high_frequency,tier_3,2025-05-30,21,2,True,False
U307856,lapsed,tier_1,2024-10-24,3,124,False,False
U307857,lapsed,tier_1,2025-04-28,5,62,True,False
U307858,lapsed,tier_2,2025-12-09,7,102,True,True
U307859,active,tier_3,2026-02-21,2,4,False,True
U307860,high_frequency,tier_1,2024-10-04,18,2,True,True
U307861,active,tier_2,2025-10-04,8,12,True,True
U307862,high_frequency,tier_1,2025-12-27,17,2,True,True
U307863,new,tier_2,2024-06-30,0,9999,False,False
U307864,active,tier_3,2025-05-06,11,7,False,True
U307865,active,tier_3,2024-12-17,4,4,True,False
U307866,lapsed,tier_2,2025-08-29,4,76,False,True
U307867,active,tier_2,2026-02-21,6,19,True,True
U307868,lapsed,tier_1,2025-05-16,2,165,True,False
U307869,new,tier_3,2025-06-25,0,9999,False,False
U307870,lapsed,tier_3,2025-05-19,1,177,True,False
U307871,high_frequency,tier_1,2024-10-15,17,2,True,True
U307872,lapsed,tier_1,2025-10-06,6,134,True,True
U307873,active,tier_1,2024-04-21,5,11,False,False
U307874,lapsed,tier_1,2024-06-20,3,149,False,False
U307875,active,tier_3,2025-01-31,5,14,False,False
U307876,lapsed,tier_1,2024-06-08,7,139,True,False
U307877,active,tier_1,2025-11-30,6,11,False,True
U307878,active,tier_2,2024-07-21,3,11,False,False
U307879,new,tier_2,2025-10-12,0,9999,True,True
U307880,active,tier_3,2025-10-20,6,5,False,False
U307881,high_frequency,tier_1,2025-02-24,15,3,True,True
U307882,active,tier_1,2025-03-17,7,17,False,True
U307883,high_frequency,tier_1,2024-12-20,17,4,True,True
U307884,lapsed,tier_1,2025-06-08,2,109,False,False
U307885,lapsed,tier_1,2025-09-11,3,115,False,True
U307886,lapsed,tier_3,2024-04-07,3,135,False,False
U307887,active,tier_3,2024-06-27,7,8,False,False
U307888,new,tier_1,2024-05-23,0,9999,True,False
U307889,new,tier_1,2025-08-29,0,9999,True,True
U307890,lapsed,tier_1,2024-06-12,3,73,True,False
U307891,new,tier_2,2025-04-18,0,9999,True,False
U307892,new,tier_1,2024-06-02,0,9999,True,True
U307893,new,tier_1,2024-07-09,0,9999,False,False
U307894,lapsed,tier_2,2025-01-03,5,162,True,False
U307895,high_frequency,tier_2,2025-12-18,16,2,False,True
U307896,lapsed,tier_1,2025-10-19,4,120,True,False
U307897,new,tier_3,2025-02-17,0,9999,True,False
U307898,active,tier_1,2025-07-01,5,10,False,True
U307899,active,tier_1,2025-05-31,8,18,False,True
U307900,high_frequency,tier_1,2025-09-01,23,4,False,False
U307901,new,tier_1,2025-04-21,0,9999,True,False
U307902,high_frequency,tier_3,2026-01-23,17,0,True,True
U307903,high_frequency,tier_1,2025-06-01,22,3,False,True
U307904,active,tier_1,2025-04-27,7,7,False,True
U307905,active,tier_2,2024-08-29,3,6,False,True
U307906,new,tier_1,2024-07-28,0,9999,True,False
U307907,active,tier_2,2025-09-01,4,3,True,True
U307908,high_frequency,tier_1,2024-04-08,9,2,True,True
U307909,new,tier_2,2025-04-03,0,9999,False,True
U307910,lapsed,tier_3,2025-03-23,3,78,False,False
U307911,high_frequency,tier_2,2026-01-29,20,1,True,True
U307912,active,tier_3,2025-04-10,3,16,True,True
U307913,high_frequency,tier_1,2024-06-15,32,2,True,True
U307914,lapsed,tier_1,2025-09-18,2,137,True,True
U307915,new,tier_1,2025-10-04,0,9999,True,False
U307916,high_frequency,tier_2,2024-09-04,25,2,True,False
U307917,new,tier_1,2024-12-18,0,9999,True,False
U307918,new,tier_1,2025-07-17,0,9999,False,True
U307919,high_frequency,tier_2,2024-09-24,24,1,False,True
U307920,high_frequency,tier_2,2024-09-28,16,0,False,True
U307921,lapsed,tier_1,2025-07-05,5,87,False,False
U307922,new,tier_3,2024-12-02,0,9999,True,False
U307923,lapsed,tier_1,2025-07-05,2,174,False,False
U307924,new,tier_1,2025-09-18,0,9999,False,False
U307925,new,tier_3,2025-06-29,0,9999,False,False
U307926,high_frequency,tier_3,2025-04-06,11,1,True,True
U307927,lapsed,tier_2,2025-06-19,5,171,False,False
U307928,active,tier_1,2024-07-14,8,8,False,False
U307929,active,tier_1,2025-03-18,1,19,True,True
U307930,active,tier_2,2026-02-25,8,5,False,True
U307931,active,tier_1,2024-04-21,8,20,True,False
U307932,active,tier_2,2025-04-18,6,3,False,False
U307933,active,tier_2,2024-09-09,7,14,True,False
U307934,active,tier_2,2025-12-15,5,10,False,True
U307935,lapsed,tier_3,2025-04-13,7,169,False,False
U307936,lapsed,tier_2,2025-08-19,5,122,True,True
U307937,new,tier_2,2026-01-23,0,9999,False,True
U307938,high_frequency,tier_1,2025-01-04,24,0,True,True
U307939,active,tier_3,2024-07-15,5,8,False,True
U307940,active,tier_1,2025-12-27,4,19,False,False
U307941,lapsed,tier_1,2025-05-27,5,103,False,False
U307942,active,tier_1,2025-12-01,5,8,False,False
U307943,new,tier_2,2024-05-23,0,9999,False,False
U307944,high_frequency,tier_1,2024-06-24,11,2,True,True
U307945,lapsed,tier_2,2025-04-12,2,134,False,False
U307946,high_frequency,tier_1,2024-11-09,16,0,True,True
U307947,lapsed,tier_3,2025-06-15,2,82,False,False
U307948,lapsed,tier_2,2025-06-20,2,109,True,False
U307949,lapsed,tier_2,2024-06-15,4,143,True,False
U307950,active,tier_3,2024-09-10,11,3,True,False
U307951,high_frequency,tier_1,2024-08-25,19,4,True,True
U307952,high_frequency,tier_1,2025-12-04,17,0,True,True
U307953,new,tier_3,2024-08-18,0,9999,True,False
U307954,active,tier_1,2025-08-20,8,16,True,False
U307955,lapsed,tier_1,2024-04-01,2,142,False,False
U307956,high_frequency,tier_1,2026-03-01,18,2,True,False
U307957,new,tier_3,2025-09-30,0,9999,True,True
U307958,high_frequency,tier_2,2024-04-26,13,3,True,True
U307959,active,tier_2,2025-09-12,8,14,True,False
U307960,lapsed,tier_1,2024-07-02,5,174,True,True
U307961,active,tier_1,2024-09-05,7,10,False,False
U307962,lapsed,tier_1,2025-05-13,5,140,False,False
U307963,high_frequency,tier_1,2025-05-26,19,4,True,False
U307964,new,tier_2,2024-11-03,0,9999,True,False
U307965,lapsed,tier_1,2025-04-03,4,152,False,False
U307966,new,tier_1,2024-10-18,0,9999,True,True
U307967,high_frequency,tier_1,2025-10-12,15,3,False,True
U307968,high_frequency,tier_2,2025-07-15,18,2,False,False
U307969,high_frequency,tier_2,2025-05-22,14,4,True,True
U307970,new,tier_2,2024-07-27,0,9999,True,True
U307971,high_frequency,tier_2,2025-09-05,24,4,False,False
U307972,lapsed,tier_2,2024-10-07,7,105,False,False
U307973,new,tier_2,2024-04-01,0,9999,False,False
U307974,new,tier_3,2025-05-17,0,9999,True,True
U307975,active,tier_2,2025-11-24,7,7,False,False
U307976,high_frequency,tier_3,2025-06-27,14,2,True,True
U307977,active,tier_1,2025-12-21,5,4,True,False
U307978,new,tier_1,2025-08-23,0,9999,False,False
U307979,active,tier_3,2025-12-04,6,16,False,False
U307980,new,tier_1,2025-08-10,0,9999,False,True
U307981,new,tier_2,2025-12-05,0,9999,False,False
U307982,high_frequency,tier_3,2026-01-15,17,4,False,False
U307983,active,tier_2,2024-05-26,3,15,True,True
U307984,high_frequency,tier_3,2025-04-19,24,1,True,True
U307985,active,tier_3,2024-12-11,6,3,False,False
U307986,high_frequency,tier_1,2025-03-03,17,2,False,True
U307987,lapsed,tier_2,2026-01-27,5,108,False,False
U307988,new,tier_1,2025-03-25,0,9999,False,False
U307989,active,tier_1,2025-05-30,1,7,True,True
U307990,high_frequency,tier_2,2025-07-31,17,2,False,False
U307991,new,tier_3,2024-07-21,0,9999,False,False
U307992,lapsed,tier_3,2024-12-14,7,151,True,False
U307993,active,tier_3,2024-04-04,4,17,False,True
U307994,active,tier_1,2025-12-23,2,7,False,False
U307995,lapsed,tier_2,2024-07-14,3,153,False,False
U307996,high_frequency,tier_1,2025-02-14,13,4,True,True
U307997,lapsed,tier_3,2024-10-31,2,117,True,False
U307998,lapsed,tier_3,2025-02-24,5,125,True,False
U307999,active,tier_1,2024-10-23,6,12,True,True
U308000,new,tier_1,2024-04-27,0,9999,False,False
U308001,new,tier_1,2024-09-03,0,9999,True,False
U308002,active,tier_1,2025-12-23,5,20,False,False
U308003,lapsed,tier_2,2025-01-11,2,122,False,False
U308004,new,tier_1,2024-09-08,0,9999,False,False
U308005,lapsed,tier_2,2025-04-17,4,147,True,False
U308006,high_frequency,tier_2,2024-11-07,19,0,True,True
U308007,active,tier_1,2025-12-30,3,4,True,False
U308008,active,tier_1,2026-01-13,7,17,False,True
U308009,new,tier_3,2024-04-01,0,9999,True,True
U308010,new,tier_1,2024-12-10,0,9999,True,False
U308011,lapsed,tier_1,2025-12-18,5,80,False,True
U308012,active,tier_2,2024-05-06,1,5,False,False
U308013,lapsed,tier_2,2025-04-18,4,119,True,False
U308014,lapsed,tier_2,2025-12-11,7,102,True,True
U308015,active,tier_1,2025-12-20,9,11,False,True
U308016,high_frequency,tier_3,2024-08-16,14,3,False,True
U308017,high_frequency,tier_1,2025-09-14,16,4,True,True
U308018,active,tier_1,2025-08-30,5,13,True,False
U308019,lapsed,tier_1,2025-09-28,3,155,True,True
U308020,high_frequency,tier_1,2024-10-16,20,4,True,True
U308021,active,tier_3,2024-09-16,2,4,True,True
U308022,lapsed,tier_2,2024-04-29,3,99,True,False
U308023,lapsed,tier_1,2025-11-15,5,134,True,False
U308024,new,tier_1,2025-09-19,0,9999,False,False
U308025,high_frequency,tier_2,2024-11-05,17,2,True,True
U308026,lapsed,tier_2,2025-04-07,6,147,True,False
U308027,active,tier_2,2024-12-10,3,18,True,True
U308028,active,tier_2,2024-04-16,5,16,False,False
U308029,new,tier_3,2025-01-13,0,9999,True,False
U308030,active,tier_1,2025-11-04,4,10,True,True
U308031,active,tier_2,2025-04-08,8,11,True,True
U308032,new,tier_1,2025-08-17,0,9999,False,False
U308033,active,tier_2,2025-11-17,4,15,False,False
U308034,high_frequency,tier_2,2024-07-08,18,2,True,True
U308035,active,tier_1,2025-09-17,6,5,False,True
U308036,active,tier_2,2024-07-06,6,6,True,True
U308037,active,tier_1,2024-10-20,8,15,False,False
U308038,high_frequency,tier_2,2025-07-22,29,1,True,False
U308039,active,tier_3,2025-07-20,8,19,False,False
U308040,new,tier_1,2025-05-08,0,9999,False,False
U308041,new,tier_2,2025-09-06,0,9999,False,False
U308042,lapsed,tier_2,2025-04-10,3,150,False,False
U308043,lapsed,tier_2,2024-07-22,3,90,False,False
U308044,high_frequency,tier_1,2024-07-03,20,1,True,True
U308045,active,tier_3,2025-03-03,9,14,False,True
U308046,active,tier_3,2025-05-23,3,7,True,True
U308047,active,tier_2,2024-12-17,5,20,False,True
U308048,new,tier_2,2024-08-21,0,9999,True,False
U308049,new,tier_2,2024-10-24,0,9999,True,False
U308050,lapsed,tier_1,2025-05-26,5,144,False,False
U308051,lapsed,tier_1,2024-10-28,3,168,False,False
U308052,active,tier_1,2025-07-02,3,18,True,False
U308053,active,tier_2,2024-11-04,5,4,True,False
U308054,new,tier_3,2025-11-05,0,9999,False,False
U308055,lapsed,tier_1,2026-01-19,4,94,False,False
U308056,lapsed,tier_1,2026-01-16,7,67,False,False
U308057,active,tier_2,2024-06-21,7,9,False,True
U308058,new,tier_1,2025-05-22,0,9999,True,False
U308059,active,tier_2,2024-11-04,11,18,True,False
U308060,new,tier_2,2025-04-17,0,9999,False,False
U308061,high_frequency,tier_1,2024-12-27,25,3,False,False
U308062,new,tier_1,2024-10-04,0,9999,True,False
U308063,lapsed,tier_2,2026-01-01,2,172,True,False
U308064,lapsed,tier_2,2024-12-22,7,114,False,False
U308065,active,tier_1,2024-06-01,6,20,False,True
U308066,active,tier_2,2025-11-07,8,12,False,True
U308067,lapsed,tier_2,2025-10-10,8,138,False,False
U308068,high_frequency,tier_2,2024-11-08,13,4,True,True
U308069,lapsed,tier_2,2026-01-02,8,138,True,False
U308070,active,tier_2,2025-08-09,4,18,True,True
U308071,new,tier_1,2025-11-25,0,9999,True,False
U308072,high_frequency,tier_2,2025-09-03,19,1,True,True
U308073,new,tier_2,2024-05-18,0,9999,False,False
U308074,new,tier_1,2026-01-30,0,9999,False,False
U308075,active,tier_1,2024-11-18,8,11,False,True
U308076,active,tier_2,2024-05-24,2,7,False,True
U308077,new,tier_1,2025-09-04,0,9999,True,False
U308078,lapsed,tier_1,2024-11-15,4,162,True,True
U308079,high_frequency,tier_1,2024-06-28,19,1,True,True
U308080,lapsed,tier_1,2026-02-26,2,154,False,False
U308081,active,tier_3,2026-02-05,5,7,True,False
U308082,active,tier_1,2025-02-17,11,20,True,False
U308083,active,tier_1,2024-07-14,7,3,False,False
U308084,lapsed,tier_1,2025-09-07,2,164,False,False
U308085,new,tier_1,2025-03-23,0,9999,False,False
U308086,lapsed,tier_1,2026-02-20,4,112,True,False
U308087,lapsed,tier_2,2025-11-14,5,81,True,False
U308088,active,tier_1,2025-06-22,6,14,False,True
U308089,new,tier_3,2025-11-04,0,9999,False,False
U308090,active,tier_1,2025-01-10,7,14,False,False
U308091,high_frequency,tier_1,2026-01-17,14,2,False,False
U308092,high_frequency,tier_2,2025-08-01,21,1,True,False
U308093,high_frequency,tier_1,2025-08-21,16,0,True,True
U308094,lapsed,tier_2,2025-03-13,5,167,False,False
U308095,lapsed,tier_1,2025-02-05,5,91,False,False
U308096,new,tier_1,2024-04-01,0,9999,True,True
U308097,new,tier_2,2024-06-26,0,9999,False,False
U308098,active,tier_3,2024-07-25,3,9,True,False
U308099,new,tier_2,2026-02-08,0,9999,True,True
U308100,active,tier_2,2026-01-15,9,4,True,True
U308101,active,tier_1,2025-01-27,8,17,True,False
U308102,active,tier_3,2024-04-11,8,7,True,True
U308103,active,tier_1,2025-06-22,9,6,False,False
U308104,lapsed,tier_1,2025-06-16,7,110,False,False
U308105,active,tier_2,2025-09-07,2,20,True,True
U308106,new,tier_1,2024-11-21,0,9999,False,False
U308107,lapsed,tier_3,2026-02-10,3,139,False,True
U308108,lapsed,tier_2,2026-02-26,4,150,True,False
U308109,lapsed,tier_3,2024-10-18,4,72,False,False
U308110,active,tier_2,2024-07-01,5,9,False,True
U308111,new,tier_2,2025-10-06,0,9999,True,False
U308112,active,tier_2,2024-09-08,6,10,False,False
U308113,new,tier_1,2024-07-24,0,9999,False,False
U308114,active,tier_1,2025-10-26,8,6,True,True
U308115,high_frequency,tier_2,2025-02-27,20,0,True,False
U308116,lapsed,tier_3,2024-06-22,6,128,False,False
U308117,new,tier_1,2024-05-11,0,9999,False,False
U308118,high_frequency,tier_1,2025-02-27,11,0,False,True
U308119,lapsed,tier_3,2026-02-18,1,99,True,True
U308120,active,tier_3,2024-08-17,4,9,False,True
U308121,new,tier_2,2024-08-01,0,9999,True,True
U308122,active,tier_1,2025-12-24,8,7,False,True
U308123,lapsed,tier_1,2024-06-01,0,89,False,True
U308124,lapsed,tier_2,2026-01-08,1,177,True,False
U308125,lapsed,tier_1,2025-01-04,6,76,True,True
U308126,lapsed,tier_2,2024-05-31,2,113,False,False
U308127,high_frequency,tier_1,2024-08-19,23,1,False,True
U308128,lapsed,tier_1,2026-02-09,3,95,False,False
U308129,lapsed,tier_3,2025-05-02,4,126,False,True
U308130,lapsed,tier_1,2024-09-26,5,126,False,False
U308131,high_frequency,tier_1,2025-03-01,18,4,False,True
U308132,new,tier_1,2025-07-22,0,9999,False,True
U308133,lapsed,tier_1,2025-04-30,7,63,True,False
U308134,lapsed,tier_2,2025-05-28,6,74,True,False
U308135,active,tier_3,2025-12-23,6,19,True,False
U308136,lapsed,tier_1,2025-07-24,3,128,False,False
U308137,high_frequency,tier_1,2024-11-08,19,2,False,True
U308138,lapsed,tier_3,2024-05-21,2,73,True,False
U308139,active,tier_1,2025-01-15,0,11,False,False
U308140,active,tier_1,2025-11-19,4,18,False,True
U308141,lapsed,tier_2,2024-11-09,3,60,False,False
U308142,lapsed,tier_1,2024-11-29,4,126,False,True
U308143,high_frequency,tier_1,2025-04-19,18,4,True,False
U308144,active,tier_2,2025-08-02,3,7,True,True
U308145,lapsed,tier_2,2024-07-28,1,122,False,False
U308146,lapsed,tier_1,2025-06-15,5,150,True,True
U308147,active,tier_2,2025-06-15,6,13,False,True
U308148,high_frequency,tier_1,2024-11-30,21,1,True,True
U308149,active,tier_2,2024-05-26,7,14,False,False
U308150,high_frequency,tier_1,2025-10-20,28,0,False,True
U308151,high_frequency,tier_3,2026-01-17,20,3,False,True
U308152,active,tier_1,2024-10-22,6,14,False,True
U308153,lapsed,tier_2,2024-10-12,3,99,False,False
U308154,lapsed,tier_2,2024-08-05,2,143,True,False
U308155,new,tier_2,2024-06-11,0,9999,False,False
U308156,lapsed,tier_3,2025-11-17,1,128,True,False
U308157,lapsed,tier_2,2026-02-26,4,67,True,False
U308158,lapsed,tier_2,2024-07-05,2,101,True,True
U308159,active,tier_3,2025-05-21,3,6,False,True
U308160,high_frequency,tier_2,2024-11-09,23,0,True,True
U308161,lapsed,tier_1,2024-04-08,1,63,True,False
U308162,high_frequency,tier_3,2025-06-12,19,1,False,True
U308163,active,tier_1,2025-02-05,5,3,False,True
U308164,new,tier_1,2024-06-29,0,9999,False,False
U308165,lapsed,tier_1,2026-02-09,4,136,True,False
U308166,lapsed,tier_2,2025-10-24,8,161,False,False
U308167,lapsed,tier_1,2024-08-05,4,137,False,False
U308168,lapsed,tier_2,2025-06-26,3,169,True,False
U308169,new,tier_1,2024-12-14,0,9999,True,True
U308170,high_frequency,tier_3,2024-07-12,16,4,True,False
U308171,lapsed,tier_2,2025-10-28,2,115,False,True
U308172,lapsed,tier_2,2024-07-12,6,102,True,False
U308173,active,tier_1,2024-12-02,4,11,False,False
U308174,high_frequency,tier_2,2025-09-29,23,3,True,True
U308175,high_frequency,tier_3,2025-02-08,16,0,True,False
U308176,new,tier_2,2024-10-06,0,9999,True,True
U308177,active,tier_2,2024-08-08,5,20,True,True
U308178,lapsed,tier_1,2025-09-02,6,132,False,False
U308179,new,tier_2,2026-01-02,0,9999,True,True
U308180,active,tier_3,2024-09-18,5,12,False,True
U308181,high_frequency,tier_1,2025-12-22,15,3,False,False
U308182,lapsed,tier_1,2024-05-03,4,110,True,False
U308183,new,tier_1,2025-06-21,0,9999,False,False
U308184,high_frequency,tier_1,2025-10-04,11,0,False,True
U308185,high_frequency,tier_3,2024-10-29,22,0,False,True
U308186,active,tier_2,2025-07-27,4,15,False,True
U308187,new,tier_3,2025-12-29,0,9999,False,False
U308188,active,tier_2,2024-07-25,7,13,False,False
U308189,high_frequency,tier_1,2025-01-26,15,1,False,False
U308190,lapsed,tier_1,2025-10-12,4,82,True,True
U308191,lapsed,tier_3,2024-06-05,6,145,False,False
U308192,active,tier_2,2024-04-01,5,4,False,False
U308193,active,tier_1,2025-10-28,11,14,True,True
U308194,lapsed,tier_1,2026-02-01,3,66,True,True
U308195,new,tier_1,2025-07-07,0,9999,True,True
U308196,lapsed,tier_3,2025-04-29,5,108,False,False
U308197,high_frequency,tier_3,2024-12-22,16,0,False,True
U308198,active,tier_2,2025-09-01,4,5,False,True
U308199,active,tier_3,2025-06-13,7,4,True,True
U308200,active,tier_1,2025-12-12,7,8,False,True
U308201,active,tier_2,2025-02-12,5,13,True,False
U308202,active,tier_3,2024-10-29,6,18,True,False
U308203,high_frequency,tier_2,2026-02-11,21,1,True,True
U308204,new,tier_2,2024-09-13,0,9999,True,True
U308205,new,tier_3,2026-02-19,0,9999,True,False
U308206,high_frequency,tier_1,2025-10-24,21,4,True,True
U308207,high_frequency,tier_2,2024-09-11,22,0,False,True
U308208,high_frequency,tier_1,2025-03-21,16,3,True,True
U308209,high_frequency,tier_2,2025-01-24,19,2,True,True
U308210,high_frequency,tier_3,2025-06-10,21,3,False,True
U308211,lapsed,tier_2,2025-11-06,6,144,False,False
U308212,active,tier_2,2024-07-01,10,20,True,True
U308213,active,tier_2,2025-10-28,7,15,False,True
U308214,high_frequency,tier_3,2025-07-09,19,1,False,True
U308215,new,tier_3,2025-02-23,0,9999,True,False
U308216,active,tier_1,2024-06-03,8,15,False,False
U308217,active,tier_2,2024-12-02,6,11,False,False
U308218,new,tier_1,2025-05-16,0,9999,False,True
U308219,new,tier_3,2025-07-15,0,9999,True,True
U308220,new,tier_3,2026-01-21,0,9999,False,False
U308221,active,tier_2,2025-05-31,6,5,False,True
U308222,high_frequency,tier_2,2025-07-12,19,2,True,True
U308223,new,tier_1,2025-12-04,0,9999,True,False
U308224,active,tier_2,2024-06-09,6,17,True,False
U308225,lapsed,tier_2,2024-10-04,6,73,True,False
U308226,high_frequency,tier_1,2025-06-22,25,0,True,True
U308227,active,tier_1,2025-05-27,3,13,True,True
U308228,lapsed,tier_1,2024-11-17,4,99,True,False
U308229,high_frequency,tier_2,2025-06-26,23,0,False,True
U308230,lapsed,tier_2,2024-10-04,3,115,True,True
U308231,lapsed,tier_1,2024-12-22,1,79,True,True
U308232,lapsed,tier_1,2024-08-31,4,90,False,False
U308233,high_frequency,tier_1,2024-12-08,19,4,True,True
U308234,active,tier_2,2025-08-29,6,3,True,True
U308235,active,tier_2,2025-08-19,11,19,False,False
U308236,active,tier_1,2025-11-27,4,12,True,True
U308237,new,tier_2,2025-11-27,0,9999,True,False
U308238,high_frequency,tier_3,2024-07-10,14,0,True,True
U308239,high_frequency,tier_1,2024-10-17,16,4,True,True
U308240,high_frequency,tier_2,2025-08-05,21,3,False,True
U308241,high_frequency,tier_3,2024-06-02,22,2,True,True
U308242,active,tier_1,2025-03-30,3,17,True,True
U308243,active,tier_1,2025-06-18,5,5,True,False
U308244,new,tier_3,2025-05-08,0,9999,False,False
U308245,lapsed,tier_1,2024-06-05,3,119,True,False
U308246,active,tier_1,2024-04-14,8,11,False,True
U308247,high_frequency,tier_1,2024-08-09,19,0,True,True
U308248,lapsed,tier_2,2025-12-23,3,70,True,False
U308249,new,tier_3,2024-08-27,0,9999,False,True
U308250,high_frequency,tier_1,2025-12-04,14,2,False,False
U308251,new,tier_1,2025-08-25,0,9999,True,True
U308252,high_frequency,tier_2,2025-11-17,19,1,False,True
U308253,lapsed,tier_2,2025-11-03,3,62,False,True
U308254,new,tier_3,2025-07-16,0,9999,True,False
U308255,lapsed,tier_2,2025-02-26,7,98,True,False
U308256,high_frequency,tier_1,2025-10-18,11,1,True,True
U308257,lapsed,tier_1,2026-01-10,2,100,False,True
U308258,lapsed,tier_3,2025-12-12,4,102,True,True
U308259,high_frequency,tier_1,2024-09-03,13,2,True,True
U308260,new,tier_3,2025-10-12,0,9999,True,True
U308261,new,tier_1,2024-08-23,0,9999,True,False
U308262,high_frequency,tier_1,2025-04-25,19,2,False,True
U308263,high_frequency,tier_2,2024-10-14,24,0,True,True
U308264,lapsed,tier_1,2025-04-19,3,77,False,False
U308265,active,tier_1,2024-11-19,11,18,False,False
U308266,active,tier_2,2025-03-08,7,17,False,True
U308267,active,tier_1,2025-11-18,7,8,True,True
U308268,active,tier_3,2024-06-14,1,6,False,True
U308269,high_frequency,tier_3,2025-06-04,17,3,False,True
U308270,lapsed,tier_3,2024-11-29,2,167,False,False
U308271,active,tier_1,2026-02-19,8,15,False,True
U308272,new,tier_2,2026-01-24,0,9999,True,True
U308273,lapsed,tier_2,2024-09-12,2,122,True,True
U308274,active,tier_2,2025-12-26,5,4,False,False
U308275,high_frequency,tier_1,2024-09-22,12,1,True,True
U308276,lapsed,tier_3,2024-11-28,5,104,False,False
U308277,active,tier_2,2024-07-19,11,12,False,False
U308278,high_frequency,tier_1,2024-06-28,21,1,False,True
U308279,high_frequency,tier_1,2025-03-16,17,3,False,False
U308280,high_frequency,tier_1,2025-12-14,15,4,True,True
U308281,active,tier_1,2025-10-13,4,11,False,False
U308282,active,tier_2,2024-12-08,7,10,True,False
U308283,lapsed,tier_2,2024-04-04,5,166,True,True
U308284,active,tier_2,2024-12-02,2,10,False,False
U308285,new,tier_2,2025-11-24,0,9999,True,True
U308286,new,tier_3,2024-12-12,0,9999,False,False
U308287,active,tier_2,2025-07-18,6,7,True,False
U308288,active,tier_2,2026-01-17,5,6,True,True
U308289,active,tier_2,2025-02-25,8,15,True,False
U308290,lapsed,tier_3,2025-03-01,2,61,True,False
U308291,high_frequency,tier_2,2025-12-30,19,3,True,True
U308292,active,tier_1,2024-06-25,5,17,True,True
U308293,lapsed,tier_3,2026-01-08,4,166,False,False
U308294,active,tier_2,2024-10-10,5,12,False,False
U308295,new,tier_1,2024-10-08,0,9999,True,False
U308296,active,tier_1,2024-07-01,8,8,False,True
U308297,active,tier_3,2024-09-09,8,20,True,False
U308298,active,tier_2,2024-06-07,5,10,True,False
U308299,active,tier_1,2024-09-03,2,3,False,False
U308300,lapsed,tier_1,2024-09-09,2,179,False,False
U308301,new,tier_2,2026-01-25,0,9999,False,False
U308302,active,tier_1,2025-02-07,5,6,False,False
U308303,lapsed,tier_2,2024-04-26,2,121,True,False
U308304,active,tier_1,2025-07-28,6,6,False,True
U308305,active,tier_2,2025-06-07,2,17,False,True
U308306,active,tier_2,2025-10-21,7,11,True,True
U308307,new,tier_1,2025-05-09,0,9999,False,False
U308308,active,tier_2,2024-10-01,7,8,True,False
U308309,new,tier_1,2025-06-23,0,9999,True,False
U308310,active,tier_2,2025-11-19,5,3,True,True
U308311,active,tier_3,2025-10-30,4,10,False,True
U308312,active,tier_1,2025-10-14,9,17,True,True
U308313,new,tier_1,2025-01-07,0,9999,True,True
U308314,lapsed,tier_1,2025-04-21,5,155,True,False
U308315,lapsed,tier_2,2025-12-16,2,88,True,True
U308316,high_frequency,tier_3,2025-07-14,14,4,True,True
U308317,active,tier_1,2024-09-17,10,5,True,True
U308318,high_frequency,tier_1,2025-09-30,13,2,False,True
U308319,lapsed,tier_2,2025-02-22,2,167,True,True
U308320,high_frequency,tier_1,2024-04-28,22,2,False,True
U308321,high_frequency,tier_1,2025-08-22,14,1,False,True
U308322,new,tier_1,2024-12-13,0,9999,True,False
U308323,high_frequency,tier_1,2024-11-25,23,4,False,True
U308324,lapsed,tier_1,2025-04-25,3,75,True,False
U308325,lapsed,tier_2,2025-03-16,2,95,False,False
U308326,active,tier_2,2025-08-26,2,13,True,False
U308327,high_frequency,tier_2,2024-05-17,15,0,False,True
U308328,lapsed,tier_1,2026-01-09,4,99,False,False
U308329,high_frequency,tier_3,2025-08-28,20,2,True,True
U308330,high_frequency,tier_1,2025-08-26,12,1,True,True
U308331,high_frequency,tier_1,2025-10-05,16,0,False,True
U308332,active,tier_2,2024-11-12,1,12,False,True
U308333,new,tier_1,2025-09-24,0,9999,False,True
U308334,new,tier_1,2025-06-12,0,9999,False,True
U308335,high_frequency,tier_1,2024-11-09,32,1,False,True
U308336,new,tier_3,2024-10-08,0,9999,False,False
U308337,lapsed,tier_3,2025-10-18,2,177,False,False
U308338,high_frequency,tier_2,2024-11-02,22,4,False,True
U308339,lapsed,tier_2,2025-08-14,4,105,True,False
U308340,lapsed,tier_1,2025-02-05,4,83,False,False
U308341,high_frequency,tier_1,2024-07-21,15,2,False,True
U308342,high_frequency,tier_1,2026-02-08,21,0,True,False
U308343,active,tier_2,2024-11-11,6,16,False,False
U308344,lapsed,tier_2,2025-08-11,2,105,False,False
U308345,active,tier_2,2025-02-21,12,4,True,False
U308346,high_frequency,tier_3,2024-06-03,16,4,False,True
U308347,new,tier_2,2024-06-14,0,9999,False,False
U308348,new,tier_2,2025-12-07,0,9999,True,False
U308349,active,tier_1,2025-06-13,5,6,False,False
U308350,active,tier_3,2024-10-10,7,17,True,True
U308351,lapsed,tier_1,2025-09-24,5,145,True,False
U308352,active,tier_1,2025-01-29,5,18,True,True
U308353,active,tier_3,2026-01-19,5,4,False,False
U308354,lapsed,tier_2,2024-09-06,5,172,False,True
U308355,lapsed,tier_1,2024-12-15,5,69,True,False
U308356,active,tier_3,2024-07-08,3,3,True,False
U308357,lapsed,tier_1,2024-08-31,3,63,False,False
U308358,lapsed,tier_1,2026-01-14,5,101,False,False
U308359,active,tier_2,2024-08-02,6,14,True,True
U308360,high_frequency,tier_2,2026-01-21,18,3,True,True
U308361,active,tier_2,2024-08-02,9,11,True,True
U308362,lapsed,tier_2,2024-04-25,4,60,False,True
U308363,lapsed,tier_1,2025-10-28,2,117,True,True
U308364,high_frequency,tier_1,2024-05-24,22,0,True,False
U308365,lapsed,tier_2,2024-04-05,6,78,False,False
U308366,new,tier_1,2025-12-02,0,9999,True,False
U308367,active,tier_3,2025-04-23,7,7,False,True
U308368,lapsed,tier_3,2025-04-14,3,164,False,True
U308369,high_frequency,tier_3,2025-10-12,22,0,False,True
U308370,active,tier_3,2024-07-12,5,12,True,True
U308371,lapsed,tier_1,2024-08-18,2,107,True,True
U308372,active,tier_1,2025-05-15,6,8,False,True
U308373,new,tier_1,2025-12-19,0,9999,False,False
U308374,high_frequency,tier_1,2024-12-16,11,3,True,True
U308375,new,tier_1,2024-04-15,0,9999,True,False
U308376,new,tier_3,2024-10-28,0,9999,True,True
U308377,active,tier_2,2026-01-02,13,9,False,True
U308378,new,tier_3,2025-10-13,0,9999,True,False
U308379,lapsed,tier_2,2024-04-03,4,118,False,True
U308380,high_frequency,tier_1,2024-06-14,6,2,True,True
U308381,lapsed,tier_2,2026-01-28,1,63,False,False
U308382,high_frequency,tier_3,2025-01-09,21,4,False,False
U308383,active,tier_1,2024-07-12,9,12,True,True
U308384,lapsed,tier_3,2025-06-06,3,110,True,True
U308385,lapsed,tier_2,2024-12-02,3,157,False,True
U308386,active,tier_2,2025-12-30,6,8,False,True
U308387,lapsed,tier_2,2025-07-28,2,177,False,False
U308388,active,tier_1,2024-11-28,5,18,False,True
U308389,lapsed,tier_1,2025-07-10,3,161,False,False
U308390,active,tier_1,2024-09-09,8,16,False,False
U308391,active,tier_1,2025-10-19,7,8,False,False
U308392,new,tier_2,2025-05-20,0,9999,False,False
U308393,active,tier_3,2025-08-28,3,12,True,True
U308394,new,tier_1,2024-12-31,0,9999,False,False
U308395,lapsed,tier_1,2025-05-28,4,79,False,False
U308396,active,tier_2,2025-03-27,6,13,False,False
U308397,active,tier_2,2024-06-20,10,11,False,False
U308398,active,tier_2,2026-02-24,12,6,False,False
U308399,active,tier_1,2024-04-22,5,14,False,False
U308400,high_frequency,tier_3,2025-12-20,14,4,False,False
U308401,high_frequency,tier_3,2025-08-08,17,0,False,True
U308402,high_frequency,tier_1,2025-06-28,18,4,False,False
U308403,lapsed,tier_1,2025-06-01,5,132,False,False
U308404,high_frequency,tier_1,2024-10-17,15,1,True,True
U308405,new,tier_2,2025-10-25,0,9999,False,True
U308406,lapsed,tier_1,2025-08-12,4,77,False,False
U308407,active,tier_3,2024-10-04,8,18,True,True
U308408,high_frequency,tier_2,2024-04-25,23,3,True,True
U308409,active,tier_1,2024-04-01,6,14,True,False
U308410,high_frequency,tier_3,2025-06-26,21,2,True,True
U308411,high_frequency,tier_1,2025-10-31,13,0,True,True
U308412,new,tier_1,2024-08-20,0,9999,True,False
U308413,lapsed,tier_1,2024-04-30,4,141,False,False
U308414,active,tier_2,2024-08-16,10,12,True,True
U308415,active,tier_1,2024-12-08,8,11,True,False
U308416,high_frequency,tier_1,2025-08-26,15,3,True,True
U308417,lapsed,tier_3,2025-06-21,2,138,True,True
U308418,new,tier_1,2025-11-19,0,9999,True,False
U308419,active,tier_3,2026-01-18,3,17,False,True
U308420,lapsed,tier_3,2026-02-05,3,94,True,False
U308421,active,tier_2,2025-11-12,5,17,True,True
U308422,lapsed,tier_3,2024-12-21,2,152,False,False
U308423,high_frequency,tier_2,2025-10-02,15,4,True,True
U308424,high_frequency,tier_1,2025-07-05,21,0,True,True
U308425,active,tier_1,2024-12-10,8,13,False,False
U308426,new,tier_3,2024-06-19,0,9999,True,True
U308427,high_frequency,tier_2,2025-07-07,13,4,True,True
U308428,high_frequency,tier_1,2026-02-20,15,4,True,True
U308429,active,tier_1,2025-06-08,5,7,True,True
U308430,active,tier_3,2024-08-19,7,5,True,True
U308431,high_frequency,tier_1,2025-08-06,11,1,True,False
U308432,active,tier_3,2025-05-19,8,9,False,False
U308433,lapsed,tier_1,2024-11-28,5,67,False,False
U308434,active,tier_1,2024-09-08,5,15,True,True
U308435,new,tier_3,2024-10-17,0,9999,True,True
U308436,lapsed,tier_1,2026-02-28,3,136,False,False
U308437,high_frequency,tier_1,2026-01-21,17,0,True,True
U308438,new,tier_1,2025-01-17,0,9999,False,False
U308439,lapsed,tier_1,2024-04-15,2,64,True,True
U308440,new,tier_1,2024-12-03,0,9999,True,True
U308441,new,tier_2,2024-11-12,0,9999,True,True
U308442,active,tier_1,2025-05-25,9,20,True,True
U308443,active,tier_1,2025-06-17,3,13,True,False
U308444,active,tier_1,2025-12-19,6,8,False,False
U308445,active,tier_1,2025-10-28,8,10,True,True
U308446,new,tier_2,2025-02-24,0,9999,False,True
U308447,new,tier_2,2024-12-09,0,9999,False,False
U308448,active,tier_2,2025-04-23,9,14,False,False
U308449,high_frequency,tier_1,2024-08-05,16,3,True,True
U308450,active,tier_2,2025-12-20,3,9,True,True
U308451,new,tier_1,2024-12-16,0,9999,False,True
U308452,high_frequency,tier_3,2024-04-08,22,4,False,True
U308453,active,tier_2,2025-08-28,6,7,True,False
U308454,lapsed,tier_3,2024-08-06,2,151,False,False
U308455,active,tier_2,2024-04-25,6,8,True,True
U308456,active,tier_3,2025-02-17,2,13,True,False
U308457,active,tier_1,2026-02-12,10,9,False,True
U308458,new,tier_1,2024-08-09,0,9999,False,False
U308459,active,tier_1,2024-10-19,4,11,True,True
U308460,active,tier_1,2024-09-13,12,18,False,True
U308461,lapsed,tier_3,2024-07-26,5,150,True,True
U308462,new,tier_2,2024-11-23,0,9999,True,False
U308463,high_frequency,tier_2,2024-12-01,20,0,False,False
U308464,active,tier_3,2025-03-19,8,7,True,True
U308465,high_frequency,tier_1,2024-11-26,20,4,True,False
U308466,high_frequency,tier_3,2024-08-16,17,1,True,True
U308467,high_frequency,tier_1,2024-10-18,17,4,True,True
U308468,new,tier_2,2024-12-15,0,9999,True,False
U308469,new,tier_2,2024-08-22,0,9999,False,False
U308470,high_frequency,tier_1,2025-08-26,15,1,False,False
U308471,new,tier_1,2025-10-20,0,9999,False,False
U308472,new,tier_1,2024-06-22,0,9999,True,False
U308473,new,tier_1,2025-01-08,0,9999,False,True
U308474,active,tier_2,2025-07-24,3,15,False,False
U308475,lapsed,tier_1,2025-06-10,3,115,True,False
U308476,active,tier_1,2026-02-10,11,14,True,True
U308477,active,tier_2,2025-05-19,9,17,False,False
U308478,active,tier_1,2026-02-23,6,16,True,False
U308479,new,tier_1,2025-07-17,0,9999,True,False
U308480,active,tier_3,2025-10-23,7,18,True,True
U308481,new,tier_1,2025-03-11,0,9999,False,True
U308482,lapsed,tier_1,2025-10-27,5,101,True,True
U308483,lapsed,tier_1,2024-12-23,4,144,True,False
U308484,active,tier_1,2024-05-23,8,12,False,True
U308485,lapsed,tier_2,2025-12-23,4,95,True,True
U308486,high_frequency,tier_3,2025-12-13,22,0,True,True
U308487,active,tier_1,2026-01-17,7,19,False,True
U308488,active,tier_2,2024-07-08,7,4,True,True
U308489,high_frequency,tier_2,2025-12-10,15,3,True,True
U308490,new,tier_3,2024-11-03,0,9999,True,False
U308491,active,tier_2,2024-05-14,8,17,True,True
U308492,active,tier_2,2025-10-03,11,17,False,True
U308493,high_frequency,tier_1,2024-08-31,25,0,False,False
U308494,active,tier_2,2025-02-05,6,6,True,True
U308495,new,tier_2,2025-09-06,0,9999,True,True
U308496,active,tier_3,2025-06-04,8,13,True,False
U308497,new,tier_2,2025-07-04,0,9999,True,False
U308498,lapsed,tier_1,2025-06-17,5,79,True,False
U308499,active,tier_3,2025-08-05,4,19,False,True
U308500,lapsed,tier_1,2025-01-06,4,108,True,True
U308501,active,tier_3,2024-10-26,4,16,True,True
U308502,lapsed,tier_2,2025-08-06,4,104,False,False
U308503,active,tier_2,2025-06-16,4,8,False,False
U308504,high_frequency,tier_1,2024-04-04,14,0,False,True
U308505,new,tier_3,2024-08-28,0,9999,False,False
U308506,lapsed,tier_3,2025-10-28,3,175,True,False
U308507,high_frequency,tier_1,2024-10-25,20,4,True,True
U308508,active,tier_2,2026-02-10,7,8,False,True
U308509,high_frequency,tier_3,2025-03-05,23,3,False,False
U308510,new,tier_3,2025-08-07,0,9999,True,False
U308511,high_frequency,tier_2,2025-07-01,24,1,False,True
U308512,active,tier_1,2025-02-20,7,12,True,True
U308513,active,tier_1,2025-06-25,6,6,True,True
U308514,active,tier_2,2024-09-11,7,10,True,True
U308515,high_frequency,tier_1,2025-03-17,23,1,False,True
U308516,active,tier_2,2025-11-26,5,12,True,True
U308517,high_frequency,tier_1,2024-11-01,19,4,False,True
U308518,lapsed,tier_1,2025-07-12,7,70,True,False
U308519,high_frequency,tier_2,2025-01-31,14,2,False,True
U308520,active,tier_1,2026-02-13,5,18,True,False
U308521,active,tier_3,2026-02-06,6,16,True,True
U308522,active,tier_1,2024-07-04,10,8,True,True
U308523,active,tier_1,2025-12-21,6,20,True,True
U308524,new,tier_2,2025-09-09,0,9999,True,False
U308525,lapsed,tier_1,2025-09-21,4,155,False,False
U308526,lapsed,tier_1,2026-01-30,6,129,True,False
U308527,lapsed,tier_2,2024-09-12,3,108,False,False
U308528,active,tier_2,2024-09-28,7,6,False,True
U308529,high_frequency,tier_1,2025-12-06,19,0,False,True
U308530,lapsed,tier_2,2025-01-16,5,112,False,False
U308531,new,tier_3,2024-09-15,0,9999,False,False
U308532,lapsed,tier_1,2025-01-15,6,101,True,True
U308533,active,tier_1,2024-05-25,2,14,True,False
U308534,active,tier_1,2025-11-13,4,17,True,True
U308535,active,tier_1,2025-01-26,5,20,True,True
U308536,lapsed,tier_2,2026-01-26,4,61,True,False
U308537,lapsed,tier_1,2025-10-24,9,136,False,False
U308538,active,tier_1,2025-02-18,6,11,True,False
U308539,lapsed,tier_2,2024-04-14,2,96,True,True
U308540,active,tier_1,2025-09-21,7,5,False,True
U308541,active,tier_2,2024-08-06,12,7,False,False
U308542,new,tier_2,2024-12-30,0,9999,False,False
U308543,active,tier_1,2025-08-30,12,11,True,True
U308544,high_frequency,tier_2,2025-02-19,18,3,True,True
U308545,active,tier_1,2026-01-04,11,8,True,True
U308546,high_frequency,tier_1,2024-08-21,13,4,True,True
U308547,active,tier_2,2025-06-05,9,16,True,True
U308548,lapsed,tier_3,2024-11-27,7,160,True,True
U308549,high_frequency,tier_1,2025-09-09,23,4,False,True
U308550,lapsed,tier_1,2025-12-08,6,79,True,False
U308551,lapsed,tier_1,2024-07-21,13,91,False,False
U308552,lapsed,tier_1,2025-09-29,1,162,False,False
U308553,new,tier_2,2025-03-02,0,9999,False,False
U308554,lapsed,tier_2,2024-04-04,4,165,True,False
U308555,lapsed,tier_1,2025-07-22,1,127,True,False
U308556,active,tier_1,2025-12-03,1,19,True,True
U308557,lapsed,tier_1,2024-06-11,5,60,True,False
U308558,new,tier_3,2025-08-18,0,9999,True,False
U308559,high_frequency,tier_1,2025-06-14,19,4,False,True
U308560,lapsed,tier_2,2025-01-02,4,68,True,False
U308561,lapsed,tier_1,2024-09-09,2,89,False,False
U308562,active,tier_1,2026-01-26,8,10,False,True
U308563,new,tier_1,2026-02-13,0,9999,False,False
U308564,active,tier_1,2026-01-22,7,15,True,False
U308565,lapsed,tier_1,2025-07-18,4,153,False,False
U308566,active,tier_1,2025-05-09,5,8,False,False
U308567,active,tier_3,2026-01-22,6,10,False,True
U308568,active,tier_3,2025-01-26,6,6,True,False
U308569,active,tier_2,2025-03-10,6,7,True,True
U308570,active,tier_1,2025-04-16,7,9,False,True
U308571,active,tier_2,2025-08-27,8,10,True,True
U308572,high_frequency,tier_3,2025-04-30,16,0,False,True
U308573,high_frequency,tier_3,2025-01-15,20,3,True,True
U308574,lapsed,tier_1,2024-05-31,3,156,False,False
U308575,active,tier_1,2024-07-09,5,6,False,False
U308576,high_frequency,tier_1,2024-05-08,20,3,True,True
U308577,lapsed,tier_1,2025-11-19,1,61,False,True
U308578,lapsed,tier_1,2025-10-18,7,106,True,True
U308579,new,tier_1,2025-12-03,0,9999,False,False
U308580,high_frequency,tier_1,2024-12-20,14,0,False,True
U308581,new,tier_3,2025-10-03,0,9999,True,True
U308582,active,tier_2,2024-07-04,5,9,False,False
U308583,active,tier_2,2025-11-21,6,14,True,False
U308584,high_frequency,tier_2,2026-01-19,24,2,True,True
U308585,high_frequency,tier_1,2025-08-17,22,2,False,False
U308586,high_frequency,tier_2,2025-04-08,19,1,False,False
U308587,active,tier_2,2024-11-26,5,13,False,True
U308588,active,tier_2,2025-08-11,6,7,False,False
U308589,high_frequency,tier_3,2024-05-25,24,4,True,True
U308590,high_frequency,tier_3,2025-08-09,23,3,True,False
U308591,lapsed,tier_1,2024-08-15,2,74,False,False
U308592,active,tier_2,2024-11-15,9,12,True,False
U308593,high_frequency,tier_2,2025-12-09,24,0,False,True
U308594,active,tier_3,2025-08-28,7,16,True,True
U308595,high_frequency,tier_3,2026-01-03,21,4,True,True
U308596,active,tier_1,2024-07-20,7,4,True,False
U308597,active,tier_2,2024-04-25,9,5,True,True
U308598,active,tier_2,2026-01-31,11,3,True,True
U308599,lapsed,tier_1,2024-09-12,4,114,False,False
U308600,high_frequency,tier_1,2025-12-24,16,3,True,True
U308601,high_frequency,tier_3,2024-07-28,14,0,True,False
U308602,active,tier_2,2026-02-16,7,14,True,False
U308603,high_frequency,tier_2,2025-04-08,17,4,True,True
U308604,lapsed,tier_3,2025-03-11,2,86,True,False
U308605,new,tier_3,2024-08-09,0,9999,False,False
U308606,active,tier_3,2025-10-13,6,8,False,False
U308607,new,tier_2,2025-10-11,0,9999,False,True
U308608,lapsed,tier_2,2025-01-14,6,126,False,False
U308609,active,tier_1,2025-05-12,9,10,False,False
U308610,active,tier_3,2024-06-19,8,12,True,True
U308611,high_frequency,tier_1,2024-10-02,16,2,True,True
U308612,active,tier_1,2025-01-29,4,3,False,True
U308613,lapsed,tier_1,2026-02-12,3,90,False,False
U308614,new,tier_3,2025-01-22,0,9999,True,False
U308615,active,tier_2,2025-05-21,8,9,False,True
U308616,high_frequency,tier_2,2025-11-17,21,1,True,True
U308617,active,tier_2,2024-12-31,8,14,False,False
U308618,high_frequency,tier_1,2024-08-17,20,1,True,True
U308619,lapsed,tier_2,2025-06-12,1,71,True,False
U308620,high_frequency,tier_3,2024-08-20,22,2,False,False
U308621,new,tier_2,2025-06-05,0,9999,True,False
U308622,lapsed,tier_3,2024-11-09,4,64,False,True
U308623,high_frequency,tier_2,2024-05-01,20,1,False,True
U308624,new,tier_3,2024-10-20,0,9999,True,False
U308625,active,tier_3,2025-12-23,9,9,True,True
U308626,active,tier_1,2025-02-15,12,16,False,True
U308627,lapsed,tier_3,2024-05-08,3,66,False,False
U308628,lapsed,tier_3,2024-07-18,4,117,False,False
U308629,new,tier_2,2025-11-29,0,9999,True,False
U308630,new,tier_1,2024-04-27,0,9999,True,True
U308631,new,tier_3,2025-12-06,0,9999,False,False
U308632,lapsed,tier_1,2025-12-19,4,65,True,False
U308633,lapsed,tier_2,2024-07-07,1,126,True,False
U308634,active,tier_3,2024-06-20,7,3,True,True
U308635,active,tier_2,2024-07-09,7,16,True,True
U308636,active,tier_3,2024-05-14,5,5,False,False
U308637,active,tier_1,2025-11-28,8,16,False,False
U308638,lapsed,tier_3,2024-12-16,7,136,True,False
U308639,active,tier_2,2025-08-24,2,17,False,True
U308640,lapsed,tier_3,2024-11-30,4,172,False,False
U308641,new,tier_1,2024-11-16,0,9999,False,True
U308642,high_frequency,tier_1,2025-03-01,11,0,False,True
U308643,active,tier_1,2025-05-31,6,3,True,True
U308644,active,tier_1,2025-04-07,2,17,True,True
U308645,active,tier_1,2025-10-11,6,9,True,False
U308646,new,tier_2,2024-09-29,0,9999,False,False
U308647,active,tier_1,2025-03-14,9,14,True,True
U308648,active,tier_3,2025-05-02,6,16,True,False
U308649,active,tier_1,2024-09-29,2,5,True,False
U308650,high_frequency,tier_3,2025-10-25,17,2,True,True
U308651,active,tier_3,2024-06-04,8,10,False,False
U308652,active,tier_1,2025-10-19,7,13,False,False
U308653,active,tier_1,2025-07-21,7,3,True,True
U308654,high_frequency,tier_2,2024-09-04,23,1,False,True
U308655,active,tier_3,2024-12-29,8,16,True,False
U308656,lapsed,tier_2,2024-12-29,1,124,True,True
U308657,lapsed,tier_2,2025-02-07,7,63,True,True
U308658,new,tier_3,2024-12-31,0,9999,False,False
U308659,high_frequency,tier_2,2025-09-23,26,0,True,True
U308660,active,tier_1,2024-05-10,4,11,True,False
U308661,lapsed,tier_2,2024-07-25,5,143,True,False
U308662,new,tier_1,2025-11-09,0,9999,True,True
U308663,lapsed,tier_2,2024-12-23,3,113,False,False
U308664,lapsed,tier_2,2025-12-21,2,159,False,False
U308665,lapsed,tier_3,2024-12-17,6,119,False,False
U308666,high_frequency,tier_2,2024-06-04,17,4,False,True
U308667,new,tier_1,2025-03-28,0,9999,False,False
U308668,high_frequency,tier_2,2024-08-24,21,0,False,True
U308669,high_frequency,tier_3,2025-03-04,23,2,True,True
U308670,high_frequency,tier_1,2025-10-06,24,3,True,True
U308671,active,tier_3,2025-08-08,6,3,True,True
U308672,new,tier_2,2025-12-27,0,9999,True,False
U308673,active,tier_2,2025-10-15,9,12,True,True
U308674,new,tier_2,2026-02-23,0,9999,True,False
U308675,lapsed,tier_2,2025-10-30,1,177,False,False
U308676,active,tier_3,2024-07-17,5,10,True,False
U308677,new,tier_2,2025-07-03,0,9999,False,False
U308678,lapsed,tier_1,2026-01-21,6,166,False,False
U308679,new,tier_1,2024-12-16,0,9999,False,False
U308680,high_frequency,tier_2,2024-06-23,20,1,True,True
U308681,active,tier_2,2025-09-21,6,6,True,True
U308682,new,tier_2,2025-05-15,0,9999,True,False
U308683,active,tier_1,2025-10-16,10,5,True,True
U308684,lapsed,tier_2,2025-10-19,3,75,True,False
U308685,active,tier_1,2025-03-04,5,20,True,True
U308686,active,tier_3,2025-05-17,9,12,True,True
U308687,high_frequency,tier_1,2025-10-26,19,1,True,True
U308688,high_frequency,tier_1,2026-01-29,10,0,False,True
U308689,high_frequency,tier_3,2024-08-05,22,2,True,True
U308690,active,tier_2,2025-10-09,7,13,False,True
U308691,high_frequency,tier_2,2026-01-04,19,4,True,True
U308692,high_frequency,tier_2,2025-10-10,16,0,False,True
U308693,high_frequency,tier_1,2025-04-25,12,1,True,False
U308694,lapsed,tier_1,2025-02-08,4,111,False,False
U308695,lapsed,tier_3,2024-04-24,3,160,False,False
U308696,high_frequency,tier_2,2025-02-24,21,0,False,False
U308697,active,tier_1,2025-02-27,5,19,False,False
U308698,lapsed,tier_3,2026-01-30,4,95,True,False
U308699,active,tier_1,2024-04-18,5,11,True,True
U308700,active,tier_2,2024-05-09,5,14,False,True
U308701,active,tier_1,2025-02-25,5,6,True,True
U308702,high_frequency,tier_3,2025-04-02,14,3,True,True
U308703,active,tier_1,2024-07-01,7,16,False,True
U308704,active,tier_1,2024-06-12,10,7,False,False
U308705,new,tier_1,2025-11-24,0,9999,True,False
U308706,new,tier_2,2025-09-25,0,9999,False,False
U308707,high_frequency,tier_1,2025-08-27,19,4,True,True
U308708,new,tier_2,2025-11-02,0,9999,False,False
U308709,high_frequency,tier_1,2024-05-19,12,1,False,True
U308710,new,tier_1,2025-02-03,0,9999,True,False
U308711,high_frequency,tier_1,2026-02-06,16,0,False,True
U308712,active,tier_1,2024-05-20,10,6,True,False
U308713,active,tier_1,2025-01-04,4,11,False,True
U308714,active,tier_1,2025-07-05,3,20,False,False
U308715,high_frequency,tier_1,2024-08-14,21,2,True,True
U308716,lapsed,tier_2,2026-02-12,4,154,False,False
U308717,new,tier_3,2025-10-28,0,9999,True,False
U308718,high_frequency,tier_1,2025-09-13,23,3,False,False
U308719,lapsed,tier_2,2025-05-29,3,146,True,False
U308720,new,tier_1,2026-02-18,0,9999,False,False
U308721,new,tier_2,2024-06-20,0,9999,False,False
U308722,lapsed,tier_1,2025-12-04,5,102,False,False
U308723,active,tier_2,2025-07-16,10,5,False,False
U308724,new,tier_3,2024-04-15,0,9999,False,True
U308725,lapsed,tier_3,2026-02-04,3,91,True,False
U308726,active,tier_2,2025-09-07,8,15,True,False
U308727,lapsed,tier_1,2024-12-22,4,119,False,False
U308728,new,tier_1,2025-11-08,0,9999,False,False
U308729,high_frequency,tier_3,2024-12-16,17,2,False,False
U308730,new,tier_1,2025-02-15,0,9999,False,True
U308731,high_frequency,tier_3,2025-07-17,19,2,False,True
U308732,lapsed,tier_1,2024-11-02,3,98,False,False
U308733,active,tier_2,2024-07-22,2,15,True,False
U308734,lapsed,tier_2,2024-07-05,3,164,False,False
U308735,lapsed,tier_1,2025-12-05,2,120,True,False
U308736,new,tier_1,2025-10-19,0,9999,False,False
U308737,active,tier_1,2024-11-18,6,3,True,False
U308738,new,tier_1,2026-01-16,0,9999,False,False
U308739,lapsed,tier_1,2026-01-24,2,175,False,True
U308740,active,tier_3,2025-06-30,2,7,False,False
U308741,active,tier_2,2024-10-10,4,7,True,False
U308742,lapsed,tier_3,2025-11-21,3,107,True,False
U308743,high_frequency,tier_1,2026-02-19,17,3,True,True
U308744,active,tier_1,2026-02-16,2,6,True,False
U308745,active,tier_3,2025-09-02,3,3,False,True
U308746,active,tier_1,2025-01-03,7,12,True,False
U308747,high_frequency,tier_1,2025-03-23,23,2,False,True
U308748,new,tier_2,2025-12-10,0,9999,False,False
U308749,active,tier_1,2025-09-22,2,8,False,False
U308750,high_frequency,tier_2,2024-08-15,13,2,False,True
U308751,lapsed,tier_1,2024-05-30,5,79,True,False
U308752,active,tier_2,2025-03-08,7,7,False,True
U308753,lapsed,tier_3,2024-06-06,4,133,True,False
U308754,high_frequency,tier_3,2025-12-16,26,0,True,True
U308755,active,tier_2,2024-07-07,2,4,True,True
U308756,new,tier_2,2025-01-07,0,9999,False,False
U308757,lapsed,tier_3,2025-01-25,5,65,False,False
U308758,new,tier_3,2024-12-25,0,9999,False,False
U308759,high_frequency,tier_1,2024-12-06,19,0,True,True
U308760,high_frequency,tier_2,2025-08-23,13,4,False,False
U308761,active,tier_3,2025-10-31,8,5,True,True
U308762,active,tier_3,2024-05-06,7,8,False,False
U308763,lapsed,tier_3,2024-09-04,4,70,True,False
U308764,active,tier_1,2024-06-22,6,16,False,False
U308765,active,tier_2,2026-01-13,13,20,False,True
U308766,active,tier_2,2025-04-26,4,10,True,False
U308767,high_frequency,tier_1,2024-06-22,15,3,False,True
U308768,lapsed,tier_2,2024-10-20,5,161,True,True
U308769,active,tier_1,2025-11-08,4,6,False,True
U308770,new,tier_3,2024-11-23,0,9999,True,True
U308771,lapsed,tier_1,2025-01-01,3,85,True,False
U308772,new,tier_1,2024-08-11,0,9999,True,False
U308773,active,tier_2,2025-10-16,4,12,False,False
U308774,new,tier_1,2025-08-09,0,9999,False,False
U308775,active,tier_2,2024-10-24,8,18,False,False
U308776,high_frequency,tier_1,2025-09-14,26,4,True,True
U308777,lapsed,tier_1,2025-11-28,2,173,False,True
U308778,high_frequency,tier_2,2025-10-12,18,0,False,True
U308779,high_frequency,tier_1,2024-11-06,21,2,False,False
U308780,active,tier_1,2024-07-06,4,5,False,False
U308781,active,tier_3,2025-07-15,3,9,False,False
U308782,high_frequency,tier_1,2025-10-30,18,1,False,True
U308783,active,tier_1,2026-01-19,5,18,True,True
U308784,high_frequency,tier_2,2024-05-06,17,3,False,True
U308785,lapsed,tier_1,2024-06-27,6,169,False,False
U308786,high_frequency,tier_3,2025-09-17,24,1,False,True
U308787,active,tier_2,2024-06-09,8,7,False,False
U308788,new,tier_2,2024-06-02,0,9999,True,True
U308789,active,tier_2,2024-06-29,12,5,True,False
U308790,active,tier_2,2025-05-04,10,5,True,False
U308791,high_frequency,tier_1,2025-05-14,24,1,True,True
U308792,lapsed,tier_2,2025-08-02,1,98,True,False
U308793,new,tier_1,2024-12-25,0,9999,False,False
U308794,lapsed,tier_2,2024-09-06,5,118,True,False
U308795,active,tier_3,2025-08-12,6,10,True,True
U308796,lapsed,tier_3,2024-06-22,3,127,False,True
U308797,high_frequency,tier_2,2025-07-18,17,4,False,True
U308798,active,tier_1,2026-01-23,5,18,True,True
U308799,high_frequency,tier_1,2024-07-20,19,4,True,False
U308800,new,tier_1,2025-02-04,0,9999,False,False
U308801,high_frequency,tier_2,2024-10-26,13,3,True,True
U308802,high_frequency,tier_2,2024-04-16,16,2,True,False
U308803,active,tier_1,2025-09-07,3,7,True,True
U308804,active,tier_1,2025-06-24,2,16,False,True
U308805,lapsed,tier_2,2025-09-28,6,159,True,True
U308806,new,tier_2,2025-12-27,0,9999,False,True
U308807,high_frequency,tier_1,2024-09-03,17,2,False,True
U308808,new,tier_2,2024-05-27,0,9999,False,False
U308809,lapsed,tier_3,2024-05-26,2,148,True,False
U308810,active,tier_1,2025-10-20,4,15,False,False
U308811,lapsed,tier_1,2025-04-14,1,161,True,True
U308812,new,tier_1,2025-07-14,0,9999,True,True
U308813,lapsed,tier_1,2025-01-10,4,130,False,False
U308814,new,tier_1,2025-03-04,0,9999,False,True
U308815,new,tier_2,2024-04-02,0,9999,True,False
U308816,lapsed,tier_3,2024-06-26,3,74,False,False
U308817,lapsed,tier_1,2025-12-07,5,153,False,True
U308818,high_frequency,tier_1,2026-02-05,15,0,False,True
U308819,high_frequency,tier_2,2024-04-24,23,4,False,True
U308820,new,tier_1,2025-09-14,0,9999,False,False
U308821,active,tier_1,2024-10-09,5,20,False,False
U308822,lapsed,tier_2,2025-01-02,3,60,False,False
U308823,lapsed,tier_3,2025-10-27,5,122,True,True
U308824,lapsed,tier_1,2025-11-29,6,104,False,False
U308825,lapsed,tier_1,2025-07-11,5,139,False,False
U308826,new,tier_1,2025-09-22,0,9999,True,False
U308827,high_frequency,tier_3,2024-06-29,19,1,True,False
U308828,active,tier_1,2024-05-18,6,17,False,False
U308829,lapsed,tier_1,2024-04-21,6,177,True,True
U308830,lapsed,tier_1,2024-09-21,0,91,False,False
U308831,active,tier_2,2025-06-01,9,5,False,True
U308832,active,tier_1,2025-07-30,8,17,False,True
U308833,high_frequency,tier_1,2024-06-20,18,2,False,True
U308834,lapsed,tier_3,2024-12-13,1,60,False,False
U308835,active,tier_1,2024-09-09,3,5,False,True
U308836,new,tier_2,2025-07-23,0,9999,True,False
U308837,lapsed,tier_2,2025-02-23,3,155,False,False
U308838,new,tier_1,2026-02-05,0,9999,True,True
U308839,lapsed,tier_1,2025-03-22,4,64,False,False
U308840,active,tier_1,2025-06-11,3,5,True,False
U308841,lapsed,tier_1,2025-12-26,1,111,False,False
U308842,lapsed,tier_3,2025-02-08,5,153,True,False
U308843,new,tier_3,2025-11-27,0,9999,True,True
U308844,new,tier_2,2024-05-12,0,9999,True,False
U308845,lapsed,tier_2,2024-07-05,9,173,False,False
U308846,active,tier_1,2024-09-30,9,10,False,True
U308847,active,tier_2,2024-08-11,3,5,False,True
U308848,new,tier_1,2024-12-05,0,9999,False,False
U308849,active,tier_1,2024-04-03,11,18,False,True
U308850,new,tier_3,2024-08-29,0,9999,True,True
U308851,high_frequency,tier_2,2025-10-14,14,3,True,True
U308852,new,tier_1,2024-04-17,0,9999,True,False
U308853,new,tier_3,2025-06-29,0,9999,False,False
U308854,new,tier_1,2025-04-03,0,9999,False,False
U308855,new,tier_1,2025-03-27,0,9999,True,True
U308856,active,tier_1,2024-12-24,5,4,False,True
U308857,new,tier_3,2025-07-27,0,9999,True,False
U308858,active,tier_1,2025-09-16,2,12,False,False
U308859,active,tier_2,2024-05-15,8,19,False,True
U308860,lapsed,tier_2,2024-08-17,2,66,True,True
U308861,active,tier_1,2025-11-09,6,12,True,True
U308862,lapsed,tier_3,2025-06-27,4,93,True,False
U308863,new,tier_1,2025-06-11,0,9999,True,False
U308864,active,tier_2,2024-12-07,6,4,True,False
U308865,high_frequency,tier_1,2024-10-09,17,1,True,True
U308866,new,tier_3,2026-01-05,0,9999,False,False
U308867,new,tier_1,2026-01-18,0,9999,False,False
U308868,high_frequency,tier_2,2025-02-07,20,3,True,True
U308869,lapsed,tier_1,2024-07-04,4,94,False,False
U308870,new,tier_1,2025-12-02,0,9999,False,False
U308871,high_frequency,tier_3,2025-01-31,19,2,True,True
U308872,new,tier_2,2024-09-04,0,9999,False,False
U308873,high_frequency,tier_2,2026-01-13,21,1,True,False
U308874,lapsed,tier_1,2025-04-17,3,81,True,False
U308875,new,tier_1,2025-08-22,0,9999,True,True
U308876,lapsed,tier_3,2025-08-03,8,108,False,False
U308877,lapsed,tier_1,2024-06-22,5,117,True,False
U308878,high_frequency,tier_2,2025-08-15,17,2,False,True
U308879,active,tier_1,2025-03-02,8,15,False,True
U308880,lapsed,tier_2,2025-11-11,3,172,False,False
U308881,lapsed,tier_3,2024-11-05,3,129,True,False
U308882,high_frequency,tier_1,2025-12-02,14,0,False,True
U308883,active,tier_2,2024-07-08,7,13,False,True
U308884,active,tier_1,2026-01-19,4,17,True,True
U308885,active,tier_1,2025-09-23,9,18,True,True
U308886,high_frequency,tier_1,2025-08-25,22,3,True,True
U308887,new,tier_3,2024-12-28,0,9999,True,False
U308888,high_frequency,tier_2,2025-04-18,20,2,True,True
U308889,active,tier_2,2025-04-23,6,17,True,False
U308890,active,tier_2,2024-04-23,9,9,True,True
U308891,active,tier_3,2024-08-18,10,16,True,True
U308892,new,tier_2,2024-09-20,0,9999,False,True
U308893,lapsed,tier_1,2024-06-13,5,152,False,True
U308894,new,tier_1,2024-07-14,0,9999,False,True
U308895,active,tier_2,2024-12-17,12,17,True,False
U308896,active,tier_3,2025-08-20,7,13,True,True
U308897,new,tier_2,2024-06-16,0,9999,True,True
U308898,active,tier_2,2024-09-30,5,16,True,False
U308899,high_frequency,tier_1,2024-08-21,16,1,False,False
U308900,high_frequency,tier_3,2025-09-02,33,3,True,False
U308901,high_frequency,tier_2,2025-04-08,8,3,True,True
U308902,active,tier_1,2024-09-10,5,17,False,True
U308903,new,tier_3,2026-02-14,0,9999,False,False
U308904,new,tier_3,2025-05-14,0,9999,False,False
U308905,lapsed,tier_2,2025-03-11,1,120,False,False
U308906,active,tier_1,2024-04-21,8,20,True,False
U308907,lapsed,tier_1,2026-01-07,3,164,True,False
U308908,new,tier_3,2025-12-14,0,9999,True,False
U308909,active,tier_2,2024-05-08,8,20,False,True
U308910,lapsed,tier_3,2024-05-08,3,112,False,False
U308911,high_frequency,tier_1,2025-10-20,13,1,False,True
U308912,new,tier_1,2025-06-18,0,9999,True,False
U308913,new,tier_2,2025-04-13,0,9999,False,False
U308914,lapsed,tier_3,2025-06-07,2,87,True,False
U308915,lapsed,tier_2,2024-10-19,5,108,False,False
U308916,active,tier_1,2025-11-10,10,8,False,False
U308917,new,tier_2,2024-06-05,0,9999,False,False
U308918,lapsed,tier_2,2025-07-02,6,64,False,False
U308919,lapsed,tier_1,2026-01-30,4,146,False,False
U308920,active,tier_3,2024-10-09,6,6,True,True
U308921,active,tier_2,2025-07-03,6,13,True,True
U308922,new,tier_1,2024-11-05,0,9999,False,True
U308923,high_frequency,tier_1,2024-05-22,20,3,False,True
U308924,active,tier_3,2025-04-05,5,5,False,False
U308925,new,tier_1,2024-09-02,0,9999,True,True
U308926,active,tier_2,2025-10-18,8,11,True,True
U308927,new,tier_2,2025-01-21,0,9999,False,False
U308928,lapsed,tier_2,2025-04-12,6,98,False,False
U308929,lapsed,tier_3,2026-01-04,5,89,False,False
U308930,lapsed,tier_1,2024-10-15,5,171,False,False
U308931,new,tier_2,2025-08-25,0,9999,False,False
U308932,lapsed,tier_1,2025-10-13,1,107,False,False
U308933,lapsed,tier_3,2025-05-05,8,165,False,False
U308934,new,tier_1,2025-07-20,0,9999,True,True
U308935,high_frequency,tier_2,2024-11-20,14,4,True,False
U308936,lapsed,tier_3,2024-04-15,2,133,True,False
U308937,new,tier_1,2025-05-16,0,9999,True,False
U308938,lapsed,tier_3,2026-02-09,1,71,True,False
U308939,active,tier_2,2025-07-04,6,6,True,False
U308940,new,tier_1,2025-07-28,0,9999,True,True
U308941,new,tier_2,2025-02-19,0,9999,True,False
U308942,high_frequency,tier_1,2025-07-11,11,2,True,True
U308943,active,tier_1,2025-09-04,3,5,False,False
U308944,new,tier_2,2024-12-21,0,9999,True,True
U308945,high_frequency,tier_2,2025-01-11,18,1,True,True
U308946,active,tier_3,2025-02-04,8,13,True,False
U308947,lapsed,tier_3,2024-08-08,5,108,True,False
U308948,new,tier_2,2024-08-06,0,9999,True,False
U308949,lapsed,tier_3,2024-09-09,8,65,False,False
U308950,high_frequency,tier_1,2024-06-12,22,3,True,True
U308951,active,tier_2,2025-08-06,6,11,False,True
U308952,lapsed,tier_2,2025-08-12,4,168,False,False
U308953,high_frequency,tier_1,2024-11-05,22,0,False,True
U308954,active,tier_3,2025-09-30,4,11,True,True
U308955,active,tier_1,2025-06-14,9,4,True,False
U308956,new,tier_1,2025-04-11,0,9999,False,False
U308957,active,tier_1,2024-11-01,7,18,True,True
U308958,high_frequency,tier_1,2025-01-02,22,1,False,False
U308959,active,tier_2,2024-05-11,5,12,False,True
U308960,active,tier_1,2025-09-13,4,13,False,False
U308961,high_frequency,tier_2,2025-06-27,18,3,True,True
U308962,active,tier_1,2024-07-04,3,7,False,False
U308963,lapsed,tier_3,2025-05-02,1,64,False,False
U308964,high_frequency,tier_2,2025-07-30,22,0,False,True
U308965,new,tier_1,2025-11-28,0,9999,False,True
U308966,high_frequency,tier_2,2025-12-07,16,1,True,True
U308967,high_frequency,tier_2,2024-04-19,25,0,True,True
U308968,active,tier_2,2024-05-09,6,17,False,True
U308969,high_frequency,tier_3,2025-11-28,22,3,True,True
U308970,active,tier_3,2025-03-02,4,11,True,True
U308971,high_frequency,tier_2,2024-11-21,23,2,True,True
U308972,active,tier_3,2024-07-28,5,16,True,True
U308973,lapsed,tier_2,2025-03-09,8,130,True,True
U308974,new,tier_1,2025-05-07,0,9999,False,False
U308975,lapsed,tier_1,2026-01-13,5,139,True,False
U308976,active,tier_2,2025-03-29,6,3,False,False
U308977,high_frequency,tier_3,2024-08-29,25,1,False,True
U308978,active,tier_1,2025-12-03,6,17,False,False
U308979,lapsed,tier_1,2025-08-20,6,62,False,False
U308980,lapsed,tier_2,2024-07-18,5,177,True,False
U308981,active,tier_2,2025-02-24,3,9,False,False
U308982,new,tier_3,2025-04-09,0,9999,True,False
U308983,active,tier_2,2025-01-12,3,13,False,True
U308984,high_frequency,tier_1,2024-08-10,14,3,True,True
U308985,active,tier_2,2025-10-30,3,16,False,False
U308986,active,tier_1,2025-03-06,9,18,True,True
U308987,lapsed,tier_1,2024-12-10,4,126,False,False
U308988,high_frequency,tier_1,2026-01-20,12,2,True,True
U308989,high_frequency,tier_1,2024-07-13,19,0,False,False
U308990,high_frequency,tier_2,2024-05-06,20,4,False,True
U308991,active,tier_1,2024-08-18,9,17,False,True
U308992,high_frequency,tier_2,2025-02-16,14,2,False,True
U308993,new,tier_2,2025-10-11,0,9999,False,False
U308994,new,tier_2,2024-09-24,0,9999,False,False
U308995,active,tier_3,2024-07-07,2,17,True,False
U308996,active,tier_3,2025-10-18,4,17,True,False
U308997,active,tier_1,2024-08-09,10,9,True,False
U308998,active,tier_2,2025-02-01,12,18,True,True
U308999,lapsed,tier_3,2025-12-23,1,129,True,False
