order_id,user_id,order_date,discount_shown,discount_amount,order_value,net_revenue,channel
O900001,U300000,2026-03-16,True,140.0,203.61,63.61,app
O900002,U300004,2026-03-10,True,135.83,194.05,58.21,app
O900003,U300005,2026-03-03,True,119.17,170.25,51.07,app
O900004,U300006,2026-03-04,False,0.0,256.8,256.8,app
O900005,U300007,2026-03-12,False,0.0,174.26,174.26,app
O900006,U300008,2026-03-26,False,0.0,328.41,328.41,app
O900007,U300010,2026-03-19,True,140.0,273.91,133.91,app
O900008,U300010,2026-03-18,True,140.0,255.17,115.17,app
O900009,U300012,2026-03-10,False,0.0,220.61,220.61,app
O900010,U300014,2026-03-09,False,0.0,193.19,193.19,app
O900011,U300015,2026-03-22,False,0.0,227.91,227.91,app
O900012,U300015,2026-03-22,False,0.0,276.44,276.44,app
O900013,U300016,2026-03-23,False,0.0,294.09,294.09,app
O900014,U300018,2026-03-04,True,121.06,172.95,51.88,app
O900015,U300019,2026-03-24,False,0.0,218.22,218.22,app
O900016,U300020,2026-03-20,False,0.0,223.48,223.48,app
O900017,U300022,2026-03-28,False,0.0,268.09,268.09,app
O900018,U300024,2026-03-13,False,0.0,138.27,138.27,app
O900019,U300025,2026-03-13,True,140.0,209.04,69.04,app
O900020,U300025,2026-03-08,True,140.0,209.31,69.31,app
O900021,U300031,2026-03-21,True,140.0,243.44,103.44,app
O900022,U300031,2026-03-29,True,115.46,164.94,49.48,
O900023,U300033,2026-03-15,True,140.0,206.17,66.17,web
O900024,U300036,2026-03-23,False,0.0,201.33,201.33,app
O900025,U300036,2026-03-10,False,0.0,238.28,238.28,app
O900026,U300039,2026-03-19,True,140.0,282.15,142.15,app
O900027,U300042,2026-03-22,False,0.0,99.0,99.0,app
O900028,U300045,2026-03-12,False,0.0,264.6,264.6,app
O900029,U300046,2026-03-25,False,0.0,258.41,258.41,app
O900030,U300051,2026-03-17,True,140.0,256.84,116.84,app
O900031,U300052,2026-03-12,True,140.0,309.63,169.63,app
O900032,U300055,2026-03-11,True,118.51,169.31,50.79,app
O900033,U300055,2026-03-06,True,140.0,251.29,111.29,app
O900034,U300056,2026-03-27,False,0.0,251.78,251.78,app
O900035,U300057,2026-03-08,True,69.3,99.0,29.7,app
O900036,U300058,2026-03-03,False,0.0,222.53,222.53,app
O900037,U300058,2026-03-29,False,0.0,223.74,223.74,app
O900038,U300065,2026-03-09,True,140.0,275.6,135.6,app
O900039,U300066,2026-03-12,True,86.43,123.47,37.04,web
O900040,U300069,2026-03-16,True,140.0,206.01,66.01,app
O900041,U300071,2026-03-06,True,140.0,246.27,106.27,app
O900042,U300073,2026-03-20,False,0.0,263.08,263.08,app
O900043,U300073,2026-03-02,False,0.0,256.29,256.29,web
O900044,U300075,2026-03-04,False,0.0,247.82,247.82,app
O900045,U300076,2026-03-15,False,0.0,253.88,253.88,web
O900046,U300077,2026-03-18,True,140.0,264.53,124.53,
O900047,U300080,2026-03-21,True,140.0,212.63,72.63,app
O900048,U300083,2026-03-03,False,0.0,176.69,176.69,app
O900049,U300084,2026-03-02,True,84.89,121.27,36.38,app
O900050,U300085,2026-03-14,True,140.0,287.2,147.2,app
O900051,U300087,2026-03-29,True,140.0,211.83,71.83,web
O900052,U300090,2026-03-18,False,0.0,99.39,99.39,web
O900053,U300092,2026-03-10,True,140.0,231.45,91.45,app
O900054,U300093,2026-03-30,True,140.0,293.57,153.57,app
O900055,U300098,2026-03-22,False,0.0,263.6,263.6,app
O900056,U300099,2026-03-16,True,140.0,304.44,164.44,app
O900057,U300100,2026-03-06,False,0.0,256.13,256.13,app
O900058,U300104,2026-03-08,True,116.66,166.65,50.0,app
O900059,U300104,2026-03-10,True,106.32,151.88,45.56,app
O900060,U300105,2026-03-04,True,140.0,243.92,103.92,app
O900061,U300107,2026-03-19,True,112.09,160.13,48.04,app
O900062,U300108,2026-03-29,True,140.0,243.79,103.79,app
O900063,U300111,2026-03-13,False,0.0,208.63,208.63,web
O900064,U300118,2026-03-17,True,140.0,200.27,60.27,app
O900065,U300118,2026-03-12,True,140.0,226.05,86.05,app
O900066,U300119,2026-03-11,True,140.0,237.13,97.13,app
O900067,U300124,2026-03-29,True,80.62,115.17,34.55,web
O900068,U300125,2026-03-19,True,69.3,99.0,29.7,app
O900069,U300129,2026-03-28,True,133.4,190.57,57.17,app
O900070,U300130,2026-03-02,True,140.0,257.08,117.08,app
O900071,U300131,2026-03-17,True,140.0,225.28,85.28,app
O900072,U300132,2026-03-05,True,123.24,176.06,52.82,app
O900073,U300135,2026-03-11,False,0.0,249.33,249.33,app
O900074,U300137,2026-03-20,False,0.0,176.53,176.53,app
O900075,U300140,2026-03-20,True,140.0,229.92,89.92,app
O900076,U300141,2026-03-25,False,0.0,221.63,221.63,app
O900077,U300144,2026-03-15,True,140.0,246.49,106.49,app
O900078,U300146,2026-03-10,True,140.0,361.58,221.58,app
O900079,U300146,2026-03-28,True,99.38,141.97,42.59,app
O900080,U300151,2026-03-03,True,104.86,149.8,44.94,app
O900081,U300152,2026-03-16,True,133.71,191.01,57.3,app
O900082,U300152,2026-03-14,True,140.0,205.74,65.74,app
O900083,U300152,2026-03-24,True,140.0,280.02,140.02,app
O900084,U300154,2026-03-04,True,140.0,259.96,119.96,app
O900085,U300157,2026-03-15,False,0.0,255.77,255.77,app
O900086,U300157,2026-03-12,False,0.0,157.24,157.24,app
O900087,U300158,2026-03-29,False,0.0,179.12,179.12,web
O900088,U300159,2026-03-21,True,140.0,225.78,85.78,app
O900089,U300161,2026-03-03,True,140.0,291.86,151.86,app
O900090,U300162,2026-03-30,False,0.0,269.77,269.77,app
O900091,U300165,2026-03-28,False,0.0,204.71,204.71,app
O900092,U300166,2026-03-18,False,0.0,330.79,330.79,app
O900093,U300168,2026-03-18,False,0.0,170.46,170.46,app
O900094,U300170,2026-03-03,False,0.0,200.99,200.99,web
O900095,U300171,2026-03-03,True,140.0,212.28,72.28,app
O900096,U300172,2026-03-21,False,0.0,253.46,253.46,app
O900097,U300172,2026-03-17,False,0.0,179.46,179.46,app
O900098,U300173,2026-03-28,False,0.0,199.49,199.49,app
O900099,U300173,2026-03-10,False,0.0,246.17,246.17,
O900100,U300174,2026-03-01,True,140.0,248.9,108.9,app
O900101,U300175,2026-03-03,False,0.0,172.22,172.22,app
O900102,U300177,2026-03-20,False,0.0,353.18,353.18,app
O900103,U300179,2026-03-05,False,0.0,125.02,125.02,app
O900104,U300182,2026-03-20,True,98.3,140.42,42.13,web
O900105,U300186,2026-03-01,False,0.0,353.6,353.6,app
O900106,U300192,2026-03-01,True,140.0,212.0,72.0,app
O900107,U300192,2026-03-14,True,140.0,212.33,72.33,app
O900108,U300192,2026-03-21,True,140.0,341.91,201.91,app
O900109,U300193,2026-03-18,False,0.0,192.52,192.52,app
O900110,U300194,2026-03-18,True,116.49,166.42,49.92,app
O900111,U300195,2026-03-20,True,101.58,145.12,43.54,web
O900112,U300195,2026-03-14,True,92.3,131.85,39.56,app
O900113,U300196,2026-03-15,True,140.0,328.8,188.8,app
O900114,U300209,2026-03-19,True,140.0,215.79,75.79,app
O900115,U300210,2026-03-17,True,98.06,140.08,42.02,app
O900116,U300211,2026-03-16,True,140.0,370.02,230.02,app
O900117,U300211,2026-03-06,True,140.0,262.92,122.92,web
O900118,U300212,2026-03-20,True,140.0,285.41,145.41,app
O900119,U300213,2026-03-26,True,140.0,252.2,112.2,app
O900120,U300213,2026-03-03,True,105.85,151.22,45.37,app
O900121,U300215,2026-03-19,True,135.07,192.96,57.89,app
O900122,U300217,2026-03-22,True,115.54,165.06,49.52,app
O900123,U300218,2026-03-13,True,128.64,183.77,55.13,app
O900124,U300220,2026-03-11,False,0.0,209.38,209.38,app
O900125,U300222,2026-03-06,True,140.0,258.48,118.48,app
O900126,U300223,2026-03-08,False,0.0,312.19,312.19,app
O900127,U300223,2026-03-25,False,0.0,274.06,274.06,app
O900128,U300224,2026-03-11,False,0.0,294.94,294.94,app
O900129,U300225,2026-03-27,False,0.0,-136.71,136.71,app
O900130,U300228,2026-03-19,True,140.0,301.86,161.86,app
O900131,U300229,2026-03-15,True,96.73,138.18,41.45,web
O900132,U300234,2026-03-07,True,140.0,238.25,98.25,app
O900133,U300235,2026-03-21,False,0.0,193.8,193.8,app
O900134,U300237,2026-03-21,False,0.0,290.26,290.26,app
O900135,U300243,2026-03-25,True,140.0,305.4,165.4,app
O900136,U300244,2026-03-23,True,128.33,183.32,55.0,web
O900137,U300246,2026-03-11,False,0.0,207.73,207.73,app
O900138,U300247,2026-03-02,False,0.0,252.12,252.12,app
O900139,U300248,2026-03-25,False,0.0,182.79,182.79,app
O900140,U300249,2026-03-09,False,0.0,260.03,260.03,app
O900141,U300250,2026-03-02,True,140.0,266.0,126.0,app
O900142,U300252,2026-03-06,True,80.37,114.82,34.45,app
O900143,U300253,2026-03-26,True,140.0,204.53,64.53,app
O900144,U300254,2026-03-06,True,133.1,190.14,57.04,app
O900145,U300254,2026-03-09,True,140.0,284.68,144.68,app
O900146,U300255,2026-03-10,True,117.57,167.95,50.39,app
O900147,U300255,2026-03-25,True,140.0,282.45,142.45,app
O900148,U300256,2026-03-28,False,0.0,133.13,133.13,app
O900149,U300260,2026-03-04,True,120.84,172.64,51.79,app
O900150,U300261,2026-03-24,True,73.1,104.43,31.33,app
O900151,U300262,2026-03-27,True,140.0,233.04,93.04,app
O900152,U300263,2026-03-03,True,140.0,285.93,145.93,app
O900153,U300265,2026-03-18,True,111.27,158.96,47.69,app
O900154,U300265,2026-03-29,True,140.0,222.8,82.8,app
O900155,U300268,2026-03-04,False,0.0,191.04,191.04,app
O900156,U300272,2026-03-09,True,140.0,208.49,68.49,app
O900157,U300276,2026-03-23,True,140.0,244.4,104.4,app
O900158,U300278,2026-03-02,True,109.71,156.73,47.02,app
O900159,U300279,2026-03-28,True,140.0,262.17,122.17,app
O900160,U300279,2026-03-17,True,69.3,99.0,29.7,app
O900161,U300283,2026-03-11,False,0.0,276.16,276.16,app
O900162,U300287,2026-03-29,False,0.0,225.19,225.19,app
O900163,U300288,2026-03-16,True,140.0,304.04,164.04,web
O900164,U300289,2026-03-09,True,140.0,249.72,109.72,app
O900165,U300289,2026-03-29,True,140.0,222.81,82.81,app
O900166,U300290,2026-03-18,True,140.0,287.63,147.63,app
O900167,U300295,2026-03-11,False,0.0,250.77,250.77,app
O900168,U300296,2026-03-09,True,140.0,241.71,101.71,web
O900169,U300296,2026-03-11,True,69.3,99.0,29.7,app
O900170,U300297,2026-03-26,True,140.0,238.0,98.0,app
O900171,U300298,2026-03-05,False,0.0,239.01,239.01,web
O900172,U300299,2026-03-18,False,0.0,194.68,194.68,app
O900173,U300299,2026-03-27,False,0.0,307.66,307.66,app
O900174,U300299,2026-03-21,False,0.0,187.38,187.38,app
O900175,U300299,2026-03-22,False,0.0,369.95,369.95,app
O900176,U300301,2026-03-27,True,140.0,251.46,111.46,app
O900177,U300301,2026-03-29,True,140.0,324.94,184.94,app
O900178,U300304,2026-03-05,True,116.19,165.98,49.79,app
O900179,U300307,2026-03-22,True,140.0,207.94,67.94,web
O900180,U300307,2026-03-05,True,140.0,248.55,108.55,app
O900181,U300308,2026-03-24,True,126.63,180.9,54.27,
O900182,U300310,2026-03-23,False,0.0,126.16,126.16,web
O900183,U300310,2026-03-18,False,0.0,224.34,224.34,app
O900184,U300312,2026-03-09,False,0.0,252.1,252.1,app
O900185,U300312,2026-03-09,False,0.0,242.22,242.22,app
O900186,U300315,2026-03-01,False,0.0,233.16,233.16,app
O900187,U300315,2026-03-24,False,0.0,236.83,236.83,app
O900188,U300317,2026-03-14,True,132.11,188.72,56.62,app
O900189,U300322,2026-03-28,True,140.0,259.07,119.07,app
O900190,U300323,2026-03-14,True,69.3,99.0,29.7,app
O900191,U300326,2026-03-03,True,140.0,225.28,85.28,app
O900192,U300327,2026-03-04,True,140.0,297.66,157.66,app
O900193,U300329,2026-03-25,True,140.0,206.82,66.82,app
O900194,U300329,2026-03-06,True,69.3,99.0,29.7,app
O900195,U300330,2026-03-15,False,0.0,291.8,291.8,app
O900196,U300330,2026-03-22,False,0.0,201.73,201.73,app
O900197,U300334,2026-03-16,True,140.0,239.21,99.21,app
O900198,U300334,2026-03-17,True,140.0,317.08,177.08,app
O900199,U300336,2026-03-22,True,140.0,225.82,85.82,app
O900200,U300338,2026-03-01,True,127.99,182.84,54.85,app
O900201,U300341,2026-03-13,True,105.68,150.97,45.29,app
O900202,U300343,2026-03-13,False,0.0,225.55,225.55,app
O900203,U300345,2026-03-16,True,140.0,230.84,90.84,app
O900204,U300347,2026-03-25,False,0.0,201.02,201.02,app
O900205,U300349,2026-03-26,True,140.0,295.9,155.9,app
O900206,U300350,2026-03-27,True,140.0,211.87,71.87,app
O900207,U300351,2026-03-04,True,78.57,112.24,33.67,app
O900208,U300352,2026-03-26,False,0.0,258.34,258.34,app
O900209,U300354,2026-03-30,False,0.0,320.24,320.24,app
O900210,U300355,2026-03-08,True,140.0,265.54,125.54,app
O900211,U300355,2026-03-15,True,140.0,235.82,95.82,app
O900212,U300357,2026-03-03,False,0.0,213.61,213.61,app
O900213,U300358,2026-03-20,False,0.0,241.0,241.0,app
O900214,U300363,2026-03-23,False,0.0,232.04,232.04,app
O900215,U300364,2026-03-11,False,0.0,237.85,237.85,app
O900216,U300365,2026-03-29,True,121.79,173.99,52.2,app
O900217,U300368,2026-03-13,False,0.0,179.95,179.95,app
O900218,U300369,2026-03-10,False,0.0,155.87,155.87,app
O900219,U300371,2026-03-29,False,0.0,311.27,311.27,app
O900220,U300374,2026-03-26,True,140.0,311.5,171.5,app
O900221,U300376,2026-03-28,False,0.0,296.78,296.78,app
O900222,U300377,2026-03-07,True,140.0,225.29,85.29,app
O900223,U300377,2026-03-04,True,103.73,148.19,44.46,app
O900224,U300379,2026-03-02,False,0.0,225.45,225.45,app
O900225,U300383,2026-03-22,False,0.0,239.17,239.17,app
O900226,U300384,2026-03-14,True,135.56,193.65,58.1,app
O900227,U300385,2026-03-19,False,0.0,198.21,198.21,app
O900228,U300386,2026-03-16,False,0.0,153.38,153.38,app
O900229,U300388,2026-03-05,False,0.0,214.14,214.14,app
O900230,U300389,2026-03-17,True,140.0,279.24,139.24,app
O900231,U300390,2026-03-22,True,122.17,174.52,52.36,app
O900232,U300393,2026-03-26,True,140.0,304.88,164.88,app
O900233,U300394,2026-03-19,True,140.0,304.35,164.35,app
O900234,U300396,2026-03-23,True,140.0,262.61,122.61,app
O900235,U300402,2026-03-26,True,140.0,265.79,125.79,app
O900236,U300404,2026-03-19,False,0.0,191.5,191.5,app
O900237,U300405,2026-03-12,True,140.0,231.65,91.65,web
O900238,U300407,2026-03-04,True,116.68,166.69,50.01,app
O900239,U300408,2026-03-06,False,0.0,215.87,215.87,app
O900240,U300409,2026-03-05,True,140.0,334.51,194.51,app
O900241,U300409,2026-03-22,True,140.0,245.66,105.66,app
O900242,U300409,2026-03-06,True,91.13,130.19,39.06,app
O900243,U300410,2026-03-21,True,140.0,247.14,107.14,app
O900244,U300413,2026-03-14,False,0.0,233.91,233.91,app
O900245,U300414,2026-03-18,True,140.0,247.73,107.73,web
O900246,U300414,2026-03-06,True,90.17,128.82,38.65,app
O900247,U300414,2026-03-08,True,140.0,280.01,140.01,app
O900248,U300416,2026-03-05,False,0.0,292.54,292.54,app
O900249,U300418,2026-03-29,False,0.0,171.75,171.75,app
O900250,U300419,2026-03-18,True,136.4,194.86,58.46,app
O900251,U300421,2026-03-22,False,0.0,291.83,291.83,app
O900252,U300422,2026-03-08,True,140.0,222.73,82.73,app
O900253,U300423,2026-03-09,False,0.0,121.39,121.39,app
O900254,U300424,2026-03-09,True,126.34,180.49,54.15,app
O900255,U300428,2026-03-08,False,0.0,211.7,211.7,app
O900256,U300429,2026-03-14,False,0.0,227.41,227.41,app
O900257,U300433,2026-03-10,True,114.67,163.82,49.15,app
O900258,U300439,2026-03-23,True,140.0,201.07,61.07,app
O900259,U300441,2026-03-22,True,132.95,189.94,56.98,app
O900260,U300443,2026-03-12,True,107.35,153.36,46.01,app
O900261,U300444,2026-03-10,False,0.0,158.62,158.62,app
O900262,U300445,2026-03-06,False,0.0,118.95,118.95,app
O900263,U300446,2026-03-16,False,0.0,269.45,269.45,app
O900264,U300448,2026-03-21,True,140.0,296.08,156.08,app
O900265,U300449,2026-03-28,True,140.0,284.4,144.4,app
O900266,U300450,2026-03-02,True,140.0,326.49,186.49,app
O900267,U300452,2026-03-04,True,140.0,217.88,77.88,app
O900268,U300454,2026-03-10,True,140.0,223.49,83.49,web
O900269,U300454,2026-03-16,True,101.12,144.45,43.34,app
O900270,U300456,2026-03-12,False,0.0,223.87,223.87,app
O900271,U300456,2026-03-06,False,0.0,272.36,272.36,app
O900272,U300457,2026-03-12,True,140.0,264.56,124.56,app
O900273,U300458,2026-03-27,True,140.0,271.79,131.79,app
O900274,U300461,2026-03-22,True,140.0,215.59,75.59,web
O900275,U300463,2026-03-27,False,0.0,233.89,233.89,app
O900276,U300464,2026-03-02,True,134.65,192.36,57.71,app
O900277,U300464,2026-03-09,True,140.0,218.5,78.5,app
O900278,U300465,2026-03-07,True,140.0,259.28,119.28,app
O900279,U300465,2026-03-28,True,140.0,291.22,151.22,web
O900280,U300469,2026-03-02,False,0.0,263.54,263.54,app
O900281,U300469,2026-03-30,False,0.0,288.06,288.06,app
O900282,U300471,2026-03-29,False,0.0,134.92,134.92,app
O900283,U300474,2026-03-24,False,0.0,195.92,195.92,app
O900284,U300476,2026-03-18,True,140.0,203.94,63.94,web
O900285,U300483,2026-03-17,True,140.0,215.95,75.95,app
O900286,U300486,2026-03-14,True,140.0,224.28,84.28,app
O900287,U300489,2026-03-18,False,0.0,221.24,221.24,app
O900288,U300490,2026-03-15,False,0.0,200.91,200.91,app
O900289,U300490,2026-03-15,False,0.0,146.67,146.67,app
O900290,U300492,2026-03-04,False,0.0,173.09,173.09,app
O900291,U300502,2026-03-19,True,124.61,178.01,53.4,app
O900292,U300505,2026-03-24,False,0.0,162.35,162.35,app
O900293,U300505,2026-03-10,False,0.0,158.41,158.41,app
O900294,U300508,2026-03-05,True,140.0,251.74,111.74,web
O900295,U300511,2026-03-26,False,0.0,207.49,207.49,app
O900296,U300512,2026-03-28,True,132.89,189.85,56.95,app
O900297,U300512,2026-03-15,True,140.0,249.52,109.52,app
O900298,U300512,2026-03-17,True,140.0,212.08,72.08,app
O900299,U300513,2026-03-05,True,110.11,157.29,47.19,app
O900300,U300514,2026-03-05,False,0.0,201.99,201.99,app
O900301,U300519,2026-03-02,False,0.0,214.66,214.66,app
O900302,U300520,2026-03-01,False,0.0,221.0,221.0,app
O900303,U300520,2026-03-06,False,0.0,167.47,167.47,app
O900304,U300520,2026-03-17,False,0.0,170.17,170.17,app
O900305,U300521,2026-03-02,True,123.69,176.69,53.01,app
O900306,U300526,2026-03-10,True,87.89,125.55,37.67,app
O900307,U300526,2026-03-10,True,140.0,245.52,105.52,app
O900308,U300527,2026-03-01,False,0.0,160.22,160.22,app
O900309,U300527,2026-03-14,False,0.0,180.69,180.69,app
O900310,U300529,2026-03-28,False,0.0,207.54,207.54,app
O900311,U300530,2026-03-17,True,132.53,189.33,56.8,app
O900312,U300531,2026-03-23,True,107.18,153.12,45.94,app
O900313,U300532,2026-03-09,True,140.0,218.75,78.75,app
O900314,U300533,2026-03-11,False,0.0,254.11,254.11,app
O900315,U300533,2026-03-09,False,0.0,245.98,245.98,web
O900316,U300535,2026-03-20,True,74.73,106.75,32.03,app
O900317,U300535,2026-03-08,True,120.72,172.46,51.74,app
O900318,U300536,2026-03-15,False,0.0,208.93,208.93,app
O900319,U300537,2026-03-22,True,140.0,239.76,99.76,app
O900320,U300537,2026-03-07,True,137.25,196.08,58.82,app
O900321,U300540,2026-03-15,True,140.0,285.85,145.85,app
O900322,U300542,2026-03-21,False,0.0,255.27,255.27,app
O900323,U300543,2026-03-28,True,69.3,99.0,29.7,app
O900324,U300545,2026-03-16,False,0.0,251.19,251.19,app
O900325,U300548,2026-03-19,True,74.61,106.58,31.97,app
O900326,U300550,2026-03-19,True,69.3,99.0,29.7,app
O900327,U300551,2026-03-19,False,0.0,274.06,274.06,app
O900328,U300554,2026-03-25,False,0.0,215.07,215.07,app
O900329,U300554,2026-03-19,False,0.0,161.63,161.63,app
O900330,U300557,2026-03-06,False,0.0,148.2,148.2,app
O900331,U300560,2026-03-08,True,140.0,285.18,145.18,web
O900332,U300560,2026-03-06,True,140.0,326.2,186.2,app
O900333,U300561,2026-03-09,True,140.0,215.97,75.97,app
O900334,U300564,2026-03-07,True,140.0,242.31,102.31,app
O900335,U300564,2026-03-08,True,140.0,284.61,144.61,app
O900336,U300567,2026-03-07,True,140.0,257.07,117.07,app
O900337,U300569,2026-03-02,True,140.0,311.4,171.4,app
O900338,U300573,2026-03-29,False,0.0,165.7,165.7,app
O900339,U300575,2026-03-06,True,136.69,195.28,58.58,app
O900340,U300576,2026-03-29,True,140.0,238.33,98.33,app
O900341,U300577,2026-03-18,True,129.34,184.77,55.43,app
O900342,U300579,2026-03-21,False,0.0,235.7,235.7,app
O900343,U300579,2026-03-29,False,0.0,262.34,262.34,app
O900344,U300580,2026-03-22,False,0.0,160.87,160.87,app
O900345,U300580,2026-03-12,False,0.0,193.29,193.29,app
O900346,U300584,2026-03-02,True,140.0,271.45,131.45,web
O900347,U300585,2026-03-27,False,0.0,185.38,185.38,app
O900348,U300594,2026-03-27,False,0.0,224.43,224.43,app
O900349,U300595,2026-03-19,False,0.0,205.23,205.23,web
O900350,U300598,2026-03-14,False,0.0,198.83,198.83,app
O900351,U300600,2026-03-06,True,140.0,211.74,71.74,app
O900352,U300601,2026-03-26,True,69.3,99.0,29.7,app
O900353,U300602,2026-03-02,False,0.0,153.38,153.38,app
O900354,U300605,2026-03-08,False,0.0,153.77,153.77,app
O900355,U300608,2026-03-28,True,136.6,195.14,58.54,app
O900356,U300610,2026-03-27,False,0.0,318.09,318.09,app
O900357,U300611,2026-03-16,False,0.0,195.82,195.82,app
O900358,U300611,2026-03-12,False,0.0,217.32,217.32,app
O900359,U300613,2026-03-24,True,139.7,199.57,59.87,app
O900360,U300615,2026-03-24,True,140.0,240.42,100.42,app
O900361,U300619,2026-03-30,True,140.0,283.66,143.66,app
O900362,U300622,2026-03-04,False,0.0,207.43,207.43,app
O900363,U300623,2026-03-02,True,134.33,191.91,57.57,app
O900364,U300624,2026-03-18,True,140.0,208.81,68.81,app
O900365,U300627,2026-03-21,True,73.16,104.51,31.35,app
O900366,U300627,2026-03-04,True,106.58,152.25,45.68,app
O900367,U300628,2026-03-10,False,0.0,196.81,196.81,app
O900368,U300632,2026-03-15,False,0.0,152.36,152.36,app
O900369,U300636,2026-03-20,True,94.71,135.29,40.59,app
O900370,U300637,2026-03-15,True,140.0,223.41,83.41,
O900371,U300637,2026-03-28,True,140.0,247.57,107.57,app
O900372,U300639,2026-03-30,True,140.0,220.97,80.97,app
O900373,U300640,2026-03-07,False,0.0,195.1,195.1,app
O900374,U300641,2026-03-23,True,86.65,123.78,37.14,app
O900375,U300643,2026-03-26,True,130.79,186.84,56.05,app
O900376,U300643,2026-03-21,True,140.0,210.82,70.82,app
O900377,U300646,2026-03-05,True,140.0,228.66,88.66,app
O900378,U300648,2026-03-12,False,0.0,203.3,203.3,app
O900379,U300648,2026-03-24,False,0.0,273.49,273.49,app
O900380,U300651,2026-03-02,False,0.0,185.51,185.51,app
O900381,U300654,2026-03-03,True,130.9,186.99,56.1,app
O900382,U300655,2026-03-11,True,140.0,268.82,128.82,app
O900383,U300655,2026-03-12,True,135.58,193.69,58.11,app
O900384,U300657,2026-03-16,True,133.97,191.39,57.42,app
O900385,U300660,2026-03-30,True,140.0,328.4,188.4,app
O900386,U300661,2026-03-30,True,123.93,177.05,53.11,app
O900387,U300664,2026-03-06,False,0.0,217.86,217.86,app
O900388,U300666,2026-03-12,False,0.0,185.49,185.49,app
O900389,U300666,2026-03-07,False,0.0,111.5,111.5,app
O900390,U300666,2026-03-21,False,0.0,261.4,261.4,app
O900391,U300666,2026-03-21,False,0.0,138.09,138.09,app
O900392,U300667,2026-03-30,True,118.28,168.97,50.69,app
O900393,U300668,2026-03-25,False,0.0,99.0,99.0,app
O900394,U300669,2026-03-19,True,139.73,199.61,59.88,app
O900395,U300669,2026-03-26,True,93.84,134.06,40.22,app
O900396,U300672,2026-03-19,False,0.0,240.45,240.45,app
O900397,U300673,2026-03-12,False,0.0,173.93,173.93,
O900398,U300675,2026-03-21,False,0.0,234.59,234.59,app
O900399,U300676,2026-03-30,False,0.0,141.97,141.97,app
O900400,U300676,2026-03-23,False,0.0,250.43,250.43,app
O900401,U300677,2026-03-15,True,114.04,162.91,48.87,app
O900402,U300678,2026-03-01,True,102.48,146.41,43.92,web
O900403,U300679,2026-03-10,False,0.0,190.85,190.85,app
O900404,U300679,2026-03-08,False,0.0,173.76,173.76,app
O900405,U300680,2026-03-26,False,0.0,185.68,185.68,app
O900406,U300682,2026-03-06,True,140.0,204.94,64.94,app
O900407,U300682,2026-03-14,True,140.0,269.18,129.18,app
O900408,U300684,2026-03-12,True,98.64,140.91,42.27,app
O900409,U300684,2026-03-11,True,140.0,268.11,128.11,web
O900410,U300686,2026-03-15,True,140.0,241.05,101.05,app
O900411,U300688,2026-03-17,False,0.0,254.12,254.12,app
O900412,U300688,2026-03-11,False,0.0,358.63,358.63,app
O900413,U300689,2026-03-03,True,140.0,334.18,194.18,app
O900414,U300689,2026-03-07,True,140.0,244.53,104.53,app
O900415,U300692,2026-03-29,True,140.0,326.8,186.8,app
O900416,U300695,2026-03-30,False,0.0,129.62,129.62,app
O900417,U300696,2026-03-13,True,116.33,166.19,49.86,app
O900418,U300697,2026-03-05,True,102.97,147.1,44.13,app
O900419,U300699,2026-03-01,True,84.94,121.35,36.4,app
O900420,U300701,2026-03-19,True,114.05,162.93,48.88,app
O900421,U300702,2026-03-17,True,140.0,316.12,176.12,app
O900422,U300702,2026-03-23,True,140.0,249.44,109.44,app
O900423,U300703,2026-03-13,False,0.0,162.57,162.57,app
O900424,U300704,2026-03-09,True,140.0,223.15,83.15,app
O900425,U300709,2026-03-01,True,140.0,243.63,103.63,app
O900426,U300710,2026-03-19,False,0.0,231.71,231.71,app
O900427,U300710,2026-03-02,False,0.0,286.3,286.3,app
O900428,U300715,2026-03-17,False,0.0,233.3,233.3,app
O900429,U300717,2026-03-14,True,128.48,183.55,55.06,app
O900430,U300719,2026-03-13,True,140.0,219.14,79.14,web
O900431,U300719,2026-03-21,True,140.0,203.92,63.92,app
O900432,U300720,2026-03-25,True,117.88,168.41,50.52,app
O900433,U300720,2026-03-18,True,137.0,195.71,58.71,app
O900434,U300721,2026-03-03,True,140.0,201.79,61.79,app
O900435,U300721,2026-03-15,True,108.39,154.84,46.45,app
O900436,U300723,2026-03-22,True,140.0,241.92,101.92,app
O900437,U300726,2026-03-12,True,128.95,184.21,55.26,app
O900438,U300727,2026-03-28,False,0.0,170.83,170.83,app
O900439,U300727,2026-03-27,False,0.0,270.98,270.98,app
O900440,U300729,2026-03-03,False,0.0,235.58,235.58,app
O900441,U300730,2026-03-07,True,120.32,171.88,51.56,app
O900442,U300735,2026-03-12,True,140.0,271.6,131.6,app
O900443,U300736,2026-03-08,True,140.0,210.41,70.41,app
O900444,U300737,2026-03-13,False,0.0,248.89,248.89,app
O900445,U300739,2026-03-25,False,0.0,163.55,163.55,web
O900446,U300739,2026-03-18,False,0.0,266.78,266.78,app
O900447,U300740,2026-03-03,False,0.0,99.0,99.0,web
O900448,U300741,2026-03-29,True,140.0,215.26,75.26,app
O900449,U300745,2026-03-28,False,0.0,258.15,258.15,app
O900450,U300749,2026-03-30,False,0.0,198.28,198.28,app
O900451,U300749,2026-03-23,False,0.0,192.13,192.13,app
O900452,U300750,2026-03-10,True,140.0,235.44,95.44,app
O900453,U300752,2026-03-15,False,0.0,156.21,156.21,app
O900454,U300752,2026-03-02,False,0.0,176.31,176.31,app
O900455,U300753,2026-03-15,False,0.0,287.43,287.43,app
O900456,U300754,2026-03-12,False,0.0,120.03,120.03,app
O900457,U300756,2026-03-27,False,0.0,230.73,230.73,web
O900458,U300757,2026-03-14,True,140.0,299.22,159.22,app
O900459,U300758,2026-03-20,False,0.0,238.5,238.5,web
O900460,U300758,2026-03-28,False,0.0,260.88,260.88,
O900461,U300759,2026-03-03,True,75.27,107.54,32.26,app
O900462,U300760,2026-03-10,False,0.0,179.11,179.11,app
O900463,U300761,2026-03-19,False,0.0,243.84,243.84,app
O900464,U300761,2026-03-05,False,0.0,209.72,209.72,app
O900465,U300762,2026-03-04,False,0.0,194.04,194.04,app
O900466,U300765,2026-03-02,False,0.0,204.1,204.1,app
O900467,U300767,2026-03-22,False,0.0,234.81,234.81,app
O900468,U300769,2026-03-28,True,140.0,-268.81,128.81,app
O900469,U300769,2026-03-27,True,140.0,245.42,105.42,web
O900470,U300770,2026-03-04,True,140.0,242.9,102.9,app
O900471,U300771,2026-03-29,False,0.0,145.13,145.13,app
O900472,U300771,2026-03-05,False,0.0,103.73,103.73,app
O900473,U300776,2026-03-20,False,0.0,257.91,257.91,app
O900474,U300779,2026-03-02,False,0.0,232.84,232.84,app
O900475,U300779,2026-03-03,False,0.0,169.43,169.43,app
O900476,U300781,2026-03-15,False,0.0,154.36,154.36,app
O900477,U300781,2026-03-13,False,0.0,175.58,175.58,app
O900478,U300783,2026-03-16,True,140.0,260.48,120.48,app
O900479,U300784,2026-03-13,True,134.49,192.13,57.64,app
O900480,U300784,2026-03-14,True,140.0,226.52,86.52,app
O900481,U300784,2026-03-07,True,140.0,208.84,68.84,app
O900482,U300785,2026-03-15,False,0.0,194.6,194.6,app
O900483,U300786,2026-03-24,False,0.0,104.72,104.72,app
O900484,U300788,2026-03-16,True,140.0,238.43,98.43,app
O900485,U300789,2026-03-26,True,140.0,215.93,75.93,app
O900486,U300791,2026-03-12,False,0.0,163.8,163.8,app
O900487,U300793,2026-03-08,True,140.0,207.69,67.69,app
O900488,U300793,2026-03-20,True,140.0,258.31,118.31,app
O900489,U300794,2026-03-14,False,0.0,322.98,322.98,app
O900490,U300796,2026-03-28,True,115.44,164.91,49.47,app
O900491,U300796,2026-03-05,True,140.0,278.46,138.46,web
O900492,U300799,2026-03-09,True,140.0,329.72,189.72,app
O900493,U300800,2026-03-29,False,0.0,229.26,229.26,app
O900494,U300801,2026-03-17,True,138.07,197.24,59.17,web
O900495,U300804,2026-03-13,True,140.0,231.04,91.04,app
O900496,U300805,2026-03-25,False,0.0,265.92,265.92,app
O900497,U300806,2026-03-26,True,140.0,234.92,94.92,app
O900498,U300806,2026-03-20,True,127.21,181.72,54.52,app
O900499,U300807,2026-03-02,True,134.59,192.28,57.68,app
O900500,U300808,2026-03-02,False,0.0,247.9,247.9,app
O900501,U300808,2026-03-30,False,0.0,294.26,294.26,app
O900502,U300810,2026-03-10,True,69.3,99.0,29.7,app
O900503,U300811,2026-03-14,True,140.0,225.76,85.76,app
O900504,U300812,2026-03-02,False,0.0,246.17,246.17,app
O900505,U300813,2026-03-02,True,118.29,168.99,50.7,app
O900506,U300815,2026-03-03,True,74.01,105.72,31.72,app
O900507,U300815,2026-03-16,True,139.94,199.91,59.97,app
O900508,U300817,2026-03-24,False,0.0,227.2,227.2,app
O900509,U300818,2026-03-18,False,0.0,202.09,202.09,app
O900510,U300818,2026-03-21,False,0.0,235.92,235.92,app
O900511,U300819,2026-03-07,True,140.0,220.18,80.18,app
O900512,U300820,2026-03-04,True,140.0,274.32,134.32,app
O900513,U300820,2026-03-04,True,107.62,153.74,46.12,app
O900514,U300821,2026-03-29,False,0.0,309.5,309.5,web
O900515,U300823,2026-03-15,False,0.0,159.08,159.08,app
O900516,U300823,2026-03-01,False,0.0,244.11,244.11,web
O900517,U300824,2026-03-02,True,140.0,234.15,94.15,app
O900518,U300825,2026-03-19,True,140.0,281.38,141.38,
O900519,U300826,2026-03-30,True,140.0,282.9,142.9,app
O900520,U300827,2026-03-16,False,0.0,214.71,214.71,app
O900521,U300828,2026-03-11,True,140.0,297.06,157.06,app
O900522,U300830,2026-03-21,True,140.0,201.0,61.0,app
O900523,U300832,2026-03-25,False,0.0,109.15,109.15,app
O900524,U300836,2026-03-30,False,0.0,218.52,218.52,app
O900525,U300836,2026-03-24,False,0.0,202.94,202.94,app
O900526,U300837,2026-03-13,True,139.07,198.68,59.6,app
O900527,U300837,2026-03-01,True,140.0,221.02,81.02,app
O900528,U300839,2026-03-28,False,0.0,191.87,191.87,app
O900529,U300843,2026-03-19,True,140.0,217.79,77.79,app
O900530,U300844,2026-03-16,True,134.96,192.81,57.84,app
O900531,U300845,2026-03-26,True,140.0,317.16,177.16,app
O900532,U300848,2026-03-08,True,140.0,206.56,66.56,app
O900533,U300853,2026-03-03,False,0.0,126.44,126.44,app
O900534,U300854,2026-03-19,False,0.0,175.69,175.69,app
O900535,U300856,2026-03-14,True,140.0,255.59,115.59,app
O900536,U300856,2026-03-27,True,108.35,154.79,46.44,web
O900537,U300857,2026-03-08,False,0.0,353.59,353.59,app
O900538,U300857,2026-03-23,False,0.0,231.14,231.14,app
O900539,U300860,2026-03-14,True,140.0,260.25,120.25,app
O900540,U300862,2026-03-11,True,93.42,133.46,40.04,app
O900541,U300863,2026-03-22,False,0.0,107.16,107.16,app
O900542,U300868,2026-03-07,True,140.0,253.99,113.99,app
O900543,U300869,2026-03-30,False,0.0,278.74,278.74,app
O900544,U300871,2026-03-25,True,140.0,210.56,70.56,app
O900545,U300872,2026-03-12,True,140.0,257.72,117.72,app
O900546,U300873,2026-03-24,True,140.0,300.88,160.88,app
O900547,U300875,2026-03-19,False,0.0,236.17,236.17,app
O900548,U300877,2026-03-16,True,140.0,216.49,76.49,app
O900549,U300877,2026-03-09,True,72.16,103.08,30.92,app
O900550,U300877,2026-03-29,True,140.0,300.18,160.18,app
O900551,U300878,2026-03-29,True,140.0,341.46,201.46,app
O900552,U300879,2026-03-12,False,0.0,259.61,259.61,app
O900553,U300883,2026-03-28,False,0.0,200.32,200.32,app
O900554,U300884,2026-03-25,False,0.0,291.38,291.38,app
O900555,U300886,2026-03-20,False,0.0,158.04,158.04,app
O900556,U300886,2026-03-16,False,0.0,245.18,245.18,web
O900557,U300888,2026-03-12,False,0.0,219.49,219.49,app
O900558,U300891,2026-03-04,True,140.0,298.4,158.4,app
O900559,U300894,2026-03-07,False,0.0,177.0,177.0,app
O900560,U300897,2026-03-09,True,132.09,188.7,56.61,app
O900561,U300897,2026-03-20,True,140.0,274.09,134.09,app
O900562,U300898,2026-03-13,True,140.0,219.31,79.31,app
O900563,U300901,2026-03-28,True,140.0,293.82,153.82,app
O900564,U300902,2026-03-05,True,129.44,184.91,55.47,app
O900565,U300903,2026-03-17,True,140.0,266.28,126.28,app
O900566,U300904,2026-03-28,True,130.69,186.7,56.01,app
O900567,U300906,2026-03-23,False,0.0,211.34,211.34,app
O900568,U300909,2026-03-02,False,0.0,384.91,384.91,app
O900569,U300909,2026-03-18,False,0.0,234.15,234.15,
O900570,U300910,2026-03-25,False,0.0,194.61,194.61,app
O900571,U300911,2026-03-29,False,0.0,101.79,101.79,app
O900572,U300911,2026-03-19,False,0.0,226.88,226.88,app
O900573,U300912,2026-03-12,True,140.0,201.52,61.52,app
O900574,U300913,2026-03-26,True,140.0,299.28,159.28,app
O900575,U300915,2026-03-02,True,140.0,221.06,81.06,app
O900576,U300915,2026-03-05,True,140.0,236.22,96.22,app
O900577,U300916,2026-03-12,True,69.3,99.0,29.7,app
O900578,U300916,2026-03-06,True,140.0,264.27,124.27,web
O900579,U300916,2026-03-23,True,134.95,192.78,57.84,app
O900580,U300917,2026-03-29,True,139.11,198.73,59.62,app
O900581,U300918,2026-03-26,False,0.0,243.85,243.85,app
O900582,U300920,2026-03-30,True,133.72,191.02,57.31,app
O900583,U300922,2026-03-05,True,140.0,253.72,113.72,app
O900584,U300923,2026-03-01,True,97.38,139.11,41.73,app
O900585,U300926,2026-03-30,True,119.6,170.85,51.26,app
O900586,U300927,2026-03-17,True,140.0,211.81,71.81,web
O900587,U300928,2026-03-11,True,140.0,210.23,70.23,app
O900588,U300928,2026-03-30,True,120.52,172.17,51.65,app
O900589,U300931,2026-03-04,False,0.0,188.47,188.47,web
O900590,U300932,2026-03-18,False,0.0,255.66,255.66,app
O900591,U300935,2026-03-12,True,140.0,222.6,82.6,app
O900592,U300936,2026-03-11,True,140.0,217.65,77.65,app
O900593,U300936,2026-03-28,True,140.0,241.19,101.19,app
O900594,U300939,2026-03-07,True,140.0,225.97,85.97,app
O900595,U300946,2026-03-18,False,0.0,262.49,262.49,app
O900596,U300946,2026-03-30,False,0.0,173.71,173.71,app
O900597,U300947,2026-03-24,True,95.69,136.7,41.01,app
O900598,U300948,2026-03-30,True,136.17,194.54,58.36,app
O900599,U300948,2026-03-08,True,125.12,178.75,53.62,app
O900600,U300949,2026-03-01,False,0.0,262.56,262.56,app
O900601,U300949,2026-03-24,False,0.0,283.79,283.79,app
O900602,U300954,2026-03-26,False,0.0,197.18,197.18,app
O900603,U300957,2026-03-15,True,123.5,176.43,52.93,app
O900604,U300958,2026-03-27,True,140.0,208.41,68.41,app
O900605,U300958,2026-03-21,True,97.33,139.04,41.71,app
O900606,U300959,2026-03-12,True,140.0,349.82,209.82,app
O900607,U300960,2026-03-03,True,140.0,217.11,77.11,app
O900608,U300960,2026-03-30,True,109.46,156.37,46.91,app
O900609,U300961,2026-03-11,False,0.0,189.62,189.62,app
O900610,U300961,2026-03-19,False,0.0,173.47,173.47,app
O900611,U300964,2026-03-26,False,0.0,220.19,220.19,app
O900612,U300966,2026-03-23,True,121.84,174.06,52.22,app
O900613,U300971,2026-03-21,True,69.3,99.0,29.7,app
O900614,U300973,2026-03-01,True,138.02,197.17,59.15,app
O900615,U300973,2026-03-21,True,125.8,179.72,53.92,app
O900616,U300976,2026-03-16,True,140.0,291.35,151.35,app
O900617,U300981,2026-03-12,False,0.0,262.99,262.99,app
O900618,U300981,2026-03-09,False,0.0,149.92,149.92,app
O900619,U300986,2026-03-11,True,129.58,185.12,55.54,app
O900620,U300990,2026-03-25,True,140.0,276.45,136.45,app
O900621,U300992,2026-03-04,True,140.0,304.2,164.2,app
O900622,U300993,2026-03-01,True,140.0,338.01,198.01,app
O900623,U300995,2026-03-01,False,0.0,285.23,285.23,app
O900624,U300995,2026-03-05,False,0.0,271.6,271.6,app
O900625,U300996,2026-03-26,True,140.0,234.47,94.47,app
O900626,U300999,2026-03-08,True,140.0,239.54,99.54,app
O900627,U301000,2026-03-23,True,140.0,332.56,192.56,app
O900628,U301002,2026-03-04,False,0.0,190.39,190.39,app
O900629,U301003,2026-03-03,True,91.98,131.4,39.42,app
O900630,U301003,2026-03-07,True,140.0,204.48,64.48,web
O900631,U301007,2026-03-11,False,0.0,284.46,284.46,app
O900632,U301008,2026-03-09,True,104.82,149.74,44.92,
O900633,U301012,2026-03-13,True,134.35,191.92,57.58,app
O900634,U301012,2026-03-06,True,140.0,206.88,66.88,app
O900635,U301014,2026-03-23,True,140.0,207.78,67.78,app
O900636,U301015,2026-03-21,False,0.0,230.02,230.02,app
O900637,U301021,2026-03-20,True,140.0,253.27,113.27,web
O900638,U301021,2026-03-30,True,140.0,275.35,135.35,app
O900639,U301021,2026-03-14,True,140.0,254.22,114.22,app
O900640,U301022,2026-03-23,True,140.0,205.85,65.85,app
O900641,U301023,2026-03-17,True,140.0,240.44,100.44,app
O900642,U301026,2026-03-19,False,0.0,127.54,127.54,app
O900643,U301026,2026-03-26,False,0.0,295.11,295.11,app
O900644,U301027,2026-03-10,False,0.0,303.98,303.98,app
O900645,U301031,2026-03-15,False,0.0,344.23,344.23,app
O900646,U301032,2026-03-14,True,140.0,206.56,66.56,app
O900647,U301033,2026-03-04,True,140.0,241.75,101.75,app
O900648,U301033,2026-03-08,True,140.0,204.03,64.03,app
O900649,U301035,2026-03-03,False,0.0,99.0,99.0,app
O900650,U301036,2026-03-04,True,140.0,242.41,102.41,app
O900651,U301037,2026-03-24,False,0.0,229.53,229.53,app
O900652,U301038,2026-03-20,True,140.0,219.51,79.51,app
O900653,U301038,2026-03-10,True,131.49,187.84,56.35,app
O900654,U301041,2026-03-02,True,140.0,255.72,115.72,app
O900655,U301043,2026-03-09,False,0.0,219.65,219.65,web
O900656,U301046,2026-03-20,False,0.0,118.29,118.29,app
O900657,U301047,2026-03-07,True,70.16,100.22,30.07,app
O900658,U301051,2026-03-24,True,110.52,157.88,47.37,app
O900659,U301051,2026-03-07,True,138.83,198.33,59.5,app
O900660,U301052,2026-03-13,False,0.0,-295.06,295.06,web
O900661,U301053,2026-03-03,True,140.0,221.4,81.4,app
O900662,U301054,2026-03-04,True,140.0,259.1,119.1,app
O900663,U301055,2026-03-20,False,0.0,315.24,315.24,app
O900664,U301055,2026-03-08,False,0.0,170.46,170.46,app
O900665,U301057,2026-03-24,True,115.67,165.24,49.57,app
O900666,U301058,2026-03-08,True,140.0,317.32,177.32,app
O900667,U301059,2026-03-12,False,0.0,272.83,272.83,app
O900668,U301059,2026-03-22,False,0.0,152.99,152.99,app
O900669,U301060,2026-03-25,False,0.0,201.55,201.55,app
O900670,U301062,2026-03-03,False,0.0,148.54,148.54,app
O900671,U301063,2026-03-23,True,122.2,174.57,52.37,app
O900672,U301064,2026-03-01,True,140.0,294.48,154.48,app
O900673,U301065,2026-03-25,True,140.0,350.84,210.84,app
O900674,U301066,2026-03-12,True,140.0,363.26,223.26,app
O900675,U301070,2026-03-06,True,140.0,278.6,138.6,app
O900676,U301071,2026-03-02,True,101.56,145.09,43.53,app
O900677,U301071,2026-03-06,True,140.0,227.2,87.2,app
O900678,U301076,2026-03-14,False,0.0,129.16,129.16,app
O900679,U301076,2026-03-29,False,0.0,206.04,206.04,app
O900680,U301076,2026-03-14,False,0.0,219.12,219.12,app
O900681,U301079,2026-03-11,True,137.33,196.19,58.86,app
O900682,U301081,2026-03-27,True,140.0,257.01,117.01,app
O900683,U301081,2026-03-08,True,140.0,245.36,105.36,app
O900684,U301085,2026-03-16,False,0.0,313.69,313.69,app
O900685,U301085,2026-03-29,False,0.0,213.22,213.22,app
O900686,U301086,2026-03-20,True,84.31,120.44,36.13,app
O900687,U301086,2026-03-11,True,140.0,283.17,143.17,app
O900688,U301087,2026-03-08,False,0.0,297.44,297.44,app
O900689,U301089,2026-03-26,True,140.0,260.87,120.87,app
O900690,U301089,2026-03-05,True,140.0,-271.25,131.25,app
O900691,U301090,2026-03-21,False,0.0,303.98,303.98,app
O900692,U301093,2026-03-19,False,0.0,229.44,229.44,app
O900693,U301095,2026-03-02,False,0.0,259.65,259.65,app
O900694,U301098,2026-03-10,False,0.0,243.28,243.28,app
O900695,U301099,2026-03-14,False,0.0,255.34,255.34,app
O900696,U301100,2026-03-06,True,137.93,197.04,59.11,app
O900697,U301101,2026-03-03,False,0.0,131.74,131.74,app
O900698,U301102,2026-03-04,True,115.38,164.82,49.45,app
O900699,U301103,2026-03-01,False,0.0,215.22,215.22,app
O900700,U301104,2026-03-15,False,0.0,260.89,260.89,app
O900701,U301105,2026-03-27,True,133.22,190.32,57.09,app
O900702,U301107,2026-03-17,True,114.29,163.28,48.98,app
O900703,U301111,2026-03-06,True,138.95,198.5,59.55,app
O900704,U301112,2026-03-13,False,0.0,177.83,177.83,app
O900705,U301113,2026-03-06,True,140.0,216.47,76.47,app
O900706,U301114,2026-03-30,False,0.0,224.57,224.57,app
O900707,U301116,2026-03-19,False,0.0,153.54,153.54,app
O900708,U301122,2026-03-12,False,0.0,203.22,203.22,app
O900709,U301128,2026-03-18,True,127.42,182.02,54.61,app
O900710,U301129,2026-03-16,True,106.74,152.48,45.74,web
O900711,U301131,2026-03-10,True,136.77,195.38,58.62,app
O900712,U301132,2026-03-17,False,0.0,131.2,131.2,web
O900713,U301133,2026-03-17,True,140.0,247.47,107.47,app
O900714,U301134,2026-03-21,False,0.0,291.66,291.66,app
O900715,U301135,2026-03-18,True,129.47,184.96,55.49,app
O900716,U301136,2026-03-08,False,0.0,207.39,207.39,app
O900717,U301136,2026-03-09,False,0.0,206.03,206.03,app
O900718,U301138,2026-03-03,True,87.07,124.38,37.31,app
O900719,U301139,2026-03-13,True,140.0,312.96,172.96,app
O900720,U301141,2026-03-11,False,0.0,252.52,252.52,app
O900721,U301141,2026-03-06,False,0.0,147.34,147.34,app
O900722,U301142,2026-03-26,True,140.0,229.2,89.2,app
O900723,U301145,2026-03-21,False,0.0,232.0,232.0,app
O900724,U301146,2026-03-08,False,0.0,185.44,185.44,app
O900725,U301150,2026-03-18,True,140.0,242.73,102.73,web
O900726,U301151,2026-03-22,True,104.83,149.76,44.93,app
O900727,U301153,2026-03-17,True,140.0,234.67,94.67,app
O900728,U301154,2026-03-15,False,0.0,185.78,185.78,app
O900729,U301155,2026-03-15,False,0.0,120.81,120.81,web
O900730,U301155,2026-03-19,False,0.0,249.81,249.81,app
O900731,U301157,2026-03-06,True,140.0,270.12,130.12,
O900732,U301160,2026-03-14,True,126.69,180.98,54.29,web
O900733,U301164,2026-03-17,True,140.0,227.84,87.84,app
O900734,U301165,2026-03-01,True,140.0,273.88,133.88,app
O900735,U301166,2026-03-16,False,0.0,257.66,257.66,app
O900736,U301166,2026-03-26,False,0.0,304.97,304.97,app
O900737,U301167,2026-03-04,False,0.0,149.48,149.48,app
O900738,U301169,2026-03-29,False,0.0,298.49,298.49,app
O900739,U301172,2026-03-28,False,0.0,228.87,228.87,app
O900740,U301173,2026-03-13,True,98.62,140.89,42.27,app
O900741,U301174,2026-03-22,False,0.0,294.29,294.29,app
O900742,U301174,2026-03-09,False,0.0,211.54,211.54,app
O900743,U301175,2026-03-01,False,0.0,261.75,261.75,app
O900744,U301178,2026-03-18,False,0.0,218.18,218.18,app
O900745,U301179,2026-03-18,True,115.36,164.79,49.44,web
O900746,U301181,2026-03-10,True,69.3,99.0,29.7,app
O900747,U301181,2026-03-01,True,140.0,273.92,133.92,app
O900748,U301182,2026-03-04,False,0.0,199.07,199.07,app
O900749,U301185,2026-03-26,False,0.0,148.45,148.45,app
O900750,U301188,2026-03-15,True,140.0,276.03,136.03,web
O900751,U301191,2026-03-07,True,132.42,189.18,56.75,app
O900752,U301192,2026-03-23,False,0.0,228.96,228.96,app
O900753,U301192,2026-03-08,False,0.0,109.4,109.4,app
O900754,U301193,2026-03-09,False,0.0,99.0,99.0,app
O900755,U301196,2026-03-26,True,140.0,288.03,148.03,app
O900756,U301197,2026-03-07,False,0.0,273.88,273.88,app
O900757,U301197,2026-03-19,False,0.0,204.75,204.75,
O900758,U301197,2026-03-03,False,0.0,295.98,295.98,app
O900759,U301199,2026-03-26,False,0.0,191.0,191.0,app
O900760,U301200,2026-03-08,False,0.0,182.22,182.22,app
O900761,U301202,2026-03-15,True,122.96,175.65,52.7,app
O900762,U301202,2026-03-01,True,140.0,299.31,159.31,app
O900763,U301203,2026-03-06,False,0.0,276.84,276.84,app
O900764,U301204,2026-03-09,False,0.0,113.7,113.7,app
O900765,U301206,2026-03-04,False,0.0,158.03,158.03,app
O900766,U301206,2026-03-12,False,0.0,291.62,291.62,app
O900767,U301207,2026-03-30,True,140.0,303.01,163.01,app
O900768,U301208,2026-03-29,True,140.0,281.18,141.18,app
O900769,U301210,2026-03-05,False,0.0,283.08,283.08,app
O900770,U301210,2026-03-17,False,0.0,258.14,258.14,app
O900771,U301212,2026-03-30,True,122.44,174.91,52.47,app
O900772,U301213,2026-03-13,False,0.0,249.69,249.69,app
O900773,U301214,2026-03-23,True,84.29,120.41,36.12,app
O900774,U301215,2026-03-15,False,0.0,290.48,290.48,app
O900775,U301217,2026-03-10,True,140.0,264.02,124.02,app
O900776,U301217,2026-03-02,True,105.28,150.39,45.12,app
O900777,U301218,2026-03-20,True,140.0,219.5,79.5,app
O900778,U301221,2026-03-23,True,140.0,275.44,135.44,app
O900779,U301221,2026-03-18,True,118.32,169.03,50.71,app
O900780,U301223,2026-03-21,False,0.0,268.01,268.01,app
O900781,U301224,2026-03-23,True,113.08,161.55,48.46,app
O900782,U301224,2026-03-29,True,134.82,192.6,57.78,web
O900783,U301225,2026-03-23,True,132.56,189.38,56.81,app
O900784,U301228,2026-03-10,False,0.0,169.56,169.56,app
O900785,U301229,2026-03-11,True,140.0,302.11,162.11,app
O900786,U301232,2026-03-14,True,140.0,222.62,82.62,app
O900787,U301234,2026-03-24,True,140.0,230.4,90.4,app
O900788,U301234,2026-03-10,True,138.38,197.69,59.31,app
O900789,U301236,2026-03-17,False,0.0,194.33,194.33,app
O900790,U301238,2026-03-22,True,118.28,168.96,50.69,app
O900791,U301238,2026-03-17,True,140.0,228.26,88.26,app
O900792,U301239,2026-03-10,False,0.0,247.94,247.94,app
O900793,U301241,2026-03-19,False,0.0,145.9,145.9,app
O900794,U301242,2026-03-12,True,140.0,232.85,92.85,app
O900795,U301245,2026-03-03,True,69.3,99.0,29.7,app
O900796,U301245,2026-03-06,True,133.28,190.4,57.12,app
O900797,U301247,2026-03-10,True,94.56,135.09,40.53,app
O900798,U301247,2026-03-21,True,140.0,295.9,155.9,app
O900799,U301247,2026-03-25,True,140.0,294.71,154.71,app
O900800,U301249,2026-03-28,False,0.0,256.05,256.05,app
O900801,U301249,2026-03-15,False,0.0,176.89,176.89,app
O900802,U301250,2026-03-07,True,140.0,243.08,103.08,app
O900803,U301251,2026-03-30,False,0.0,212.45,212.45,app
O900804,U301253,2026-03-03,False,0.0,159.07,159.07,app
O900805,U301254,2026-03-16,True,140.0,214.46,74.46,app
O900806,U301258,2026-03-23,True,140.0,274.71,134.71,app
O900807,U301259,2026-03-27,True,121.84,174.05,52.22,app
O900808,U301260,2026-03-14,True,123.54,176.48,52.95,app
O900809,U301261,2026-03-09,True,91.82,131.17,39.35,app
O900810,U301265,2026-03-18,True,140.0,280.6,140.6,app
O900811,U301265,2026-03-05,True,120.11,171.58,51.47,app
O900812,U301266,2026-03-10,True,140.0,276.75,136.75,web
O900813,U301266,2026-03-11,True,138.42,197.74,59.32,app
O900814,U301267,2026-03-27,False,0.0,188.72,188.72,app
O900815,U301267,2026-03-02,False,0.0,302.95,302.95,app
O900816,U301271,2026-03-02,True,140.0,271.86,131.86,app
O900817,U301271,2026-03-02,True,93.29,133.27,39.98,web
O900818,U301272,2026-03-23,True,123.47,176.38,52.92,app
O900819,U301275,2026-03-23,False,0.0,140.14,140.14,app
O900820,U301276,2026-03-17,True,140.0,228.94,88.94,app
O900821,U301278,2026-03-25,False,0.0,99.0,99.0,app
O900822,U301280,2026-03-14,False,0.0,290.14,290.14,app
O900823,U301282,2026-03-07,True,134.54,192.2,57.66,web
O900824,U301283,2026-03-11,False,0.0,242.8,242.8,app
O900825,U301284,2026-03-22,False,0.0,252.29,252.29,web
O900826,U301285,2026-03-30,True,124.14,177.34,53.2,app
O900827,U301287,2026-03-17,True,140.0,246.8,106.8,app
O900828,U301289,2026-03-27,True,113.47,162.1,48.63,app
O900829,U301293,2026-03-21,False,0.0,290.89,290.89,app
O900830,U301295,2026-03-30,True,140.0,224.23,84.23,app
O900831,U301299,2026-03-10,True,109.54,156.49,46.95,app
O900832,U301299,2026-03-26,True,112.85,161.21,48.36,app
O900833,U301305,2026-03-13,False,0.0,178.89,178.89,app
O900834,U301306,2026-03-09,True,140.0,309.68,169.68,app
O900835,U301306,2026-03-18,True,140.0,218.31,78.31,app
O900836,U301307,2026-03-02,True,140.0,246.24,106.24,app
O900837,U301308,2026-03-23,True,140.0,210.55,70.55,app
O900838,U301309,2026-03-06,True,140.0,234.05,94.05,app
O900839,U301310,2026-03-10,True,140.0,248.06,108.06,app
O900840,U301313,2026-03-15,True,140.0,301.87,161.87,app
O900841,U301325,2026-03-19,True,136.85,195.51,58.65,app
O900842,U301327,2026-03-07,True,93.33,133.33,40.0,app
O900843,U301328,2026-03-16,True,140.0,232.6,92.6,app
O900844,U301329,2026-03-18,True,136.81,195.44,58.63,app
O900845,U301330,2026-03-09,True,124.36,177.65,53.3,app
O900846,U301334,2026-03-03,True,138.64,198.06,59.42,app
O900847,U301336,2026-03-08,True,140.0,242.75,102.75,app
O900848,U301336,2026-03-15,True,140.0,268.15,128.15,app
O900849,U301336,2026-03-25,True,140.0,266.55,126.55,app
O900850,U301336,2026-03-19,True,110.3,157.58,47.27,app
O900851,U301341,2026-03-03,True,98.27,140.39,42.12,app
O900852,U301345,2026-03-13,True,140.0,309.36,169.36,app
O900853,U301345,2026-03-07,True,140.0,344.15,204.15,app
O900854,U301352,2026-03-08,True,108.51,155.01,46.5,app
O900855,U301357,2026-03-26,False,0.0,99.0,99.0,
O900856,U301357,2026-03-21,False,0.0,221.76,221.76,app
O900857,U301357,2026-03-23,False,0.0,254.0,254.0,app
O900858,U301357,2026-03-14,False,0.0,215.47,215.47,app
O900859,U301358,2026-03-13,True,140.0,276.64,136.64,app
O900860,U301359,2026-03-07,False,0.0,265.56,265.56,app
O900861,U301359,2026-03-11,False,0.0,253.25,253.25,app
O900862,U301360,2026-03-07,False,0.0,247.75,247.75,app
O900863,U301363,2026-03-25,True,140.0,234.88,94.88,app
O900864,U301363,2026-03-22,True,140.0,261.22,121.22,app
O900865,U301365,2026-03-28,False,0.0,207.88,207.88,app
O900866,U301367,2026-03-11,False,0.0,166.49,166.49,app
O900867,U301371,2026-03-18,False,0.0,311.3,311.3,app
O900868,U301373,2026-03-09,False,0.0,235.3,235.3,app
O900869,U301376,2026-03-03,False,0.0,432.17,432.17,app
O900870,U301377,2026-03-04,True,140.0,242.89,102.89,app
O900871,U301379,2026-03-26,True,122.96,175.65,52.7,app
O900872,U301380,2026-03-06,True,140.0,224.96,84.96,app
O900873,U301381,2026-03-24,True,140.0,289.32,149.32,
O900874,U301385,2026-03-15,True,140.0,250.86,110.86,app
O900875,U301385,2026-03-06,True,140.0,296.63,156.63,
O900876,U301387,2026-03-07,False,0.0,308.48,308.48,app
O900877,U301391,2026-03-14,True,140.0,220.36,80.36,app
O900878,U301393,2026-03-16,False,0.0,352.2,352.2,app
O900879,U301398,2026-03-24,True,140.0,214.95,74.95,web
O900880,U301400,2026-03-06,True,138.04,197.2,59.16,app
O900881,U301402,2026-03-17,False,0.0,160.46,160.46,app
O900882,U301404,2026-03-09,True,140.0,202.12,62.12,app
O900883,U301405,2026-03-06,True,139.45,199.22,59.77,web
O900884,U301406,2026-03-19,True,140.0,283.13,143.13,app
O900885,U301408,2026-03-18,True,140.0,262.42,122.42,app
O900886,U301410,2026-03-19,True,140.0,291.34,151.34,app
O900887,U301411,2026-03-10,True,117.03,167.19,50.16,app
O900888,U301412,2026-03-16,True,134.14,191.63,57.49,app
O900889,U301412,2026-03-02,True,130.59,186.55,55.97,app
O900890,U301416,2026-03-09,False,0.0,255.13,255.13,app
O900891,U301416,2026-03-10,False,0.0,249.23,249.23,app
O900892,U301416,2026-03-12,False,0.0,203.28,203.28,app
O900893,U301418,2026-03-24,False,0.0,127.48,127.48,app
O900894,U301418,2026-03-25,False,0.0,99.0,99.0,app
O900895,U301421,2026-03-12,True,140.0,221.0,81.0,app
O900896,U301421,2026-03-17,True,75.18,107.41,32.22,web
O900897,U301421,2026-03-16,True,140.0,289.54,149.54,app
O900898,U301422,2026-03-03,False,0.0,226.51,226.51,app
O900899,U301423,2026-03-01,False,0.0,154.31,154.31,app
O900900,U301425,2026-03-21,False,0.0,155.0,155.0,app
O900901,U301428,2026-03-06,False,0.0,230.79,230.79,app
O900902,U301429,2026-03-02,True,93.18,133.11,39.93,app
O900903,U301431,2026-03-09,False,0.0,165.78,165.78,app
O900904,U301433,2026-03-28,True,95.97,137.1,41.13,app
O900905,U301434,2026-03-02,False,0.0,305.52,305.52,app
O900906,U301434,2026-03-03,False,0.0,205.37,205.37,app
O900907,U301435,2026-03-14,False,0.0,283.67,283.67,app
O900908,U301435,2026-03-07,False,0.0,205.54,205.54,app
O900909,U301435,2026-03-27,False,0.0,252.97,252.97,app
O900910,U301439,2026-03-18,True,140.0,228.41,88.41,app
O900911,U301442,2026-03-27,True,140.0,248.63,108.63,app
O900912,U301442,2026-03-23,True,140.0,337.52,197.52,app
O900913,U301442,2026-03-16,True,140.0,280.91,140.91,app
O900914,U301444,2026-03-10,True,140.0,224.17,84.17,app
O900915,U301448,2026-03-20,False,0.0,181.52,181.52,web
O900916,U301451,2026-03-21,False,0.0,210.35,210.35,web
O900917,U301452,2026-03-18,False,0.0,352.18,352.18,app
O900918,U301454,2026-03-09,True,140.0,275.95,135.95,app
O900919,U301458,2026-03-20,False,0.0,261.76,261.76,app
O900920,U301459,2026-03-15,True,140.0,350.06,210.06,app
O900921,U301463,2026-03-17,True,132.23,188.9,56.67,app
O900922,U301465,2026-03-12,False,0.0,358.72,358.72,app
O900923,U301466,2026-03-04,False,0.0,144.82,144.82,app
O900924,U301466,2026-03-28,False,0.0,172.15,172.15,
O900925,U301470,2026-03-08,False,0.0,285.46,285.46,app
O900926,U301476,2026-03-22,True,140.0,307.75,167.75,app
O900927,U301478,2026-03-20,False,0.0,284.84,284.84,app
O900928,U301479,2026-03-07,True,107.1,153.0,45.9,web
O900929,U301483,2026-03-09,True,94.47,134.95,40.49,app
O900930,U301484,2026-03-03,True,76.28,108.96,32.69,app
O900931,U301485,2026-03-25,False,0.0,294.99,294.99,app
O900932,U301485,2026-03-02,False,0.0,287.61,287.61,app
O900933,U301486,2026-03-30,False,0.0,196.07,196.07,app
O900934,U301488,2026-03-20,False,0.0,258.23,258.23,app
O900935,U301489,2026-03-14,False,0.0,272.13,272.13,app
O900936,U301490,2026-03-11,True,140.0,250.62,110.62,app
O900937,U301493,2026-03-21,True,140.0,252.67,112.67,app
O900938,U301495,2026-03-16,False,0.0,204.64,204.64,app
O900939,U301497,2026-03-02,True,140.0,244.89,104.89,app
O900940,U301497,2026-03-03,True,140.0,229.56,89.56,app
O900941,U301498,2026-03-05,True,140.0,-218.09,78.09,app
O900942,U301499,2026-03-29,True,92.2,131.71,39.51,app
O900943,U301501,2026-03-22,True,140.0,275.36,135.36,
O900944,U301506,2026-03-13,True,112.57,160.81,48.24,app
O900945,U301506,2026-03-30,True,120.87,172.68,51.8,app
O900946,U301506,2026-03-22,True,132.93,189.9,56.97,app
O900947,U301507,2026-03-11,False,0.0,153.04,153.04,app
O900948,U301508,2026-03-16,False,0.0,217.88,217.88,app
O900949,U301508,2026-03-13,False,0.0,197.64,197.64,app
O900950,U301510,2026-03-21,False,0.0,187.61,187.61,web
O900951,U301512,2026-03-18,True,140.0,275.34,135.34,app
O900952,U301512,2026-03-19,True,93.65,133.78,40.13,app
O900953,U301513,2026-03-03,True,140.0,221.37,81.37,app
O900954,U301515,2026-03-21,True,107.31,153.3,45.99,app
O900955,U301515,2026-03-17,True,130.9,186.99,56.1,app
O900956,U301515,2026-03-09,True,140.0,218.5,78.5,app
O900957,U301516,2026-03-19,False,0.0,272.34,272.34,app
O900958,U301520,2026-03-04,True,116.6,166.57,49.97,app
O900959,U301521,2026-03-01,True,140.0,225.1,85.1,app
O900960,U301523,2026-03-24,False,0.0,192.61,192.61,
O900961,U301524,2026-03-11,True,140.0,295.07,155.07,app
O900962,U301525,2026-03-21,True,140.0,284.95,144.95,app
O900963,U301526,2026-03-08,False,0.0,225.93,225.93,web
O900964,U301527,2026-03-02,False,0.0,199.55,199.55,app
O900965,U301527,2026-03-20,False,0.0,168.78,168.78,app
O900966,U301530,2026-03-19,True,140.0,230.49,90.49,app
O900967,U301531,2026-03-25,False,0.0,-287.84,287.84,app
O900968,U301535,2026-03-27,True,133.37,190.52,57.16,app
O900969,U301535,2026-03-15,True,140.0,269.36,129.36,app
O900970,U301536,2026-03-23,False,0.0,302.14,302.14,app
O900971,U301537,2026-03-17,True,129.06,184.37,55.31,app
O900972,U301541,2026-03-26,True,140.0,296.11,156.11,app
O900973,U301542,2026-03-16,True,138.61,198.01,59.4,app
O900974,U301544,2026-03-16,False,0.0,316.11,316.11,app
O900975,U301544,2026-03-09,False,0.0,232.46,232.46,app
O900976,U301547,2026-03-17,True,140.0,326.2,186.2,app
O900977,U301548,2026-03-06,False,0.0,264.09,264.09,app
O900978,U301550,2026-03-10,False,0.0,127.29,127.29,app
O900979,U301551,2026-03-08,False,0.0,161.34,161.34,app
O900980,U301552,2026-03-16,False,0.0,140.75,140.75,app
O900981,U301553,2026-03-11,True,140.0,280.37,140.37,app
O900982,U301553,2026-03-18,True,140.0,219.91,79.91,web
O900983,U301553,2026-03-30,True,140.0,370.78,230.78,app
O900984,U301554,2026-03-23,False,0.0,266.35,266.35,app
O900985,U301554,2026-03-26,False,0.0,315.25,315.25,app
O900986,U301557,2026-03-12,False,0.0,311.76,311.76,app
O900987,U301558,2026-03-16,True,140.0,267.74,127.74,app
O900988,U301560,2026-03-23,True,69.3,99.0,29.7,app
O900989,U301560,2026-03-18,True,140.0,214.18,74.18,app
O900990,U301560,2026-03-20,True,69.3,99.0,29.7,app
O900991,U301561,2026-03-17,True,140.0,231.75,91.75,web
O900992,U301562,2026-03-12,True,140.0,239.13,99.13,app
O900993,U301562,2026-03-14,True,70.58,100.82,30.25,app
O900994,U301563,2026-03-20,False,0.0,226.9,226.9,app
O900995,U301564,2026-03-18,False,0.0,170.96,170.96,app
O900996,U301564,2026-03-30,False,0.0,268.47,268.47,app
O900997,U301564,2026-03-02,False,0.0,178.99,178.99,app
O900998,U301567,2026-03-21,True,108.85,155.49,46.65,app
O900999,U301567,2026-03-26,True,131.3,187.57,56.27,app
O901000,U301568,2026-03-08,True,107.06,152.94,45.88,app
O901001,U301568,2026-03-22,True,91.31,130.44,39.13,app
O901002,U301568,2026-03-16,True,140.0,225.08,85.08,app
O901003,U301569,2026-03-20,False,0.0,200.24,200.24,app
O901004,U301569,2026-03-01,False,0.0,144.84,144.84,app
O901005,U301571,2026-03-27,False,0.0,369.93,369.93,app
O901006,U301572,2026-03-14,False,0.0,159.72,159.72,app
O901007,U301573,2026-03-17,False,0.0,203.1,203.1,app
O901008,U301574,2026-03-18,True,91.82,131.18,39.35,app
O901009,U301578,2026-03-27,False,0.0,254.5,254.5,app
O901010,U301579,2026-03-13,True,140.0,231.54,91.54,app
O901011,U301582,2026-03-20,True,140.0,256.82,116.82,app
O901012,U301583,2026-03-12,True,137.86,196.94,59.08,app
O901013,U301583,2026-03-09,True,140.0,308.38,168.38,app
O901014,U301585,2026-03-13,True,140.0,269.19,129.19,app
O901015,U301585,2026-03-29,True,124.02,177.18,53.15,app
O901016,U301589,2026-03-19,False,0.0,264.71,264.71,app
O901017,U301593,2026-03-16,False,0.0,227.37,227.37,app
O901018,U301598,2026-03-23,False,0.0,256.71,256.71,app
O901019,U301599,2026-03-05,True,140.0,290.05,150.05,app
O901020,U301600,2026-03-09,True,140.0,270.69,130.69,web
O901021,U301602,2026-03-06,False,0.0,237.97,237.97,app
O901022,U301603,2026-03-10,True,79.86,114.09,34.23,app
O901023,U301608,2026-03-20,True,69.3,99.0,29.7,app
O901024,U301609,2026-03-11,True,140.0,200.9,60.9,app
O901025,U301609,2026-03-23,True,140.0,242.28,102.28,app
O901026,U301616,2026-03-11,True,116.36,166.23,49.87,app
O901027,U301618,2026-03-11,True,140.0,209.95,69.95,app
O901028,U301619,2026-03-09,True,140.0,351.54,211.54,web
O901029,U301620,2026-03-07,False,0.0,208.58,208.58,app
O901030,U301622,2026-03-26,True,122.04,174.34,52.3,app
O901031,U301623,2026-03-29,False,0.0,199.68,199.68,app
O901032,U301623,2026-03-07,False,0.0,197.42,197.42,web
O901033,U301628,2026-03-03,True,118.45,169.22,50.77,app
O901034,U301629,2026-03-06,False,0.0,191.64,191.64,app
O901035,U301632,2026-03-02,False,0.0,277.62,277.62,app
O901036,U301633,2026-03-18,True,140.0,240.4,100.4,app
O901037,U301635,2026-03-11,True,130.28,186.12,55.84,app
O901038,U301635,2026-03-14,True,140.0,279.69,139.69,app
O901039,U301636,2026-03-19,False,0.0,112.88,112.88,app
O901040,U301638,2026-03-03,True,140.0,273.28,133.28,app
O901041,U301639,2026-03-05,True,140.0,308.89,168.89,app
O901042,U301641,2026-03-17,True,140.0,228.47,88.47,app
O901043,U301645,2026-03-20,False,0.0,132.21,132.21,app
O901044,U301647,2026-03-28,True,82.36,117.66,35.3,app
O901045,U301649,2026-03-15,False,0.0,279.6,279.6,app
O901046,U301649,2026-03-18,False,0.0,99.0,99.0,
O901047,U301653,2026-03-07,False,0.0,230.0,230.0,app
O901048,U301654,2026-03-27,True,78.74,112.48,33.74,app
O901049,U301656,2026-03-24,False,0.0,195.05,195.05,app
O901050,U301657,2026-03-15,True,140.0,339.91,199.91,app
O901051,U301659,2026-03-18,False,0.0,225.69,225.69,app
O901052,U301659,2026-03-11,False,0.0,249.13,249.13,app
O901053,U301660,2026-03-25,True,114.42,163.45,49.04,app
O901054,U301664,2026-03-01,False,0.0,145.87,145.87,app
O901055,U301665,2026-03-02,False,0.0,268.77,268.77,app
O901056,U301667,2026-03-30,True,140.0,281.16,141.16,app
O901057,U301668,2026-03-02,True,140.0,336.65,196.65,app
O901058,U301669,2026-03-25,True,140.0,268.31,128.31,app
O901059,U301669,2026-03-19,True,140.0,223.95,83.95,app
O901060,U301672,2026-03-08,True,140.0,221.63,81.63,app
O901061,U301673,2026-03-27,False,0.0,242.83,242.83,app
O901062,U301673,2026-03-21,False,0.0,317.48,317.48,app
O901063,U301685,2026-03-19,True,140.0,252.21,112.21,app
O901064,U301685,2026-03-25,True,140.0,204.05,64.05,web
O901065,U301688,2026-03-17,True,86.39,123.41,37.02,app
O901066,U301688,2026-03-09,True,98.94,141.35,42.4,app
O901067,U301689,2026-03-13,True,140.0,203.98,63.98,app
O901068,U301690,2026-03-06,True,140.0,230.16,90.16,app
O901069,U301692,2026-03-21,True,140.0,222.21,82.21,app
O901070,U301692,2026-03-19,True,140.0,327.63,187.63,app
O901071,U301696,2026-03-14,True,140.0,218.52,78.52,app
O901072,U301696,2026-03-20,True,83.18,118.82,35.65,app
O901073,U301699,2026-03-22,True,140.0,286.29,146.29,app
O901074,U301704,2026-03-27,True,140.0,201.95,61.95,app
O901075,U301704,2026-03-02,True,138.27,197.52,59.26,app
O901076,U301705,2026-03-25,False,0.0,209.09,209.09,app
O901077,U301705,2026-03-16,False,0.0,192.69,192.69,app
O901078,U301706,2026-03-02,False,0.0,284.81,284.81,app
O901079,U301711,2026-03-14,True,132.05,188.64,56.59,app
O901080,U301713,2026-03-15,True,140.0,217.81,77.81,app
O901081,U301714,2026-03-18,False,0.0,-213.76,213.76,app
O901082,U301715,2026-03-05,True,107.16,153.09,45.93,app
O901083,U301716,2026-03-09,True,140.0,252.95,112.95,app
O901084,U301716,2026-03-24,True,140.0,255.49,115.49,app
O901085,U301716,2026-03-30,True,140.0,245.45,105.45,app
O901086,U301717,2026-03-26,False,0.0,241.48,241.48,app
O901087,U301719,2026-03-22,False,0.0,165.97,165.97,app
O901088,U301720,2026-03-21,False,0.0,229.09,229.09,app
O901089,U301722,2026-03-06,True,80.27,114.66,34.4,app
O901090,U301722,2026-03-22,True,140.0,279.64,139.64,app
O901091,U301724,2026-03-16,False,0.0,221.26,221.26,app
O901092,U301724,2026-03-02,False,0.0,190.09,190.09,
O901093,U301726,2026-03-24,False,0.0,195.74,195.74,web
O901094,U301726,2026-03-04,False,0.0,242.62,242.62,app
O901095,U301729,2026-03-27,False,0.0,244.94,244.94,app
O901096,U301734,2026-03-26,False,0.0,239.77,239.77,app
O901097,U301735,2026-03-29,True,140.0,245.57,105.57,app
O901098,U301738,2026-03-28,False,0.0,337.11,337.11,web
O901099,U301741,2026-03-12,False,0.0,305.07,305.07,app
O901100,U301741,2026-03-06,False,0.0,188.7,188.7,app
O901101,U301743,2026-03-01,False,0.0,148.33,148.33,app
O901102,U301743,2026-03-08,False,0.0,273.83,273.83,app
O901103,U301744,2026-03-05,True,140.0,200.28,60.28,web
O901104,U301750,2026-03-29,False,0.0,208.63,208.63,app
O901105,U301751,2026-03-01,True,140.0,253.71,113.71,app
O901106,U301751,2026-03-15,True,69.3,99.0,29.7,app
O901107,U301751,2026-03-19,True,135.85,194.07,58.22,web
O901108,U301752,2026-03-18,False,0.0,123.4,123.4,app
O901109,U301752,2026-03-16,False,0.0,138.91,138.91,app
O901110,U301754,2026-03-21,False,0.0,276.69,276.69,app
O901111,U301755,2026-03-15,True,140.0,219.61,79.61,app
O901112,U301755,2026-03-23,True,140.0,220.68,80.68,web
O901113,U301755,2026-03-27,True,140.0,305.57,165.57,app
O901114,U301756,2026-03-15,True,140.0,249.26,109.26,app
O901115,U301756,2026-03-20,True,140.0,274.98,134.98,app
O901116,U301758,2026-03-27,False,0.0,199.02,199.02,app
O901117,U301759,2026-03-19,False,0.0,190.45,190.45,app
O901118,U301761,2026-03-13,False,0.0,208.53,208.53,app
O901119,U301761,2026-03-10,False,0.0,182.47,182.47,app
O901120,U301762,2026-03-20,True,97.59,139.42,41.82,app
O901121,U301767,2026-03-27,True,89.21,127.44,38.23,app
O901122,U301768,2026-03-09,False,0.0,-201.14,201.14,app
O901123,U301768,2026-03-02,False,0.0,143.26,143.26,app
O901124,U301768,2026-03-26,False,0.0,181.45,181.45,app
O901125,U301768,2026-03-14,False,0.0,269.95,269.95,app
O901126,U301770,2026-03-23,True,140.0,267.51,127.51,app
O901127,U301772,2026-03-11,False,0.0,246.04,246.04,web
O901128,U301776,2026-03-21,True,140.0,203.62,63.62,app
O901129,U301778,2026-03-23,True,138.61,198.02,59.41,app
O901130,U301778,2026-03-16,True,140.0,252.62,112.62,app
O901131,U301781,2026-03-07,False,0.0,251.7,251.7,app
O901132,U301782,2026-03-30,False,0.0,154.55,154.55,app
O901133,U301784,2026-03-04,False,0.0,179.1,179.1,app
O901134,U301784,2026-03-24,False,0.0,255.31,255.31,app
O901135,U301788,2026-03-20,False,0.0,220.72,220.72,app
O901136,U301790,2026-03-21,True,140.0,287.55,147.55,app
O901137,U301790,2026-03-23,True,140.0,233.51,93.51,
O901138,U301791,2026-03-01,False,0.0,201.9,201.9,app
O901139,U301791,2026-03-05,False,0.0,219.0,219.0,app
O901140,U301793,2026-03-10,True,140.0,347.08,207.08,web
O901141,U301794,2026-03-17,True,140.0,293.79,153.79,app
O901142,U301795,2026-03-14,False,0.0,268.06,268.06,web
O901143,U301796,2026-03-16,False,0.0,224.11,224.11,app
O901144,U301798,2026-03-25,False,0.0,246.29,246.29,app
O901145,U301800,2026-03-27,False,0.0,197.62,197.62,app
O901146,U301800,2026-03-14,False,0.0,167.65,167.65,app
O901147,U301801,2026-03-21,False,0.0,224.28,224.28,app
O901148,U301802,2026-03-13,True,125.73,179.61,53.88,app
O901149,U301802,2026-03-05,True,140.0,357.34,217.34,app
O901150,U301804,2026-03-23,True,140.0,280.41,140.41,app
O901151,U301809,2026-03-22,True,140.0,264.62,124.62,app
O901152,U301814,2026-03-25,False,0.0,190.05,190.05,app
O901153,U301814,2026-03-10,False,0.0,307.66,307.66,app
O901154,U301815,2026-03-08,False,0.0,254.85,254.85,app
O901155,U301815,2026-03-23,False,0.0,233.25,233.25,app
O901156,U301817,2026-03-10,False,0.0,198.92,198.92,
O901157,U301819,2026-03-22,True,140.0,248.93,108.93,app
O901158,U301820,2026-03-15,True,140.0,266.37,126.37,app
O901159,U301823,2026-03-22,True,135.68,193.82,58.15,app
O901160,U301824,2026-03-07,True,135.0,192.86,57.86,app
O901161,U301824,2026-03-06,True,140.0,283.89,143.89,app
O901162,U301825,2026-03-12,True,140.0,215.69,75.69,app
O901163,U301828,2026-03-12,True,99.91,142.73,42.82,app
O901164,U301830,2026-03-21,False,0.0,164.91,164.91,app
O901165,U301834,2026-03-22,False,0.0,125.77,125.77,app
O901166,U301834,2026-03-28,False,0.0,252.36,252.36,app
O901167,U301835,2026-03-25,True,140.0,270.74,130.74,app
O901168,U301836,2026-03-09,True,91.22,130.31,39.09,app
O901169,U301837,2026-03-23,False,0.0,99.22,99.22,app
O901170,U301838,2026-03-11,True,140.0,248.34,108.34,
O901171,U301839,2026-03-08,False,0.0,315.76,315.76,app
O901172,U301840,2026-03-11,False,0.0,179.14,179.14,app
O901173,U301841,2026-03-21,True,140.0,231.25,91.25,app
O901174,U301841,2026-03-25,True,140.0,301.21,161.21,app
O901175,U301846,2026-03-05,True,134.49,192.12,57.64,app
O901176,U301846,2026-03-15,True,140.0,231.25,91.25,app
O901177,U301848,2026-03-11,False,0.0,181.91,181.91,app
O901178,U301848,2026-03-10,False,0.0,339.55,339.55,app
O901179,U301853,2026-03-24,True,140.0,316.23,176.23,app
O901180,U301854,2026-03-14,False,0.0,217.66,217.66,app
O901181,U301854,2026-03-28,False,0.0,232.08,232.08,app
O901182,U301856,2026-03-19,True,140.0,229.84,89.84,app
O901183,U301857,2026-03-02,True,101.42,144.88,43.46,app
O901184,U301858,2026-03-14,False,0.0,131.3,131.3,app
O901185,U301858,2026-03-10,False,0.0,218.2,218.2,app
O901186,U301860,2026-03-08,False,0.0,156.42,156.42,app
O901187,U301860,2026-03-06,False,0.0,134.39,134.39,app
O901188,U301861,2026-03-29,False,0.0,254.42,254.42,
O901189,U301862,2026-03-06,True,140.0,286.6,146.6,app
O901190,U301862,2026-03-07,True,140.0,250.67,110.67,app
O901191,U301864,2026-03-03,True,97.41,139.15,41.75,app
O901192,U301865,2026-03-13,False,0.0,288.05,288.05,app
O901193,U301866,2026-03-04,True,140.0,209.41,69.41,app
O901194,U301868,2026-03-06,True,140.0,207.99,67.99,app
O901195,U301869,2026-03-03,False,0.0,257.81,257.81,app
O901196,U301871,2026-03-09,False,0.0,154.71,154.71,app
O901197,U301873,2026-03-06,False,0.0,149.37,149.37,app
O901198,U301878,2026-03-11,True,69.3,99.0,29.7,app
O901199,U301878,2026-03-22,True,140.0,249.02,109.02,app
O901200,U301883,2026-03-21,False,0.0,99.0,99.0,app
O901201,U301884,2026-03-12,False,0.0,325.25,325.25,app
O901202,U301886,2026-03-07,True,73.36,104.81,31.44,app
O901203,U301886,2026-03-25,True,140.0,213.88,73.88,app
O901204,U301888,2026-03-18,True,100.02,142.88,42.86,app
O901205,U301888,2026-03-19,True,140.0,247.81,107.81,app
O901206,U301888,2026-03-04,True,140.0,287.67,147.67,app
O901207,U301888,2026-03-05,True,140.0,233.19,93.19,app
O901208,U301892,2026-03-25,True,140.0,292.65,152.65,app
O901209,U301894,2026-03-29,True,125.74,179.63,53.89,app
O901210,U301899,2026-03-12,True,140.0,211.15,71.15,app
O901211,U301899,2026-03-26,True,140.0,285.27,145.27,app
O901212,U301900,2026-03-16,False,0.0,255.98,255.98,app
O901213,U301901,2026-03-04,False,0.0,143.47,143.47,app
O901214,U301902,2026-03-20,False,0.0,173.6,173.6,app
O901215,U301903,2026-03-01,False,0.0,203.45,203.45,app
O901216,U301904,2026-03-26,True,140.0,243.96,103.96,app
O901217,U301905,2026-03-13,True,140.0,233.97,93.97,app
O901218,U301907,2026-03-18,True,105.06,150.09,45.03,app
O901219,U301908,2026-03-02,False,0.0,226.88,226.88,app
O901220,U301909,2026-03-22,True,140.0,228.0,88.0,app
O901221,U301910,2026-03-28,False,0.0,131.41,131.41,app
O901222,U301910,2026-03-18,False,0.0,286.96,286.96,app
O901223,U301913,2026-03-23,False,0.0,225.28,225.28,app
O901224,U301914,2026-03-19,True,140.0,348.9,208.9,app
O901225,U301916,2026-03-07,True,140.0,231.38,91.38,app
O901226,U301919,2026-03-22,False,0.0,-227.67,227.67,app
O901227,U301920,2026-03-18,False,0.0,199.78,199.78,app
O901228,U301921,2026-03-30,False,0.0,227.5,227.5,app
O901229,U301921,2026-03-03,False,0.0,161.6,161.6,app
O901230,U301922,2026-03-16,True,128.64,183.78,55.13,app
O901231,U301923,2026-03-27,False,0.0,203.69,203.69,app
O901232,U301924,2026-03-19,False,0.0,178.46,178.46,app
O901233,U301924,2026-03-30,False,0.0,264.3,264.3,app
O901234,U301925,2026-03-29,True,140.0,221.24,81.24,app
O901235,U301926,2026-03-09,False,0.0,191.06,191.06,app
O901236,U301927,2026-03-28,True,140.0,218.02,78.02,app
O901237,U301927,2026-03-19,True,132.98,189.98,56.99,app
O901238,U301929,2026-03-19,False,0.0,211.67,211.67,app
O901239,U301930,2026-03-19,False,0.0,183.96,183.96,app
O901240,U301933,2026-03-17,True,140.0,284.19,144.19,app
O901241,U301937,2026-03-10,False,0.0,202.98,202.98,app
O901242,U301938,2026-03-13,False,0.0,223.89,223.89,app
O901243,U301938,2026-03-02,False,0.0,198.68,198.68,app
O901244,U301939,2026-03-07,False,0.0,307.06,307.06,app
O901245,U301940,2026-03-10,True,133.48,190.68,57.2,app
O901246,U301942,2026-03-06,True,140.0,295.05,155.05,app
O901247,U301943,2026-03-06,True,140.0,259.27,119.27,app
O901248,U301944,2026-03-08,False,0.0,234.56,234.56,app
O901249,U301949,2026-03-05,True,140.0,241.27,101.27,app
O901250,U301951,2026-03-12,False,0.0,177.29,177.29,app
O901251,U301953,2026-03-24,True,140.0,213.9,73.9,app
O901252,U301955,2026-03-15,False,0.0,222.96,222.96,app
O901253,U301956,2026-03-03,True,103.79,148.27,44.48,app
O901254,U301957,2026-03-07,False,0.0,201.6,201.6,app
O901255,U301959,2026-03-02,True,104.99,149.99,45.0,app
O901256,U301959,2026-03-28,True,95.41,136.31,40.89,app
O901257,U301960,2026-03-02,True,130.5,186.43,55.93,app
O901258,U301960,2026-03-10,True,140.0,236.07,96.07,app
O901259,U301963,2026-03-23,True,140.0,282.28,142.28,app
O901260,U301964,2026-03-12,True,140.0,212.28,72.28,app
O901261,U301965,2026-03-07,True,75.45,107.78,32.33,app
O901262,U301966,2026-03-08,False,0.0,327.17,327.17,app
O901263,U301973,2026-03-20,True,140.0,221.01,81.01,web
O901264,U301975,2026-03-09,True,140.0,256.2,116.2,app
O901265,U301975,2026-03-29,True,140.0,230.33,90.33,app
O901266,U301978,2026-03-07,False,0.0,242.25,242.25,app
O901267,U301981,2026-03-01,False,0.0,204.39,204.39,app
O901268,U301982,2026-03-11,True,103.02,147.17,44.15,app
O901269,U301983,2026-03-13,False,0.0,163.57,163.57,app
O901270,U301986,2026-03-19,True,140.0,274.02,134.02,app
O901271,U301990,2026-03-14,False,0.0,166.44,166.44,app
O901272,U301992,2026-03-01,True,140.0,289.3,149.3,app
O901273,U302002,2026-03-13,False,0.0,202.6,202.6,app
O901274,U302003,2026-03-02,False,0.0,273.22,273.22,app
O901275,U302004,2026-03-19,False,0.0,198.25,198.25,app
O901276,U302005,2026-03-04,False,0.0,265.05,265.05,app
O901277,U302005,2026-03-05,False,0.0,214.04,214.04,app
O901278,U302007,2026-03-07,True,140.0,285.24,145.24,
O901279,U302012,2026-03-24,False,0.0,200.79,200.79,app
O901280,U302013,2026-03-06,False,0.0,235.39,235.39,app
O901281,U302013,2026-03-13,False,0.0,285.67,285.67,app
O901282,U302014,2026-03-06,True,89.09,127.28,38.18,app
O901283,U302015,2026-03-12,True,140.0,361.85,221.85,app
O901284,U302016,2026-03-14,True,140.0,252.23,112.23,web
O901285,U302017,2026-03-06,True,86.3,123.29,36.99,app
O901286,U302022,2026-03-29,True,140.0,223.13,83.13,app
O901287,U302022,2026-03-16,True,140.0,304.76,164.76,app
O901288,U302022,2026-03-07,True,102.54,146.48,43.95,app
O901289,U302026,2026-03-20,True,140.0,304.92,164.92,app
O901290,U302027,2026-03-09,False,0.0,176.91,176.91,app
O901291,U302029,2026-03-08,True,140.0,278.11,138.11,app
O901292,U302030,2026-03-13,False,0.0,171.03,171.03,app
O901293,U302032,2026-03-08,True,140.0,222.29,82.29,app
O901294,U302034,2026-03-02,False,0.0,287.46,287.46,app
O901295,U302037,2026-03-28,True,140.0,319.16,179.16,app
O901296,U302041,2026-03-21,True,140.0,248.98,108.98,app
O901297,U302045,2026-03-18,True,140.0,204.49,64.49,app
O901298,U302049,2026-03-16,True,140.0,282.45,142.45,app
O901299,U302049,2026-03-16,True,140.0,301.22,161.22,app
O901300,U302050,2026-03-30,False,0.0,241.05,241.05,app
O901301,U302053,2026-03-02,True,140.0,324.52,184.52,app
O901302,U302053,2026-03-19,True,140.0,241.54,101.54,app
O901303,U302056,2026-03-07,False,0.0,214.06,214.06,app
O901304,U302061,2026-03-21,False,0.0,133.73,133.73,app
O901305,U302062,2026-03-02,True,86.15,123.07,36.92,app
O901306,U302066,2026-03-12,False,0.0,207.89,207.89,app
O901307,U302067,2026-03-09,True,135.33,193.33,58.0,app
O901308,U302070,2026-03-28,False,0.0,233.16,233.16,web
O901309,U302070,2026-03-09,False,0.0,164.46,164.46,app
O901310,U302074,2026-03-29,False,0.0,192.21,192.21,app
O901311,U302075,2026-03-03,False,0.0,333.68,333.68,app
O901312,U302076,2026-03-05,True,140.0,294.0,154.0,web
O901313,U302077,2026-03-11,True,139.9,199.86,59.96,app
O901314,U302080,2026-03-04,False,0.0,184.59,184.59,app
O901315,U302082,2026-03-10,False,0.0,203.68,203.68,app
O901316,U302083,2026-03-10,False,0.0,111.21,111.21,app
O901317,U302084,2026-03-08,True,140.0,308.75,168.75,web
O901318,U302088,2026-03-18,True,126.11,180.15,54.05,app
O901319,U302090,2026-03-17,True,121.62,173.75,52.12,app
O901320,U302090,2026-03-02,True,140.0,258.12,118.12,app
O901321,U302090,2026-03-20,True,134.4,192.0,57.6,app
O901322,U302094,2026-03-13,False,0.0,296.02,296.02,app
O901323,U302096,2026-03-02,True,140.0,332.51,192.51,app
O901324,U302098,2026-03-14,False,0.0,177.7,177.7,app
O901325,U302098,2026-03-25,False,0.0,160.09,160.09,app
O901326,U302100,2026-03-06,False,0.0,261.69,261.69,app
O901327,U302101,2026-03-02,True,125.36,179.08,53.72,app
O901328,U302102,2026-03-01,True,121.94,174.2,52.26,app
O901329,U302102,2026-03-21,True,134.73,192.47,57.74,app
O901330,U302102,2026-03-22,True,81.21,116.01,34.8,app
O901331,U302104,2026-03-06,True,140.0,210.24,70.24,app
O901332,U302104,2026-03-26,True,86.97,124.24,37.27,app
O901333,U302105,2026-03-12,False,0.0,286.14,286.14,app
O901334,U302106,2026-03-22,True,125.48,179.26,53.78,app
O901335,U302109,2026-03-08,True,140.0,256.94,116.94,web
O901336,U302109,2026-03-06,True,140.0,275.49,135.49,app
O901337,U302112,2026-03-04,False,0.0,170.44,170.44,app
O901338,U302116,2026-03-30,False,0.0,223.72,223.72,app
O901339,U302117,2026-03-21,True,140.0,276.28,136.28,app
O901340,U302119,2026-03-13,True,140.0,231.68,91.68,app
O901341,U302120,2026-03-11,True,119.84,171.2,51.36,app
O901342,U302120,2026-03-12,True,127.82,182.6,54.78,app
O901343,U302123,2026-03-30,True,140.0,239.29,99.29,app
O901344,U302126,2026-03-24,True,140.0,215.55,75.55,web
O901345,U302126,2026-03-28,True,115.39,164.84,49.45,app
O901346,U302127,2026-03-29,True,79.4,113.43,34.03,app
O901347,U302127,2026-03-29,True,140.0,221.46,81.46,app
O901348,U302129,2026-03-15,False,0.0,287.97,287.97,app
O901349,U302131,2026-03-17,False,0.0,236.19,236.19,app
O901350,U302133,2026-03-04,False,0.0,183.15,183.15,app
O901351,U302133,2026-03-25,False,0.0,199.78,199.78,app
O901352,U302133,2026-03-21,False,0.0,283.74,283.74,app
O901353,U302136,2026-03-09,True,140.0,254.23,114.23,app
O901354,U302138,2026-03-22,True,140.0,201.03,61.03,app
O901355,U302139,2026-03-09,True,140.0,228.2,88.2,app
O901356,U302140,2026-03-20,False,0.0,242.75,242.75,app
O901357,U302140,2026-03-07,False,0.0,240.36,240.36,app
O901358,U302142,2026-03-04,True,140.0,243.6,103.6,app
O901359,U302142,2026-03-07,True,140.0,222.38,82.38,app
O901360,U302142,2026-03-22,True,140.0,226.31,86.31,app
O901361,U302148,2026-03-01,False,0.0,247.08,247.08,app
O901362,U302153,2026-03-23,True,85.17,121.67,36.5,app
O901363,U302153,2026-03-10,True,140.0,210.21,70.21,app
O901364,U302154,2026-03-30,True,140.0,248.58,108.58,app
O901365,U302156,2026-03-03,True,140.0,249.02,109.02,app
O901366,U302157,2026-03-20,True,105.8,151.14,45.34,app
O901367,U302161,2026-03-06,False,0.0,261.6,261.6,app
O901368,U302163,2026-03-02,False,0.0,209.75,209.75,app
O901369,U302164,2026-03-06,True,140.0,281.83,141.83,app
O901370,U302165,2026-03-04,False,0.0,212.18,212.18,app
O901371,U302167,2026-03-19,True,140.0,240.95,100.95,app
O901372,U302174,2026-03-26,False,0.0,213.6,213.6,app
O901373,U302174,2026-03-24,False,0.0,204.53,204.53,app
O901374,U302175,2026-03-21,True,105.28,150.4,45.12,app
O901375,U302175,2026-03-26,True,140.0,222.07,82.07,app
O901376,U302176,2026-03-22,False,0.0,196.22,196.22,app
O901377,U302176,2026-03-20,False,0.0,216.82,216.82,app
O901378,U302178,2026-03-19,True,136.68,195.26,58.58,app
O901379,U302185,2026-03-21,False,0.0,354.08,354.08,app
O901380,U302185,2026-03-11,False,0.0,249.22,249.22,app
O901381,U302191,2026-03-24,True,134.26,191.8,57.54,app
O901382,U302194,2026-03-17,False,0.0,265.97,265.97,app
O901383,U302194,2026-03-26,False,0.0,138.26,138.26,app
O901384,U302195,2026-03-14,True,140.0,262.72,122.72,app
O901385,U302196,2026-03-18,True,140.0,280.94,140.94,app
O901386,U302197,2026-03-08,False,0.0,297.0,297.0,app
O901387,U302197,2026-03-05,False,0.0,309.66,309.66,app
O901388,U302197,2026-03-12,False,0.0,295.03,295.03,app
O901389,U302199,2026-03-28,False,0.0,161.78,161.78,app
O901390,U302200,2026-03-24,True,140.0,284.25,144.25,app
O901391,U302205,2026-03-14,True,140.0,244.7,104.7,app
O901392,U302206,2026-03-17,True,131.34,187.62,56.29,app
O901393,U302208,2026-03-02,True,118.9,169.85,50.96,app
O901394,U302211,2026-03-03,False,0.0,209.86,209.86,app
O901395,U302213,2026-03-07,True,140.0,262.09,122.09,app
O901396,U302216,2026-03-16,False,0.0,185.87,185.87,app
O901397,U302216,2026-03-24,False,0.0,190.9,190.9,app
O901398,U302216,2026-03-07,False,0.0,242.94,242.94,app
O901399,U302219,2026-03-18,False,0.0,172.87,172.87,app
O901400,U302219,2026-03-16,False,0.0,288.81,288.81,app
O901401,U302219,2026-03-21,False,0.0,165.64,165.64,app
O901402,U302219,2026-03-27,False,0.0,267.6,267.6,app
O901403,U302220,2026-03-05,True,69.3,99.0,29.7,app
O901404,U302223,2026-03-22,False,0.0,262.64,262.64,web
O901405,U302223,2026-03-17,False,0.0,242.1,242.1,app
O901406,U302223,2026-03-20,False,0.0,201.71,201.71,app
O901407,U302225,2026-03-14,True,133.05,190.07,57.02,app
O901408,U302226,2026-03-03,True,140.0,327.46,187.46,app
O901409,U302227,2026-03-09,True,140.0,205.18,65.18,app
O901410,U302227,2026-03-04,True,140.0,251.01,111.01,app
O901411,U302229,2026-03-09,True,140.0,235.01,95.01,app
O901412,U302231,2026-03-04,False,0.0,189.88,189.88,app
O901413,U302233,2026-03-02,True,140.0,211.87,71.87,app
O901414,U302234,2026-03-29,False,0.0,335.41,335.41,web
O901415,U302235,2026-03-14,False,0.0,227.2,227.2,app
O901416,U302237,2026-03-09,False,0.0,319.6,319.6,app
O901417,U302237,2026-03-08,False,0.0,201.5,201.5,app
O901418,U302240,2026-03-24,True,140.0,207.97,67.97,app
O901419,U302242,2026-03-17,False,0.0,312.59,312.59,app
O901420,U302242,2026-03-16,False,0.0,248.67,248.67,app
O901421,U302242,2026-03-21,False,0.0,202.99,202.99,app
O901422,U302243,2026-03-05,False,0.0,256.34,256.34,app
O901423,U302244,2026-03-08,True,140.0,239.78,99.78,app
O901424,U302246,2026-03-15,True,140.0,226.92,86.92,app
O901425,U302246,2026-03-25,True,140.0,284.16,144.16,app
O901426,U302249,2026-03-18,False,0.0,184.45,184.45,app
O901427,U302250,2026-03-12,False,0.0,241.59,241.59,app
O901428,U302251,2026-03-01,True,140.0,291.02,151.02,app
O901429,U302252,2026-03-12,True,126.51,180.73,54.22,app
O901430,U302262,2026-03-08,True,123.23,176.04,52.81,app
O901431,U302262,2026-03-01,True,140.0,271.85,131.85,app
O901432,U302262,2026-03-19,True,135.46,193.52,58.06,web
O901433,U302263,2026-03-02,True,89.13,127.33,38.2,app
O901434,U302265,2026-03-06,True,140.0,258.72,118.72,app
O901435,U302267,2026-03-27,True,140.0,219.51,79.51,web
O901436,U302267,2026-03-13,True,140.0,245.51,105.51,app
O901437,U302267,2026-03-09,True,140.0,227.07,87.07,app
O901438,U302268,2026-03-25,False,0.0,194.08,194.08,app
O901439,U302269,2026-03-08,False,0.0,162.49,162.49,app
O901440,U302270,2026-03-05,True,140.0,214.06,74.06,app
O901441,U302270,2026-03-21,True,107.63,153.76,46.13,app
O901442,U302271,2026-03-06,True,140.0,216.15,76.15,app
O901443,U302272,2026-03-22,True,123.5,176.43,52.93,app
O901444,U302272,2026-03-02,True,140.0,259.72,119.72,app
O901445,U302273,2026-03-07,True,120.0,171.43,51.43,web
O901446,U302274,2026-03-09,False,0.0,301.6,301.6,app
O901447,U302274,2026-03-19,False,0.0,186.75,186.75,app
O901448,U302275,2026-03-12,True,140.0,230.48,90.48,app
O901449,U302276,2026-03-08,True,123.35,176.21,52.86,app
O901450,U302279,2026-03-24,False,0.0,186.49,186.49,app
O901451,U302279,2026-03-20,False,0.0,155.6,155.6,app
O901452,U302280,2026-03-22,False,0.0,182.64,182.64,app
O901453,U302281,2026-03-25,True,140.0,227.3,87.3,app
O901454,U302282,2026-03-16,False,0.0,222.62,222.62,app
O901455,U302283,2026-03-30,True,116.68,166.69,50.01,web
O901456,U302283,2026-03-16,True,138.57,197.95,59.39,app
O901457,U302284,2026-03-08,True,140.0,251.75,111.75,app
O901458,U302287,2026-03-26,True,140.0,257.46,117.46,app
O901459,U302290,2026-03-16,True,140.0,336.41,196.41,app
O901460,U302290,2026-03-13,True,129.22,184.6,55.38,app
O901461,U302294,2026-03-06,False,0.0,245.72,245.72,app
O901462,U302295,2026-03-16,False,0.0,200.41,200.41,app
O901463,U302297,2026-03-30,True,140.0,269.6,129.6,app
O901464,U302298,2026-03-14,True,140.0,234.18,94.18,app
O901465,U302298,2026-03-01,True,140.0,228.73,88.73,app
O901466,U302299,2026-03-15,True,140.0,229.8,89.8,app
O901467,U302300,2026-03-12,False,0.0,103.3,103.3,web
O901468,U302301,2026-03-05,False,0.0,99.0,99.0,app
O901469,U302302,2026-03-21,True,82.26,117.51,35.25,app
O901470,U302303,2026-03-27,True,140.0,263.3,123.3,app
O901471,U302303,2026-03-14,True,116.81,166.87,50.06,app
O901472,U302304,2026-03-01,False,0.0,331.19,331.19,app
O901473,U302306,2026-03-23,True,121.9,174.14,52.24,web
O901474,U302309,2026-03-29,False,0.0,225.24,225.24,app
O901475,U302311,2026-03-06,True,140.0,311.83,171.83,app
O901476,U302314,2026-03-04,True,140.0,201.52,61.52,app
O901477,U302315,2026-03-11,False,0.0,273.82,273.82,app
O901478,U302316,2026-03-06,False,0.0,210.97,210.97,app
O901479,U302318,2026-03-16,True,140.0,263.35,123.35,app
O901480,U302319,2026-03-03,True,140.0,241.32,101.32,app
O901481,U302320,2026-03-03,False,0.0,206.96,206.96,app
O901482,U302322,2026-03-03,False,0.0,220.09,220.09,app
O901483,U302322,2026-03-24,False,0.0,209.25,209.25,app
O901484,U302322,2026-03-07,False,0.0,176.68,176.68,app
O901485,U302326,2026-03-10,False,0.0,311.02,311.02,app
O901486,U302327,2026-03-21,False,0.0,99.0,99.0,web
O901487,U302327,2026-03-15,False,0.0,191.26,191.26,app
O901488,U302327,2026-03-11,False,0.0,274.7,274.7,web
O901489,U302329,2026-03-15,False,0.0,225.47,225.47,app
O901490,U302330,2026-03-23,False,0.0,312.69,312.69,app
O901491,U302332,2026-03-24,True,69.3,99.0,29.7,app
O901492,U302334,2026-03-16,True,140.0,354.33,214.33,app
O901493,U302334,2026-03-19,True,140.0,319.94,179.94,web
O901494,U302340,2026-03-07,True,135.72,193.89,58.17,web
O901495,U302342,2026-03-18,False,0.0,189.34,189.34,app
O901496,U302343,2026-03-21,True,140.0,337.8,197.8,app
O901497,U302344,2026-03-25,False,0.0,237.65,237.65,app
O901498,U302345,2026-03-14,True,140.0,278.46,138.46,app
O901499,U302345,2026-03-17,True,140.0,278.55,138.55,app
O901500,U302346,2026-03-12,True,140.0,215.95,75.95,app
O901501,U302347,2026-03-19,True,140.0,204.39,64.39,app
O901502,U302349,2026-03-22,True,126.27,180.38,54.11,app
O901503,U302349,2026-03-05,True,140.0,262.04,122.04,app
O901504,U302353,2026-03-22,True,69.3,99.0,29.7,app
O901505,U302356,2026-03-10,False,0.0,235.16,235.16,app
O901506,U302357,2026-03-05,False,0.0,298.37,298.37,app
O901507,U302359,2026-03-05,False,0.0,246.07,246.07,app
O901508,U302360,2026-03-02,False,0.0,165.67,165.67,app
O901509,U302363,2026-03-23,False,0.0,229.89,229.89,app
O901510,U302363,2026-03-19,False,0.0,238.23,238.23,app
O901511,U302363,2026-03-10,False,0.0,202.11,202.11,app
O901512,U302363,2026-03-15,False,0.0,137.42,137.42,app
O901513,U302364,2026-03-17,False,0.0,210.53,210.53,app
O901514,U302364,2026-03-22,False,0.0,236.61,236.61,app
O901515,U302364,2026-03-02,False,0.0,266.65,266.65,web
O901516,U302365,2026-03-17,True,140.0,289.89,149.89,web
O901517,U302365,2026-03-29,True,140.0,205.84,65.84,app
O901518,U302369,2026-03-10,True,140.0,258.63,118.63,app
O901519,U302375,2026-03-08,False,0.0,285.23,285.23,app
O901520,U302377,2026-03-08,True,87.13,124.48,37.34,app
O901521,U302379,2026-03-09,True,140.0,251.89,111.89,app
O901522,U302380,2026-03-05,False,0.0,241.55,241.55,app
O901523,U302381,2026-03-04,True,135.17,193.1,57.93,app
O901524,U302381,2026-03-15,True,140.0,255.58,115.58,app
O901525,U302383,2026-03-06,True,140.0,251.6,111.6,app
O901526,U302384,2026-03-10,False,0.0,256.16,256.16,app
O901527,U302388,2026-03-20,False,0.0,247.71,247.71,app
O901528,U302390,2026-03-28,True,140.0,248.65,108.65,web
O901529,U302391,2026-03-10,True,85.73,122.47,36.74,
O901530,U302391,2026-03-21,True,140.0,252.54,112.54,app
O901531,U302392,2026-03-26,True,140.0,303.64,163.64,web
O901532,U302393,2026-03-10,False,0.0,227.09,227.09,app
O901533,U302394,2026-03-02,True,140.0,254.13,114.13,app
O901534,U302396,2026-03-21,True,140.0,246.94,106.94,app
O901535,U302397,2026-03-23,True,140.0,256.4,116.4,app
O901536,U302398,2026-03-29,True,140.0,339.68,199.68,app
O901537,U302398,2026-03-19,True,134.08,191.54,57.46,app
O901538,U302398,2026-03-16,True,140.0,288.62,148.62,app
O901539,U302399,2026-03-02,True,140.0,253.99,113.99,app
O901540,U302400,2026-03-29,False,0.0,235.51,235.51,app
O901541,U302405,2026-03-09,False,0.0,148.55,148.55,app
O901542,U302405,2026-03-06,False,0.0,251.72,251.72,app
O901543,U302406,2026-03-07,True,140.0,242.03,102.03,app
O901544,U302409,2026-03-12,True,132.32,189.03,56.71,web
O901545,U302410,2026-03-15,True,115.46,164.94,49.48,app
O901546,U302411,2026-03-30,True,140.0,211.35,71.35,
O901547,U302412,2026-03-19,False,0.0,259.71,259.71,app
O901548,U302414,2026-03-25,True,140.0,326.25,186.25,web
O901549,U302416,2026-03-18,True,140.0,210.89,70.89,app
O901550,U302417,2026-03-03,True,140.0,203.93,63.93,app
O901551,U302417,2026-03-23,True,123.55,176.5,52.95,app
O901552,U302419,2026-03-19,False,0.0,196.3,196.3,app
O901553,U302421,2026-03-02,False,0.0,99.0,99.0,app
O901554,U302422,2026-03-26,True,98.39,140.56,42.17,app
O901555,U302422,2026-03-23,True,140.0,235.05,95.05,app
O901556,U302425,2026-03-05,False,0.0,177.38,177.38,app
O901557,U302426,2026-03-24,True,140.0,211.14,71.14,app
O901558,U302426,2026-03-21,True,140.0,291.14,151.14,app
O901559,U302428,2026-03-28,True,140.0,208.76,68.76,app
O901560,U302430,2026-03-29,False,0.0,216.86,216.86,app
O901561,U302431,2026-03-18,False,0.0,284.62,284.62,app
O901562,U302431,2026-03-20,False,0.0,247.88,247.88,app
O901563,U302433,2026-03-08,True,131.74,188.19,56.46,app
O901564,U302435,2026-03-29,True,140.0,206.04,66.04,web
O901565,U302436,2026-03-05,True,140.0,220.62,80.62,app
O901566,U302437,2026-03-26,False,0.0,203.13,203.13,app
O901567,U302439,2026-03-06,True,140.0,328.46,188.46,app
O901568,U302440,2026-03-16,True,139.53,199.33,59.8,app
O901569,U302441,2026-03-07,True,140.0,286.39,146.39,app
O901570,U302445,2026-03-27,False,0.0,196.33,196.33,app
O901571,U302449,2026-03-29,True,140.0,266.32,126.32,app
O901572,U302450,2026-03-30,False,0.0,262.81,262.81,app
O901573,U302450,2026-03-12,False,0.0,244.9,244.9,app
O901574,U302452,2026-03-01,True,138.54,197.92,59.38,app
O901575,U302453,2026-03-02,True,125.18,178.83,53.65,app
O901576,U302453,2026-03-06,True,140.0,204.32,64.32,app
O901577,U302454,2026-03-04,False,0.0,185.49,185.49,app
O901578,U302455,2026-03-26,True,134.36,191.94,57.58,app
O901579,U302456,2026-03-06,True,131.07,187.24,56.17,app
O901580,U302459,2026-03-12,False,0.0,258.53,258.53,app
O901581,U302460,2026-03-13,True,140.0,265.13,125.13,app
O901582,U302462,2026-03-23,True,140.0,225.83,85.83,app
O901583,U302462,2026-03-18,True,140.0,291.79,151.79,app
O901584,U302465,2026-03-10,False,0.0,258.89,258.89,app
O901585,U302466,2026-03-01,False,0.0,262.01,262.01,web
O901586,U302467,2026-03-23,False,0.0,108.39,108.39,app
O901587,U302467,2026-03-29,False,0.0,314.73,314.73,app
O901588,U302468,2026-03-14,True,140.0,295.88,155.88,app
O901589,U302468,2026-03-30,True,136.82,195.46,58.64,app
O901590,U302470,2026-03-13,False,0.0,336.43,336.43,web
O901591,U302472,2026-03-06,True,107.37,153.38,46.01,app
O901592,U302473,2026-03-02,False,0.0,180.67,180.67,app
O901593,U302474,2026-03-17,True,140.0,230.04,90.04,app
O901594,U302474,2026-03-21,True,106.75,152.5,45.75,app
O901595,U302474,2026-03-09,True,140.0,271.96,131.96,app
O901596,U302474,2026-03-28,True,107.29,153.28,45.98,web
O901597,U302475,2026-03-06,False,0.0,99.0,99.0,app
O901598,U302475,2026-03-15,False,0.0,207.6,207.6,app
O901599,U302476,2026-03-24,True,115.08,164.41,49.32,app
O901600,U302476,2026-03-16,True,140.0,215.05,75.05,app
O901601,U302478,2026-03-11,False,0.0,267.59,267.59,app
O901602,U302479,2026-03-25,False,0.0,227.9,227.9,app
O901603,U302481,2026-03-07,False,0.0,165.38,165.38,app
O901604,U302483,2026-03-21,True,140.0,209.0,69.0,app
O901605,U302484,2026-03-13,True,127.98,182.83,54.85,app
O901606,U302494,2026-03-11,True,140.0,206.01,66.01,app
O901607,U302494,2026-03-20,True,140.0,210.02,70.02,app
O901608,U302496,2026-03-01,False,0.0,196.08,196.08,app
O901609,U302498,2026-03-02,False,0.0,107.34,107.34,app
O901610,U302499,2026-03-05,False,0.0,256.89,256.89,app
O901611,U302500,2026-03-21,False,0.0,195.47,195.47,app
O901612,U302501,2026-03-27,True,123.4,176.28,52.88,app
O901613,U302503,2026-03-06,True,140.0,245.15,105.15,web
O901614,U302508,2026-03-28,False,0.0,178.33,178.33,app
O901615,U302514,2026-03-28,False,0.0,241.67,241.67,app
O901616,U302516,2026-03-24,True,122.61,175.16,52.55,app
O901617,U302520,2026-03-08,False,0.0,198.45,198.45,app
O901618,U302520,2026-03-05,False,0.0,223.0,223.0,app
O901619,U302521,2026-03-29,True,140.0,272.51,132.51,app
O901620,U302522,2026-03-10,True,140.0,224.48,84.48,app
O901621,U302523,2026-03-20,True,140.0,218.46,78.46,app
O901622,U302524,2026-03-29,True,140.0,289.45,149.45,app
O901623,U302525,2026-03-13,True,140.0,233.25,93.25,app
O901624,U302527,2026-03-20,False,0.0,189.36,189.36,app
O901625,U302528,2026-03-07,True,69.3,99.0,29.7,app
O901626,U302530,2026-03-28,False,0.0,207.71,207.71,app
O901627,U302531,2026-03-24,True,106.13,151.61,45.48,web
O901628,U302531,2026-03-26,True,109.89,156.99,47.1,app
O901629,U302533,2026-03-06,True,140.0,235.08,95.08,app
O901630,U302533,2026-03-28,True,140.0,220.29,80.29,app
O901631,U302538,2026-03-15,True,127.53,182.18,54.66,app
O901632,U302538,2026-03-07,True,140.0,274.75,134.75,app
O901633,U302538,2026-03-04,True,110.5,157.86,47.36,app
O901634,U302539,2026-03-24,False,0.0,243.25,243.25,app
O901635,U302541,2026-03-30,True,140.0,215.0,75.0,app
O901636,U302542,2026-03-20,False,0.0,304.9,304.9,app
O901637,U302543,2026-03-23,False,0.0,217.58,217.58,app
O901638,U302544,2026-03-20,False,0.0,169.1,169.1,app
O901639,U302546,2026-03-15,True,140.0,287.57,147.57,app
O901640,U302549,2026-03-03,False,0.0,124.63,124.63,app
O901641,U302551,2026-03-19,True,140.0,221.72,81.72,app
O901642,U302552,2026-03-29,True,140.0,233.5,93.5,app
O901643,U302552,2026-03-20,True,140.0,230.17,90.17,app
O901644,U302553,2026-03-29,True,135.47,193.53,58.06,app
O901645,U302557,2026-03-02,True,140.0,287.98,147.98,web
O901646,U302558,2026-03-28,True,112.99,161.41,48.42,app
O901647,U302559,2026-03-14,False,0.0,312.42,312.42,app
O901648,U302560,2026-03-22,False,0.0,337.47,337.47,app
O901649,U302561,2026-03-04,False,0.0,355.64,355.64,app
O901650,U302563,2026-03-09,False,0.0,245.44,245.44,app
O901651,U302567,2026-03-28,True,140.0,200.04,60.04,app
O901652,U302569,2026-03-01,True,140.0,238.68,98.68,app
O901653,U302570,2026-03-12,True,140.0,225.68,85.68,app
O901654,U302570,2026-03-04,True,123.54,176.49,52.95,app
O901655,U302571,2026-03-20,True,90.88,129.82,38.95,app
O901656,U302574,2026-03-14,False,0.0,161.32,161.32,app
O901657,U302578,2026-03-17,True,138.51,197.86,59.36,app
O901658,U302579,2026-03-13,False,0.0,127.91,127.91,app
O901659,U302580,2026-03-19,True,140.0,224.71,84.71,app
O901660,U302588,2026-03-04,True,103.01,147.15,44.15,app
O901661,U302588,2026-03-28,True,140.0,232.5,92.5,app
O901662,U302593,2026-03-08,True,140.0,218.3,78.3,app
O901663,U302598,2026-03-27,True,116.61,166.58,49.98,app
O901664,U302599,2026-03-29,False,0.0,222.56,222.56,app
O901665,U302600,2026-03-28,True,140.0,240.5,100.5,app
O901666,U302601,2026-03-21,False,0.0,248.8,248.8,app
O901667,U302602,2026-03-22,False,0.0,225.19,225.19,app
O901668,U302603,2026-03-30,True,140.0,212.32,72.32,app
O901669,U302603,2026-03-03,True,140.0,230.71,90.71,app
O901670,U302603,2026-03-14,True,104.44,149.21,44.76,app
O901671,U302607,2026-03-21,True,140.0,201.41,61.41,app
O901672,U302607,2026-03-25,True,119.42,170.6,51.18,app
O901673,U302609,2026-03-13,False,0.0,197.08,197.08,app
O901674,U302611,2026-03-03,False,0.0,353.84,353.84,app
O901675,U302611,2026-03-18,False,0.0,201.38,201.38,app
O901676,U302614,2026-03-27,False,0.0,296.41,296.41,app
O901677,U302616,2026-03-23,False,0.0,104.35,104.35,app
O901678,U302616,2026-03-04,False,0.0,208.59,208.59,app
O901679,U302617,2026-03-28,False,0.0,201.35,201.35,app
O901680,U302620,2026-03-01,True,137.75,196.79,59.04,app
O901681,U302620,2026-03-22,True,90.45,129.21,38.76,app
O901682,U302621,2026-03-02,True,140.0,227.67,87.67,app
O901683,U302625,2026-03-06,True,140.0,406.12,266.12,app
O901684,U302630,2026-03-16,True,140.0,220.29,80.29,web
O901685,U302631,2026-03-25,True,76.84,109.78,32.93,app
O901686,U302631,2026-03-08,True,140.0,244.97,104.97,app
O901687,U302631,2026-03-15,True,103.29,147.56,44.27,app
O901688,U302634,2026-03-24,True,125.1,178.72,53.62,app
O901689,U302636,2026-03-28,True,140.0,348.42,208.42,app
O901690,U302636,2026-03-13,True,140.0,277.5,137.5,app
O901691,U302637,2026-03-03,False,0.0,196.14,196.14,web
O901692,U302641,2026-03-23,True,140.0,204.07,64.07,app
O901693,U302641,2026-03-17,True,140.0,251.32,111.32,app
O901694,U302646,2026-03-08,False,0.0,200.69,200.69,app
O901695,U302650,2026-03-16,False,0.0,143.9,143.9,app
O901696,U302652,2026-03-22,False,0.0,262.64,262.64,app
O901697,U302654,2026-03-20,True,140.0,246.89,106.89,app
O901698,U302655,2026-03-03,True,83.18,118.83,35.65,app
O901699,U302658,2026-03-09,False,0.0,157.06,157.06,app
O901700,U302659,2026-03-17,True,126.79,181.13,54.34,app
O901701,U302662,2026-03-18,True,77.21,110.3,33.09,app
O901702,U302663,2026-03-29,False,0.0,144.05,144.05,app
O901703,U302665,2026-03-03,False,0.0,227.05,227.05,app
O901704,U302666,2026-03-07,False,0.0,249.05,249.05,app
O901705,U302667,2026-03-02,False,0.0,209.85,209.85,app
O901706,U302668,2026-03-08,False,0.0,206.31,206.31,app
O901707,U302669,2026-03-01,False,0.0,102.01,102.01,app
O901708,U302671,2026-03-04,False,0.0,230.11,230.11,app
O901709,U302673,2026-03-03,False,0.0,182.14,182.14,app
O901710,U302673,2026-03-26,False,0.0,217.04,217.04,app
O901711,U302675,2026-03-02,False,0.0,308.79,308.79,app
O901712,U302675,2026-03-18,False,0.0,178.83,178.83,app
O901713,U302676,2026-03-19,False,0.0,325.24,325.24,app
O901714,U302677,2026-03-16,True,140.0,218.21,78.21,app
O901715,U302678,2026-03-10,False,0.0,130.7,130.7,app
O901716,U302679,2026-03-24,True,131.16,187.37,56.21,app
O901717,U302680,2026-03-26,True,123.66,176.65,53.0,app
O901718,U302682,2026-03-12,True,140.0,200.61,60.61,app
O901719,U302683,2026-03-22,False,0.0,253.87,253.87,app
O901720,U302684,2026-03-11,True,140.0,236.65,96.65,web
O901721,U302689,2026-03-17,True,140.0,294.51,154.51,app
O901722,U302690,2026-03-25,False,0.0,406.14,406.14,
O901723,U302696,2026-03-06,True,140.0,215.55,75.55,app
O901724,U302696,2026-03-29,True,140.0,215.43,75.43,app
O901725,U302696,2026-03-09,True,109.86,156.94,47.08,app
O901726,U302697,2026-03-07,True,103.33,147.61,44.28,app
O901727,U302699,2026-03-23,True,140.0,228.08,88.08,app
O901728,U302699,2026-03-15,True,138.52,197.89,59.37,web
O901729,U302700,2026-03-23,False,0.0,256.22,256.22,app
O901730,U302701,2026-03-19,True,140.0,256.23,116.23,app
O901731,U302704,2026-03-12,False,0.0,176.37,176.37,app
O901732,U302706,2026-03-04,False,0.0,171.52,171.52,app
O901733,U302709,2026-03-16,False,0.0,208.5,208.5,app
O901734,U302710,2026-03-18,True,139.3,199.01,59.7,app
O901735,U302715,2026-03-21,True,140.0,272.79,132.79,app
O901736,U302715,2026-03-16,True,140.0,241.55,101.55,app
O901737,U302716,2026-03-30,True,140.0,217.3,77.3,app
O901738,U302716,2026-03-01,True,140.0,318.59,178.59,app
O901739,U302717,2026-03-17,False,0.0,99.0,99.0,app
O901740,U302717,2026-03-30,False,0.0,123.34,123.34,app
O901741,U302721,2026-03-01,False,0.0,304.87,304.87,app
O901742,U302723,2026-03-11,True,140.0,228.9,88.9,app
O901743,U302725,2026-03-05,True,140.0,210.1,70.1,app
O901744,U302726,2026-03-13,True,140.0,247.9,107.9,web
O901745,U302731,2026-03-27,True,140.0,329.04,189.04,app
O901746,U302734,2026-03-18,True,118.82,169.74,50.92,app
O901747,U302734,2026-03-09,True,140.0,238.01,98.01,app
O901748,U302738,2026-03-02,True,140.0,328.99,188.99,app
O901749,U302741,2026-03-30,False,0.0,143.61,143.61,app
O901750,U302743,2026-03-27,True,140.0,213.69,73.69,app
O901751,U302746,2026-03-12,True,69.3,99.0,29.7,app
O901752,U302746,2026-03-01,True,140.0,229.66,89.66,app
O901753,U302747,2026-03-23,False,0.0,274.46,274.46,app
O901754,U302750,2026-03-29,False,0.0,190.46,190.46,app
O901755,U302750,2026-03-09,False,0.0,236.23,236.23,app
O901756,U302752,2026-03-01,False,0.0,233.55,233.55,app
O901757,U302753,2026-03-07,False,0.0,204.47,204.47,app
O901758,U302755,2026-03-01,True,105.62,150.89,45.27,app
O901759,U302759,2026-03-21,True,84.28,120.39,36.12,app
O901760,U302760,2026-03-16,True,137.38,196.25,58.88,app
O901761,U302761,2026-03-24,True,140.0,222.74,82.74,web
O901762,U302761,2026-03-05,True,140.0,247.69,107.69,app
O901763,U302763,2026-03-29,False,0.0,167.82,167.82,app
O901764,U302765,2026-03-24,False,0.0,165.54,165.54,app
O901765,U302767,2026-03-03,True,140.0,244.97,104.97,app
O901766,U302768,2026-03-22,False,0.0,218.11,218.11,app
O901767,U302772,2026-03-05,True,140.0,216.85,76.85,app
O901768,U302773,2026-03-04,True,71.27,101.81,30.54,app
O901769,U302774,2026-03-22,True,84.89,121.27,36.38,app
O901770,U302774,2026-03-23,True,140.0,281.96,141.96,app
O901771,U302775,2026-03-16,False,0.0,307.28,307.28,app
O901772,U302775,2026-03-10,False,0.0,197.97,197.97,app
O901773,U302776,2026-03-30,False,0.0,381.5,381.5,app
O901774,U302776,2026-03-08,False,0.0,116.47,116.47,app
O901775,U302776,2026-03-07,False,0.0,228.26,228.26,app
O901776,U302777,2026-03-08,True,138.11,197.3,59.19,app
O901777,U302777,2026-03-16,True,117.86,168.38,50.51,app
O901778,U302778,2026-03-23,True,111.87,159.82,47.95,web
O901779,U302781,2026-03-27,True,69.3,99.0,29.7,app
O901780,U302782,2026-03-19,False,0.0,195.85,195.85,app
O901781,U302783,2026-03-15,False,0.0,337.65,337.65,app
O901782,U302785,2026-03-24,True,140.0,253.24,113.24,app
O901783,U302786,2026-03-23,True,128.52,183.6,55.08,app
O901784,U302788,2026-03-03,True,69.3,99.0,29.7,app
O901785,U302794,2026-03-16,True,140.0,301.14,161.14,app
O901786,U302796,2026-03-24,True,120.5,172.14,51.64,web
O901787,U302796,2026-03-06,True,140.0,213.84,73.84,
O901788,U302800,2026-03-08,False,0.0,123.2,123.2,app
O901789,U302802,2026-03-29,True,140.0,295.15,155.15,app
O901790,U302802,2026-03-10,True,140.0,290.64,150.64,app
O901791,U302803,2026-03-16,True,140.0,226.01,86.01,app
O901792,U302805,2026-03-01,False,0.0,211.65,211.65,app
O901793,U302805,2026-03-18,False,0.0,165.53,165.53,app
O901794,U302806,2026-03-10,False,0.0,244.38,244.38,app
O901795,U302807,2026-03-30,True,140.0,295.06,155.06,app
O901796,U302808,2026-03-30,True,140.0,226.95,86.95,app
O901797,U302812,2026-03-25,True,118.39,169.13,50.74,web
O901798,U302819,2026-03-27,True,93.28,133.26,39.98,app
O901799,U302820,2026-03-05,False,0.0,168.09,168.09,web
O901800,U302826,2026-03-09,True,140.0,241.51,101.51,
O901801,U302831,2026-03-28,True,140.0,331.0,191.0,app
O901802,U302831,2026-03-18,True,118.24,168.92,50.67,app
O901803,U302832,2026-03-08,True,69.3,99.0,29.7,app
O901804,U302833,2026-03-09,False,0.0,343.84,343.84,app
O901805,U302834,2026-03-15,True,103.92,148.46,44.54,app
O901806,U302834,2026-03-02,True,140.0,209.53,69.53,app
O901807,U302834,2026-03-12,True,140.0,310.53,170.53,app
O901808,U302837,2026-03-25,False,0.0,274.46,274.46,app
O901809,U302839,2026-03-08,True,140.0,287.84,147.84,app
O901810,U302844,2026-03-29,False,0.0,161.14,161.14,app
O901811,U302846,2026-03-11,True,85.89,122.7,36.81,app
O901812,U302847,2026-03-22,True,140.0,267.38,127.38,app
O901813,U302848,2026-03-07,True,140.0,316.58,176.58,app
O901814,U302849,2026-03-27,True,88.99,127.13,38.14,app
O901815,U302852,2026-03-22,False,0.0,222.01,222.01,app
O901816,U302853,2026-03-16,False,0.0,237.3,237.3,app
O901817,U302854,2026-03-29,True,111.28,158.97,47.69,app
O901818,U302855,2026-03-10,True,140.0,210.58,70.58,
O901819,U302855,2026-03-28,True,140.0,235.9,95.9,app
O901820,U302861,2026-03-17,False,0.0,194.56,194.56,app
O901821,U302862,2026-03-09,True,100.04,142.92,42.88,app
O901822,U302864,2026-03-29,True,140.0,266.36,126.36,app
O901823,U302867,2026-03-04,False,0.0,119.0,119.0,app
O901824,U302869,2026-03-09,True,140.0,223.44,83.44,app
O901825,U302870,2026-03-25,True,140.0,236.67,96.67,app
O901826,U302876,2026-03-21,True,140.0,221.76,81.76,app
O901827,U302881,2026-03-23,True,124.52,177.88,53.36,app
O901828,U302881,2026-03-04,True,140.0,298.08,158.08,app
O901829,U302882,2026-03-23,False,0.0,147.59,147.59,app
O901830,U302883,2026-03-03,False,0.0,216.67,216.67,app
O901831,U302883,2026-03-11,False,0.0,212.27,212.27,app
O901832,U302887,2026-03-01,False,0.0,99.0,99.0,app
O901833,U302888,2026-03-20,True,140.0,235.28,95.28,app
O901834,U302889,2026-03-24,True,140.0,259.23,119.23,app
O901835,U302889,2026-03-01,True,140.0,215.99,75.99,app
O901836,U302889,2026-03-06,True,140.0,238.33,98.33,app
O901837,U302892,2026-03-10,True,140.0,256.28,116.28,app
O901838,U302895,2026-03-15,False,0.0,259.41,259.41,app
O901839,U302897,2026-03-24,True,140.0,211.62,71.62,app
O901840,U302898,2026-03-04,True,140.0,257.09,117.09,app
O901841,U302902,2026-03-20,True,140.0,219.98,79.98,app
O901842,U302903,2026-03-30,True,121.6,173.71,52.11,
O901843,U302904,2026-03-25,False,0.0,148.21,148.21,app
O901844,U302907,2026-03-11,True,139.4,199.15,59.74,web
O901845,U302909,2026-03-03,True,140.0,256.58,116.58,app
O901846,U302909,2026-03-06,True,118.33,169.05,50.71,app
O901847,U302911,2026-03-06,True,138.41,197.72,59.32,app
O901848,U302912,2026-03-11,False,0.0,182.6,182.6,app
O901849,U302917,2026-03-19,True,140.0,278.97,138.97,app
O901850,U302918,2026-03-06,False,0.0,262.42,262.42,app
O901851,U302918,2026-03-12,False,0.0,262.51,262.51,app
O901852,U302920,2026-03-04,True,140.0,207.64,67.64,app
O901853,U302921,2026-03-27,True,140.0,318.42,178.42,app
O901854,U302921,2026-03-02,True,140.0,337.57,197.57,app
O901855,U302922,2026-03-28,True,140.0,279.08,139.08,app
O901856,U302923,2026-03-29,True,140.0,206.13,66.13,app
O901857,U302926,2026-03-11,True,109.66,156.66,47.0,app
O901858,U302929,2026-03-14,True,140.0,209.42,69.42,app
O901859,U302934,2026-03-08,False,0.0,242.22,242.22,app
O901860,U302937,2026-03-25,True,128.57,183.68,55.1,app
O901861,U302938,2026-03-08,True,140.0,261.79,121.79,app
O901862,U302939,2026-03-19,True,140.0,203.45,63.45,app
O901863,U302941,2026-03-18,True,108.73,155.33,46.6,app
O901864,U302941,2026-03-20,True,140.0,213.9,73.9,app
O901865,U302944,2026-03-05,True,140.0,331.07,191.07,app
O901866,U302949,2026-03-20,True,121.88,174.12,52.23,app
O901867,U302952,2026-03-06,False,0.0,190.76,190.76,app
O901868,U302953,2026-03-07,False,0.0,207.44,207.44,app
O901869,U302955,2026-03-11,False,0.0,198.14,198.14,app
O901870,U302958,2026-03-07,False,0.0,193.17,193.17,app
O901871,U302961,2026-03-02,False,0.0,154.15,154.15,app
O901872,U302961,2026-03-27,False,0.0,200.2,200.2,app
O901873,U302961,2026-03-30,False,0.0,176.28,176.28,app
O901874,U302962,2026-03-25,False,0.0,219.65,219.65,app
O901875,U302964,2026-03-29,True,140.0,244.1,104.1,app
O901876,U302969,2026-03-01,True,119.89,171.27,51.38,app
O901877,U302969,2026-03-03,True,106.52,152.17,45.65,app
O901878,U302970,2026-03-09,True,140.0,224.64,84.64,app
O901879,U302973,2026-03-16,True,122.17,174.54,52.36,app
O901880,U302974,2026-03-12,False,0.0,243.61,243.61,app
O901881,U302976,2026-03-18,False,0.0,280.18,280.18,app
O901882,U302977,2026-03-09,True,140.0,200.83,60.83,app
O901883,U302979,2026-03-10,True,69.3,99.0,29.7,app
O901884,U302981,2026-03-20,True,140.0,234.78,94.78,app
O901885,U302981,2026-03-30,True,140.0,208.93,68.93,app
O901886,U302982,2026-03-08,True,113.36,161.95,48.58,app
O901887,U302985,2026-03-21,True,140.0,254.12,114.12,app
O901888,U302988,2026-03-23,False,0.0,307.24,307.24,app
O901889,U302989,2026-03-16,False,0.0,254.0,254.0,app
O901890,U302992,2026-03-24,False,0.0,196.3,196.3,app
O901891,U302993,2026-03-26,False,0.0,262.74,262.74,app
O901892,U302998,2026-03-14,False,0.0,300.55,300.55,app
O901893,U302999,2026-03-23,False,0.0,151.96,151.96,app
O901894,U303008,2026-03-21,True,140.0,304.09,164.09,app
O901895,U303011,2026-03-05,True,77.66,110.94,33.28,app
O901896,U303011,2026-03-10,True,112.6,160.86,48.26,app
O901897,U303013,2026-03-15,False,0.0,192.97,192.97,web
O901898,U303013,2026-03-08,False,0.0,232.23,232.23,app
O901899,U303014,2026-03-01,False,0.0,223.71,223.71,app
O901900,U303014,2026-03-24,False,0.0,287.8,287.8,app
O901901,U303015,2026-03-11,True,140.0,278.31,138.31,app
O901902,U303016,2026-03-29,True,140.0,201.27,61.27,app
O901903,U303016,2026-03-26,True,132.42,189.17,56.75,app
O901904,U303017,2026-03-04,False,0.0,257.3,257.3,app
O901905,U303017,2026-03-03,False,0.0,204.98,204.98,app
O901906,U303024,2026-03-07,False,0.0,159.78,159.78,app
O901907,U303028,2026-03-18,True,140.0,233.77,93.77,app
O901908,U303032,2026-03-27,True,140.0,242.77,102.77,app
O901909,U303034,2026-03-18,True,120.87,172.67,51.8,web
O901910,U303034,2026-03-28,True,140.0,320.29,180.29,app
O901911,U303041,2026-03-04,True,140.0,211.51,71.51,app
O901912,U303042,2026-03-02,False,0.0,281.97,281.97,app
O901913,U303047,2026-03-15,False,0.0,350.41,350.41,app
O901914,U303047,2026-03-04,False,0.0,315.64,315.64,app
O901915,U303048,2026-03-22,True,118.45,169.21,50.76,web
O901916,U303051,2026-03-21,False,0.0,266.44,266.44,app
O901917,U303052,2026-03-11,False,0.0,321.65,321.65,app
O901918,U303053,2026-03-22,True,140.0,206.03,66.03,app
O901919,U303058,2026-03-15,True,129.23,184.61,55.38,app
O901920,U303059,2026-03-18,True,140.0,209.45,69.45,app
O901921,U303060,2026-03-09,True,140.0,324.89,184.89,app
O901922,U303064,2026-03-01,True,140.0,227.05,87.05,app
O901923,U303065,2026-03-14,True,140.0,276.81,136.81,app
O901924,U303066,2026-03-12,True,140.0,257.69,117.69,app
O901925,U303069,2026-03-06,True,133.89,191.27,57.38,app
O901926,U303069,2026-03-06,True,134.48,192.12,57.64,app
O901927,U303071,2026-03-01,False,0.0,129.0,129.0,app
O901928,U303071,2026-03-28,False,0.0,112.15,112.15,app
O901929,U303072,2026-03-27,True,69.3,99.0,29.7,app
O901930,U303072,2026-03-03,True,140.0,210.45,70.45,app
O901931,U303075,2026-03-27,True,140.0,297.85,157.85,app
O901932,U303075,2026-03-20,True,140.0,289.93,149.93,app
O901933,U303076,2026-03-15,False,0.0,153.91,153.91,app
O901934,U303079,2026-03-01,True,140.0,203.74,63.74,app
O901935,U303080,2026-03-28,True,140.0,263.41,123.41,app
O901936,U303081,2026-03-10,False,0.0,309.79,309.79,app
O901937,U303082,2026-03-21,False,0.0,158.72,158.72,app
O901938,U303083,2026-03-29,True,132.15,188.78,56.63,app
O901939,U303086,2026-03-14,True,80.67,115.25,34.57,app
O901940,U303087,2026-03-27,False,0.0,159.08,159.08,app
O901941,U303089,2026-03-04,False,0.0,197.58,197.58,app
O901942,U303092,2026-03-03,True,69.3,99.0,29.7,app
O901943,U303093,2026-03-21,True,140.0,256.96,116.96,app
O901944,U303093,2026-03-11,True,140.0,335.72,195.72,app
O901945,U303097,2026-03-15,True,70.66,100.94,30.28,app
O901946,U303100,2026-03-09,True,140.0,228.45,88.45,app
O901947,U303100,2026-03-17,True,140.0,286.66,146.66,app
O901948,U303101,2026-03-29,False,0.0,145.6,145.6,app
O901949,U303101,2026-03-16,False,0.0,141.87,141.87,app
O901950,U303102,2026-03-30,True,140.0,218.11,78.11,app
O901951,U303104,2026-03-24,True,140.0,242.87,102.87,web
O901952,U303104,2026-03-22,True,122.75,175.36,52.61,app
O901953,U303104,2026-03-04,True,115.98,165.68,49.7,app
O901954,U303105,2026-03-25,True,93.93,134.19,40.26,app
O901955,U303105,2026-03-10,True,140.0,307.88,167.88,app
O901956,U303106,2026-03-11,True,98.8,141.14,42.34,app
O901957,U303106,2026-03-08,True,81.97,117.1,35.13,app
O901958,U303107,2026-03-21,False,0.0,231.3,231.3,app
O901959,U303110,2026-03-26,True,140.0,239.76,99.76,app
O901960,U303111,2026-03-05,False,0.0,209.47,209.47,app
O901961,U303112,2026-03-17,False,0.0,248.3,248.3,app
O901962,U303113,2026-03-27,False,0.0,167.5,167.5,web
O901963,U303114,2026-03-23,False,0.0,237.7,237.7,app
O901964,U303114,2026-03-24,False,0.0,183.3,183.3,app
O901965,U303115,2026-03-22,False,0.0,272.17,272.17,
O901966,U303116,2026-03-30,True,140.0,251.53,111.53,app
O901967,U303118,2026-03-19,False,0.0,164.74,164.74,web
O901968,U303121,2026-03-02,False,0.0,254.34,254.34,app
O901969,U303121,2026-03-17,False,0.0,173.11,173.11,app
O901970,U303123,2026-03-01,False,0.0,235.11,235.11,app
O901971,U303123,2026-03-12,False,0.0,238.89,238.89,web
O901972,U303123,2026-03-19,False,0.0,260.05,260.05,app
O901973,U303125,2026-03-20,True,140.0,218.4,78.4,app
O901974,U303127,2026-03-07,True,140.0,290.24,150.24,app
O901975,U303130,2026-03-09,True,140.0,221.82,81.82,app
O901976,U303131,2026-03-28,False,0.0,192.84,192.84,app
O901977,U303132,2026-03-30,True,131.11,187.31,56.19,app
O901978,U303136,2026-03-13,False,0.0,240.25,240.25,app
O901979,U303138,2026-03-26,True,109.23,156.04,46.81,app
O901980,U303139,2026-03-12,True,140.0,340.72,200.72,app
O901981,U303143,2026-03-15,False,0.0,310.93,310.93,app
O901982,U303144,2026-03-03,True,140.0,266.72,126.72,app
O901983,U303149,2026-03-11,True,140.0,206.15,66.15,app
O901984,U303150,2026-03-08,True,113.1,161.57,48.47,app
O901985,U303151,2026-03-28,False,0.0,170.9,170.9,web
O901986,U303153,2026-03-29,False,0.0,158.48,158.48,app
O901987,U303158,2026-03-06,True,140.0,206.83,66.83,app
O901988,U303159,2026-03-19,False,0.0,221.73,221.73,app
O901989,U303162,2026-03-18,False,0.0,191.73,191.73,app
O901990,U303165,2026-03-06,False,0.0,210.4,210.4,app
O901991,U303166,2026-03-02,False,0.0,128.22,128.22,app
O901992,U303167,2026-03-24,False,0.0,305.27,305.27,app
O901993,U303168,2026-03-13,False,0.0,162.6,162.6,app
O901994,U303169,2026-03-18,True,140.0,209.55,69.55,app
O901995,U303173,2026-03-19,True,140.0,372.54,232.54,app
O901996,U303174,2026-03-22,True,108.75,155.36,46.61,app
O901997,U303174,2026-03-24,True,137.6,196.57,58.97,app
O901998,U303175,2026-03-29,False,0.0,196.49,196.49,app
O901999,U303175,2026-03-25,False,0.0,327.05,327.05,app
O902000,U303178,2026-03-11,False,0.0,136.63,136.63,
O902001,U303179,2026-03-05,True,134.05,191.5,57.45,app
O902002,U303181,2026-03-29,True,140.0,236.24,96.24,app
O902003,U303182,2026-03-05,True,140.0,250.94,110.94,app
O902004,U303183,2026-03-25,True,140.0,350.16,210.16,app
O902005,U303184,2026-03-21,True,140.0,214.81,74.81,app
O902006,U303184,2026-03-09,True,139.82,199.75,59.92,app
O902007,U303185,2026-03-05,True,140.0,-233.9,93.9,app
O902008,U303187,2026-03-15,False,0.0,257.95,257.95,app
O902009,U303187,2026-03-10,False,0.0,266.24,266.24,app
O902010,U303189,2026-03-21,True,140.0,201.01,61.01,app
O902011,U303193,2026-03-03,True,140.0,273.46,133.46,app
O902012,U303193,2026-03-07,True,140.0,213.76,73.76,app
O902013,U303194,2026-03-01,False,0.0,99.0,99.0,app
O902014,U303196,2026-03-19,True,140.0,212.24,72.24,app
O902015,U303197,2026-03-10,False,0.0,285.63,285.63,app
O902016,U303201,2026-03-04,True,140.0,245.73,105.73,app
O902017,U303201,2026-03-03,True,69.3,99.0,29.7,app
O902018,U303202,2026-03-28,True,140.0,253.52,113.52,app
O902019,U303204,2026-03-29,True,140.0,211.34,71.34,app
O902020,U303205,2026-03-11,True,140.0,312.06,172.06,app
O902021,U303207,2026-03-27,True,140.0,267.8,127.8,app
O902022,U303211,2026-03-16,False,0.0,292.55,292.55,app
O902023,U303211,2026-03-27,False,0.0,211.97,211.97,app
O902024,U303213,2026-03-08,True,140.0,342.29,202.29,app
O902025,U303215,2026-03-04,False,0.0,281.4,281.4,app
O902026,U303217,2026-03-25,False,0.0,212.96,212.96,app
O902027,U303218,2026-03-11,True,129.03,184.33,55.3,app
O902028,U303218,2026-03-25,True,140.0,333.06,193.06,app
O902029,U303219,2026-03-27,False,0.0,123.01,123.01,app
O902030,U303220,2026-03-17,False,0.0,274.5,274.5,app
O902031,U303222,2026-03-24,False,0.0,352.69,352.69,app
O902032,U303223,2026-03-04,True,140.0,215.17,75.17,app
O902033,U303224,2026-03-13,True,140.0,202.21,62.21,web
O902034,U303225,2026-03-26,True,108.36,154.8,46.44,app
O902035,U303228,2026-03-15,True,140.0,210.92,70.92,app
O902036,U303228,2026-03-08,True,99.81,142.58,42.78,app
O902037,U303229,2026-03-28,False,0.0,252.95,252.95,app
O902038,U303229,2026-03-24,False,0.0,382.42,382.42,app
O902039,U303232,2026-03-18,False,0.0,193.6,193.6,app
O902040,U303237,2026-03-02,True,140.0,266.07,126.07,app
O902041,U303241,2026-03-25,True,82.24,117.49,35.25,app
O902042,U303243,2026-03-05,True,140.0,239.51,99.51,app
O902043,U303244,2026-03-07,True,140.0,260.03,120.03,app
O902044,U303245,2026-03-05,True,107.87,154.11,46.23,app
O902045,U303247,2026-03-05,True,140.0,259.3,119.3,web
O902046,U303250,2026-03-11,True,116.6,166.56,49.97,app
O902047,U303250,2026-03-29,True,140.0,211.66,71.66,app
O902048,U303252,2026-03-04,False,0.0,200.62,200.62,app
O902049,U303253,2026-03-26,True,129.41,184.86,55.46,app
O902050,U303256,2026-03-25,False,0.0,99.0,99.0,app
O902051,U303257,2026-03-17,False,0.0,224.22,224.22,app
O902052,U303259,2026-03-12,False,0.0,198.77,198.77,app
O902053,U303260,2026-03-01,False,0.0,199.61,199.61,web
O902054,U303262,2026-03-21,True,120.86,172.66,51.8,app
O902055,U303263,2026-03-05,True,135.19,193.13,57.94,app
O902056,U303269,2026-03-12,False,0.0,180.81,180.81,app
O902057,U303269,2026-03-04,False,0.0,274.62,274.62,app
O902058,U303270,2026-03-23,True,73.93,105.61,31.68,app
O902059,U303271,2026-03-25,False,0.0,208.56,208.56,app
O902060,U303273,2026-03-14,True,140.0,210.97,70.97,app
O902061,U303274,2026-03-10,True,140.0,234.92,94.92,app
O902062,U303274,2026-03-25,True,140.0,240.18,100.18,app
O902063,U303276,2026-03-20,True,140.0,219.8,79.8,app
O902064,U303277,2026-03-03,True,82.06,117.23,35.17,app
O902065,U303278,2026-03-05,True,140.0,234.93,94.93,app
O902066,U303280,2026-03-16,True,119.51,170.73,51.22,app
O902067,U303282,2026-03-29,True,71.26,101.8,30.54,app
O902068,U303283,2026-03-06,False,0.0,218.84,218.84,app
O902069,U303289,2026-03-25,True,140.0,239.64,99.64,app
O902070,U303291,2026-03-29,True,103.76,148.23,44.47,app
O902071,U303293,2026-03-03,True,140.0,202.81,62.81,web
O902072,U303294,2026-03-30,True,140.0,262.81,122.81,app
O902073,U303295,2026-03-03,False,0.0,245.03,245.03,app
O902074,U303295,2026-03-28,False,0.0,366.28,366.28,app
O902075,U303296,2026-03-13,True,124.25,177.5,53.25,app
O902076,U303302,2026-03-13,False,0.0,141.54,141.54,app
O902077,U303308,2026-03-23,False,0.0,222.81,222.81,app
O902078,U303308,2026-03-29,False,0.0,220.37,220.37,app
O902079,U303309,2026-03-19,True,140.0,273.17,133.17,app
O902080,U303310,2026-03-12,True,140.0,242.55,102.55,app
O902081,U303311,2026-03-03,False,0.0,236.33,236.33,app
O902082,U303312,2026-03-29,True,140.0,305.21,165.21,app
O902083,U303313,2026-03-09,True,140.0,223.78,83.78,app
O902084,U303314,2026-03-26,True,116.65,166.64,49.99,app
O902085,U303318,2026-03-29,False,0.0,314.65,314.65,app
O902086,U303321,2026-03-23,True,140.0,291.63,151.63,app
O902087,U303322,2026-03-01,True,129.93,185.61,55.68,
O902088,U303323,2026-03-16,True,140.0,240.09,100.09,app
O902089,U303323,2026-03-06,True,134.02,191.45,57.44,
O902090,U303324,2026-03-27,False,0.0,154.46,154.46,app
O902091,U303324,2026-03-18,False,0.0,198.1,198.1,app
O902092,U303325,2026-03-19,False,0.0,216.43,216.43,app
O902093,U303326,2026-03-25,False,0.0,251.02,251.02,app
O902094,U303328,2026-03-14,True,140.0,299.25,159.25,app
O902095,U303330,2026-03-28,True,140.0,295.96,155.96,web
O902096,U303333,2026-03-08,False,0.0,128.3,128.3,app
O902097,U303334,2026-03-19,True,125.54,179.35,53.8,app
O902098,U303334,2026-03-02,True,140.0,222.72,82.72,app
O902099,U303336,2026-03-07,True,106.64,152.34,45.7,app
O902100,U303337,2026-03-13,False,0.0,223.93,223.93,app
O902101,U303337,2026-03-26,False,0.0,159.16,159.16,app
O902102,U303338,2026-03-13,False,0.0,213.69,213.69,app
O902103,U303338,2026-03-04,False,0.0,241.91,241.91,web
O902104,U303339,2026-03-08,False,0.0,214.33,214.33,app
O902105,U303340,2026-03-13,True,133.85,191.21,57.36,app
O902106,U303342,2026-03-06,False,0.0,191.2,191.2,app
O902107,U303342,2026-03-20,False,0.0,286.06,286.06,app
O902108,U303344,2026-03-27,False,0.0,211.96,211.96,app
O902109,U303345,2026-03-27,True,121.45,173.5,52.05,app
O902110,U303345,2026-03-07,True,140.0,229.86,89.86,app
O902111,U303346,2026-03-30,True,69.3,99.0,29.7,web
O902112,U303347,2026-03-26,True,140.0,226.73,86.73,app
O902113,U303347,2026-03-12,True,123.42,176.31,52.89,app
O902114,U303349,2026-03-19,False,0.0,151.5,151.5,app
O902115,U303349,2026-03-22,False,0.0,241.56,241.56,app
O902116,U303350,2026-03-19,True,136.91,195.59,58.68,app
O902117,U303352,2026-03-03,False,0.0,218.65,218.65,app
O902118,U303353,2026-03-14,False,0.0,345.61,345.61,app
O902119,U303358,2026-03-14,False,0.0,310.34,310.34,app
O902120,U303362,2026-03-24,True,140.0,249.23,109.23,app
O902121,U303363,2026-03-22,True,140.0,208.16,68.16,app
O902122,U303366,2026-03-10,True,140.0,312.48,172.48,app
O902123,U303367,2026-03-21,True,140.0,262.76,122.76,app
O902124,U303368,2026-03-09,True,73.55,105.07,31.52,app
O902125,U303369,2026-03-11,True,140.0,340.74,200.74,app
O902126,U303371,2026-03-01,True,110.81,158.3,47.49,app
O902127,U303374,2026-03-30,True,120.69,172.41,51.72,app
O902128,U303375,2026-03-19,True,140.0,358.21,218.21,web
O902129,U303375,2026-03-06,True,140.0,287.53,147.53,app
O902130,U303377,2026-03-20,True,140.0,249.9,109.9,app
O902131,U303379,2026-03-15,True,140.0,222.61,82.61,app
O902132,U303386,2026-03-18,False,0.0,251.57,251.57,app
O902133,U303387,2026-03-29,False,0.0,195.19,195.19,app
O902134,U303389,2026-03-01,False,0.0,217.18,217.18,app
O902135,U303390,2026-03-20,True,81.54,116.49,34.95,app
O902136,U303390,2026-03-22,True,140.0,253.7,113.7,app
O902137,U303392,2026-03-01,True,120.26,171.8,51.54,app
O902138,U303392,2026-03-12,True,140.0,206.42,66.42,app
O902139,U303394,2026-03-20,False,0.0,200.4,200.4,app
O902140,U303395,2026-03-11,False,0.0,281.79,281.79,app
O902141,U303395,2026-03-12,False,0.0,211.14,211.14,app
O902142,U303396,2026-03-27,True,102.38,146.25,43.88,app
O902143,U303397,2026-03-08,False,0.0,279.72,279.72,app
O902144,U303398,2026-03-06,False,0.0,174.62,174.62,app
O902145,U303399,2026-03-21,False,0.0,332.76,332.76,app
O902146,U303399,2026-03-12,False,0.0,229.94,229.94,app
O902147,U303401,2026-03-09,False,0.0,228.92,228.92,app
O902148,U303401,2026-03-13,False,0.0,248.3,248.3,web
O902149,U303402,2026-03-12,True,82.93,118.47,35.54,app
O902150,U303402,2026-03-16,True,140.0,219.7,79.7,app
O902151,U303404,2026-03-15,True,135.06,192.94,57.88,
O902152,U303404,2026-03-09,True,140.0,259.22,119.22,app
O902153,U303405,2026-03-28,True,116.53,166.47,49.94,app
O902154,U303406,2026-03-06,False,0.0,139.46,139.46,app
O902155,U303407,2026-03-29,False,0.0,233.7,233.7,app
O902156,U303408,2026-03-10,False,0.0,315.93,315.93,
O902157,U303410,2026-03-30,True,140.0,236.28,96.28,app
O902158,U303412,2026-03-30,False,0.0,244.28,244.28,app
O902159,U303417,2026-03-19,True,115.53,165.04,49.51,app
O902160,U303418,2026-03-27,False,0.0,308.62,308.62,app
O902161,U303420,2026-03-27,True,140.0,264.93,124.93,app
O902162,U303420,2026-03-27,True,140.0,313.45,173.45,app
O902163,U303425,2026-03-19,False,0.0,187.99,187.99,app
O902164,U303427,2026-03-08,True,140.0,252.5,112.5,app
O902165,U303428,2026-03-28,False,0.0,230.44,230.44,app
O902166,U303430,2026-03-05,False,0.0,379.9,379.9,app
O902167,U303433,2026-03-07,False,0.0,242.09,242.09,app
O902168,U303434,2026-03-06,True,82.32,117.6,35.28,app
O902169,U303434,2026-03-29,True,120.33,171.89,51.57,app
O902170,U303438,2026-03-25,False,0.0,224.17,224.17,app
O902171,U303439,2026-03-30,True,140.0,207.14,67.14,app
O902172,U303439,2026-03-27,True,97.77,139.67,41.9,app
O902173,U303439,2026-03-15,True,74.41,106.31,31.89,app
O902174,U303440,2026-03-06,True,90.89,129.84,38.95,app
O902175,U303442,2026-03-01,True,140.0,232.72,92.72,app
O902176,U303444,2026-03-09,True,69.3,99.0,29.7,app
O902177,U303445,2026-03-11,False,0.0,262.72,262.72,app
O902178,U303446,2026-03-20,False,0.0,251.15,251.15,app
O902179,U303447,2026-03-30,False,0.0,246.37,246.37,web
O902180,U303447,2026-03-04,False,0.0,221.74,221.74,app
O902181,U303447,2026-03-10,False,0.0,183.21,183.21,app
O902182,U303448,2026-03-28,False,0.0,238.68,238.68,app
O902183,U303448,2026-03-21,False,0.0,178.24,178.24,app
O902184,U303452,2026-03-18,True,120.93,172.75,51.83,app
O902185,U303453,2026-03-04,False,0.0,153.83,153.83,app
O902186,U303453,2026-03-07,False,0.0,137.46,137.46,app
O902187,U303453,2026-03-02,False,0.0,228.34,228.34,app
O902188,U303454,2026-03-08,True,140.0,213.48,73.48,app
O902189,U303456,2026-03-22,True,140.0,262.31,122.31,app
O902190,U303458,2026-03-30,True,140.0,260.79,120.79,
O902191,U303459,2026-03-04,True,69.3,99.0,29.7,app
O902192,U303460,2026-03-03,True,140.0,344.45,204.45,app
O902193,U303460,2026-03-16,True,140.0,271.74,131.74,app
O902194,U303462,2026-03-26,True,128.0,182.86,54.86,app
O902195,U303463,2026-03-27,False,0.0,281.64,281.64,app
O902196,U303463,2026-03-12,False,0.0,282.78,282.78,app
O902197,U303463,2026-03-25,False,0.0,258.55,258.55,app
O902198,U303465,2026-03-15,True,117.09,167.27,50.18,app
O902199,U303466,2026-03-28,True,140.0,201.02,61.02,app
O902200,U303467,2026-03-05,True,140.0,333.08,193.08,app
O902201,U303468,2026-03-21,True,140.0,222.59,82.59,app
O902202,U303468,2026-03-25,True,140.0,285.59,145.59,app
O902203,U303469,2026-03-03,True,140.0,314.92,174.92,web
O902204,U303472,2026-03-07,True,140.0,226.92,86.92,app
O902205,U303472,2026-03-09,True,140.0,227.6,87.6,app
O902206,U303472,2026-03-24,True,140.0,232.0,92.0,app
O902207,U303473,2026-03-28,True,97.06,138.66,41.6,app
O902208,U303480,2026-03-08,False,0.0,164.5,164.5,app
O902209,U303482,2026-03-22,True,83.28,118.98,35.69,app
O902210,U303483,2026-03-01,False,0.0,229.97,229.97,web
O902211,U303485,2026-03-29,True,96.69,138.13,41.44,app
O902212,U303487,2026-03-24,False,0.0,99.0,99.0,app
O902213,U303489,2026-03-25,True,100.44,143.49,43.05,app
O902214,U303489,2026-03-02,True,95.44,136.35,40.9,
O902215,U303490,2026-03-10,True,134.97,192.82,57.85,app
O902216,U303491,2026-03-01,False,0.0,266.29,266.29,app
O902217,U303491,2026-03-02,False,0.0,214.95,214.95,app
O902218,U303492,2026-03-23,False,0.0,198.83,198.83,app
O902219,U303496,2026-03-27,False,0.0,249.54,249.54,app
O902220,U303496,2026-03-19,False,0.0,247.08,247.08,app
O902221,U303497,2026-03-12,True,140.0,261.14,121.14,app
O902222,U303499,2026-03-10,True,124.58,177.97,53.39,web
O902223,U303500,2026-03-15,False,0.0,289.42,289.42,app
O902224,U303501,2026-03-25,True,119.43,170.62,51.19,app
O902225,U303502,2026-03-05,True,131.18,187.4,56.22,app
O902226,U303502,2026-03-01,True,140.0,228.97,88.97,app
O902227,U303505,2026-03-06,True,86.34,123.34,37.0,app
O902228,U303506,2026-03-30,False,0.0,269.58,269.58,app
O902229,U303506,2026-03-25,False,0.0,181.57,181.57,app
O902230,U303507,2026-03-11,True,139.7,199.57,59.87,app
O902231,U303508,2026-03-09,False,0.0,259.62,259.62,app
O902232,U303509,2026-03-09,True,140.0,249.14,109.14,app
O902233,U303510,2026-03-01,True,140.0,210.14,70.14,app
O902234,U303511,2026-03-03,True,101.8,145.42,43.63,app
O902235,U303511,2026-03-03,True,140.0,345.03,205.03,app
O902236,U303512,2026-03-18,True,140.0,285.99,145.99,app
O902237,U303515,2026-03-12,False,0.0,133.12,133.12,app
O902238,U303518,2026-03-19,False,0.0,240.77,240.77,app
O902239,U303518,2026-03-30,False,0.0,227.17,227.17,app
O902240,U303518,2026-03-05,False,0.0,159.38,159.38,app
O902241,U303519,2026-03-22,True,69.3,99.0,29.7,web
O902242,U303522,2026-03-01,True,96.73,138.19,41.46,app
O902243,U303524,2026-03-21,False,0.0,259.67,259.67,app
O902244,U303524,2026-03-08,False,0.0,180.31,180.31,app
O902245,U303525,2026-03-25,False,0.0,246.52,246.52,app
O902246,U303525,2026-03-11,False,0.0,240.5,240.5,app
O902247,U303526,2026-03-11,False,0.0,247.74,247.74,app
O902248,U303529,2026-03-24,False,0.0,190.33,190.33,app
O902249,U303533,2026-03-28,True,111.78,159.69,47.91,app
O902250,U303533,2026-03-03,True,140.0,247.08,107.08,app
O902251,U303534,2026-03-20,True,135.88,194.12,58.24,app
O902252,U303535,2026-03-21,True,140.0,241.08,101.08,app
O902253,U303535,2026-03-03,True,113.94,162.77,48.83,app
O902254,U303536,2026-03-15,False,0.0,362.93,362.93,app
O902255,U303536,2026-03-29,False,0.0,199.01,199.01,app
O902256,U303542,2026-03-02,False,0.0,179.68,179.68,app
O902257,U303545,2026-03-10,True,140.0,214.25,74.25,app
O902258,U303545,2026-03-27,True,140.0,335.16,195.16,
O902259,U303548,2026-03-25,False,0.0,229.59,229.59,app
O902260,U303552,2026-03-11,True,140.0,284.89,144.89,app
O902261,U303553,2026-03-15,False,0.0,247.07,247.07,app
O902262,U303554,2026-03-04,False,0.0,179.23,179.23,app
O902263,U303555,2026-03-17,False,0.0,232.79,232.79,app
O902264,U303557,2026-03-24,False,0.0,217.46,217.46,app
O902265,U303557,2026-03-15,False,0.0,401.29,401.29,app
O902266,U303559,2026-03-11,True,140.0,218.94,78.94,app
O902267,U303563,2026-03-13,True,140.0,286.75,146.75,app
O902268,U303565,2026-03-15,False,0.0,239.56,239.56,web
O902269,U303567,2026-03-01,False,0.0,210.67,210.67,app
O902270,U303567,2026-03-10,False,0.0,144.27,144.27,app
O902271,U303569,2026-03-28,True,140.0,218.04,78.04,app
O902272,U303569,2026-03-08,True,140.0,213.01,73.01,app
O902273,U303569,2026-03-28,True,127.96,182.8,54.84,app
O902274,U303570,2026-03-19,True,140.0,248.82,108.82,app
O902275,U303570,2026-03-07,True,117.79,168.27,50.48,app
O902276,U303571,2026-03-16,True,111.09,158.71,47.61,app
O902277,U303573,2026-03-12,False,0.0,225.68,225.68,app
O902278,U303573,2026-03-30,False,0.0,300.3,300.3,app
O902279,U303574,2026-03-30,True,140.0,217.69,77.69,app
O902280,U303576,2026-03-20,True,140.0,213.36,73.36,app
O902281,U303576,2026-03-06,True,140.0,267.94,127.94,app
O902282,U303577,2026-03-05,True,140.0,296.9,156.9,app
O902283,U303577,2026-03-21,True,140.0,221.5,81.5,app
O902284,U303577,2026-03-24,True,140.0,218.91,78.91,app
O902285,U303578,2026-03-08,True,102.49,146.42,43.93,app
O902286,U303581,2026-03-08,True,108.75,155.36,46.61,app
O902287,U303582,2026-03-25,True,140.0,223.62,83.62,app
O902288,U303583,2026-03-17,True,140.0,271.99,131.99,app
O902289,U303583,2026-03-18,True,140.0,210.78,70.78,app
O902290,U303585,2026-03-03,False,0.0,307.41,307.41,app
O902291,U303587,2026-03-11,False,0.0,208.27,208.27,app
O902292,U303588,2026-03-26,False,0.0,270.8,270.8,app
O902293,U303588,2026-03-26,False,0.0,296.31,296.31,app
O902294,U303590,2026-03-08,False,0.0,198.05,198.05,web
O902295,U303591,2026-03-11,False,0.0,236.5,236.5,app
O902296,U303594,2026-03-05,False,0.0,153.38,153.38,app
O902297,U303594,2026-03-25,False,0.0,145.48,145.48,app
O902298,U303595,2026-03-03,False,0.0,99.0,99.0,app
O902299,U303596,2026-03-17,False,0.0,237.74,237.74,app
O902300,U303597,2026-03-29,False,0.0,199.0,199.0,app
O902301,U303598,2026-03-06,True,83.21,118.88,35.66,app
O902302,U303600,2026-03-20,True,126.04,180.05,54.02,app
O902303,U303601,2026-03-24,True,140.0,219.61,79.61,app
O902304,U303603,2026-03-26,True,140.0,263.92,123.92,app
O902305,U303607,2026-03-10,True,140.0,235.53,95.53,web
O902306,U303610,2026-03-14,False,0.0,243.42,243.42,app
O902307,U303610,2026-03-27,False,0.0,137.79,137.79,app
O902308,U303611,2026-03-20,True,113.95,162.79,48.84,app
O902309,U303614,2026-03-16,True,105.83,151.18,45.35,app
O902310,U303616,2026-03-11,True,140.0,263.2,123.2,app
O902311,U303619,2026-03-05,True,117.37,167.67,50.3,app
O902312,U303620,2026-03-12,True,69.3,99.0,29.7,app
O902313,U303626,2026-03-25,False,0.0,105.35,105.35,app
O902314,U303626,2026-03-27,False,0.0,226.85,226.85,app
O902315,U303626,2026-03-27,False,0.0,305.73,305.73,app
O902316,U303628,2026-03-11,True,118.25,168.93,50.68,web
O902317,U303633,2026-03-08,True,137.4,196.28,58.88,app
O902318,U303635,2026-03-04,True,140.0,239.28,99.28,app
O902319,U303635,2026-03-25,True,140.0,231.17,91.17,app
O902320,U303636,2026-03-02,False,0.0,320.15,320.15,app
O902321,U303636,2026-03-22,False,0.0,235.64,235.64,app
O902322,U303637,2026-03-19,False,0.0,259.39,259.39,
O902323,U303638,2026-03-07,False,0.0,233.55,233.55,app
O902324,U303640,2026-03-17,True,140.0,269.2,129.2,app
O902325,U303645,2026-03-08,True,96.77,138.24,41.47,app
O902326,U303646,2026-03-27,True,140.0,290.72,150.72,app
O902327,U303648,2026-03-05,True,140.0,-236.81,96.81,app
O902328,U303651,2026-03-15,False,0.0,232.85,232.85,app
O902329,U303654,2026-03-14,True,124.04,177.2,53.16,app
O902330,U303654,2026-03-20,True,137.11,195.87,58.76,app
O902331,U303656,2026-03-03,True,140.0,227.87,87.87,app
O902332,U303657,2026-03-11,False,0.0,226.36,226.36,
O902333,U303658,2026-03-13,False,0.0,280.55,280.55,app
O902334,U303663,2026-03-28,True,140.0,287.06,147.06,app
O902335,U303665,2026-03-11,False,0.0,222.88,222.88,web
O902336,U303665,2026-03-15,False,0.0,160.27,160.27,app
O902337,U303665,2026-03-26,False,0.0,157.95,157.95,app
O902338,U303668,2026-03-07,False,0.0,155.75,155.75,app
O902339,U303670,2026-03-06,False,0.0,162.79,162.79,app
O902340,U303670,2026-03-01,False,0.0,281.24,281.24,app
O902341,U303670,2026-03-23,False,0.0,226.69,226.69,app
O902342,U303672,2026-03-04,True,140.0,326.67,186.67,app
O902343,U303672,2026-03-12,True,108.12,154.46,46.34,app
O902344,U303673,2026-03-07,True,140.0,222.31,82.31,app
O902345,U303676,2026-03-04,True,140.0,250.61,110.61,app
O902346,U303676,2026-03-03,True,93.93,134.19,40.26,app
O902347,U303684,2026-03-01,True,133.7,190.99,57.3,app
O902348,U303684,2026-03-15,True,123.41,176.29,52.89,app
O902349,U303687,2026-03-18,False,0.0,163.12,163.12,app
O902350,U303687,2026-03-14,False,0.0,181.07,181.07,app
O902351,U303688,2026-03-07,False,0.0,211.69,211.69,app
O902352,U303688,2026-03-14,False,0.0,117.68,117.68,app
O902353,U303688,2026-03-13,False,0.0,99.0,99.0,app
O902354,U303690,2026-03-11,True,140.0,256.98,116.98,app
O902355,U303692,2026-03-14,True,140.0,233.58,93.58,app
O902356,U303693,2026-03-28,False,0.0,281.17,281.17,app
O902357,U303695,2026-03-19,False,0.0,140.41,140.41,app
O902358,U303699,2026-03-17,False,0.0,136.04,136.04,app
O902359,U303702,2026-03-21,True,140.0,230.18,90.18,app
O902360,U303704,2026-03-02,True,140.0,225.58,85.58,app
O902361,U303706,2026-03-11,True,140.0,203.22,63.22,app
O902362,U303706,2026-03-07,True,140.0,201.98,61.98,app
O902363,U303707,2026-03-16,True,140.0,203.07,63.07,app
O902364,U303708,2026-03-07,True,125.07,178.68,53.6,app
O902365,U303709,2026-03-04,False,0.0,296.77,296.77,app
O902366,U303710,2026-03-29,True,129.15,184.5,55.35,app
O902367,U303714,2026-03-14,True,140.0,223.89,83.89,app
O902368,U303715,2026-03-05,True,139.66,199.52,59.86,app
O902369,U303717,2026-03-15,True,137.08,195.83,58.75,app
O902370,U303718,2026-03-26,True,140.0,248.0,108.0,app
O902371,U303720,2026-03-04,True,139.67,199.53,59.86,app
O902372,U303723,2026-03-09,False,0.0,261.85,261.85,app
O902373,U303725,2026-03-19,True,140.0,255.26,115.26,app
O902374,U303729,2026-03-08,True,140.0,288.1,148.1,app
O902375,U303730,2026-03-11,True,81.11,115.86,34.76,app
O902376,U303732,2026-03-19,False,0.0,248.75,248.75,app
O902377,U303732,2026-03-08,False,0.0,323.02,323.02,app
O902378,U303733,2026-03-09,False,0.0,220.63,220.63,web
O902379,U303733,2026-03-04,False,0.0,264.84,264.84,app
O902380,U303734,2026-03-08,False,0.0,209.81,209.81,app
O902381,U303736,2026-03-27,False,0.0,123.34,123.34,app
O902382,U303737,2026-03-18,True,120.52,172.17,51.65,app
O902383,U303737,2026-03-12,True,104.56,149.37,44.81,app
O902384,U303738,2026-03-12,True,140.0,257.59,117.59,app
O902385,U303740,2026-03-18,True,140.0,277.8,137.8,app
O902386,U303741,2026-03-01,True,140.0,229.27,89.27,app
O902387,U303741,2026-03-25,True,105.49,150.7,45.21,app
O902388,U303742,2026-03-26,True,140.0,202.69,62.69,app
O902389,U303743,2026-03-06,False,0.0,245.69,245.69,app
O902390,U303744,2026-03-06,False,0.0,224.93,224.93,app
O902391,U303746,2026-03-13,False,0.0,216.32,216.32,app
O902392,U303748,2026-03-15,True,140.0,283.27,143.27,app
O902393,U303751,2026-03-18,False,0.0,164.75,164.75,app
O902394,U303757,2026-03-16,True,140.0,255.52,115.52,app
O902395,U303757,2026-03-20,True,140.0,216.66,76.66,app
O902396,U303757,2026-03-14,True,128.15,183.08,54.92,app
O902397,U303758,2026-03-03,False,0.0,228.37,228.37,app
O902398,U303761,2026-03-23,True,140.0,240.77,100.77,app
O902399,U303764,2026-03-06,False,0.0,156.43,156.43,app
O902400,U303765,2026-03-24,True,140.0,207.3,67.3,app
O902401,U303768,2026-03-09,True,69.3,99.0,29.7,app
O902402,U303768,2026-03-21,True,140.0,257.04,117.04,app
O902403,U303769,2026-03-05,True,69.3,99.0,29.7,app
O902404,U303770,2026-03-28,True,140.0,205.0,65.0,app
O902405,U303771,2026-03-28,False,0.0,234.39,234.39,app
O902406,U303772,2026-03-08,True,140.0,231.89,91.89,app
O902407,U303774,2026-03-05,False,0.0,210.27,210.27,app
O902408,U303774,2026-03-24,False,0.0,171.74,171.74,app
O902409,U303775,2026-03-22,True,109.71,156.73,47.02,app
O902410,U303776,2026-03-01,False,0.0,261.52,261.52,app
O902411,U303776,2026-03-12,False,0.0,219.85,219.85,app
O902412,U303779,2026-03-28,True,140.0,250.81,110.81,app
O902413,U303781,2026-03-06,True,140.0,286.78,146.78,
O902414,U303783,2026-03-17,True,140.0,201.59,61.59,app
O902415,U303784,2026-03-22,False,0.0,254.92,254.92,
O902416,U303786,2026-03-12,True,99.3,141.86,42.56,app
O902417,U303789,2026-03-17,False,0.0,238.54,238.54,web
O902418,U303789,2026-03-13,False,0.0,169.93,169.93,app
O902419,U303791,2026-03-08,False,0.0,341.51,341.51,app
O902420,U303792,2026-03-14,False,0.0,239.47,239.47,app
O902421,U303794,2026-03-28,True,140.0,222.38,82.38,app
O902422,U303794,2026-03-20,True,131.16,187.37,56.21,app
O902423,U303795,2026-03-11,True,140.0,215.04,75.04,app
O902424,U303798,2026-03-02,False,0.0,260.51,260.51,app
O902425,U303798,2026-03-08,False,0.0,173.88,173.88,app
O902426,U303799,2026-03-25,False,0.0,127.98,127.98,app
O902427,U303802,2026-03-01,True,107.95,154.22,46.26,app
O902428,U303803,2026-03-16,True,92.3,131.86,39.56,web
O902429,U303808,2026-03-14,True,140.0,280.4,140.4,app
O902430,U303809,2026-03-14,True,140.0,354.39,214.39,web
O902431,U303810,2026-03-23,True,86.37,123.38,37.02,app
O902432,U303811,2026-03-14,True,88.03,125.75,37.73,app
O902433,U303813,2026-03-08,True,140.0,242.25,102.25,app
O902434,U303813,2026-03-28,True,140.0,325.22,185.22,app
O902435,U303814,2026-03-16,True,114.98,164.26,49.28,app
O902436,U303815,2026-03-20,True,140.0,240.11,100.11,app
O902437,U303817,2026-03-02,False,0.0,237.55,237.55,app
O902438,U303818,2026-03-12,False,0.0,186.45,186.45,app
O902439,U303819,2026-03-23,True,140.0,210.81,70.81,app
O902440,U303820,2026-03-18,False,0.0,99.0,99.0,app
O902441,U303821,2026-03-22,False,0.0,251.04,251.04,app
O902442,U303823,2026-03-19,True,140.0,266.47,126.47,app
O902443,U303826,2026-03-12,True,115.29,164.7,49.41,app
O902444,U303827,2026-03-09,True,140.0,210.35,70.35,app
O902445,U303828,2026-03-03,False,0.0,273.8,273.8,app
O902446,U303829,2026-03-29,False,0.0,181.16,181.16,app
O902447,U303831,2026-03-26,True,140.0,245.12,105.12,app
O902448,U303832,2026-03-08,False,0.0,289.76,289.76,app
O902449,U303833,2026-03-09,True,69.3,99.0,29.7,app
O902450,U303833,2026-03-12,True,132.4,189.14,56.74,app
O902451,U303834,2026-03-15,False,0.0,177.69,177.69,app
O902452,U303835,2026-03-08,True,140.0,224.09,84.09,app
O902453,U303835,2026-03-15,True,93.59,133.7,40.11,app
O902454,U303835,2026-03-12,True,140.0,243.0,103.0,app
O902455,U303836,2026-03-28,False,0.0,273.42,273.42,app
O902456,U303836,2026-03-15,False,0.0,220.79,220.79,app
O902457,U303837,2026-03-03,True,135.27,193.24,57.97,app
O902458,U303838,2026-03-01,True,69.3,99.0,29.7,app
O902459,U303844,2026-03-20,True,140.0,209.36,69.36,app
O902460,U303845,2026-03-16,True,140.0,250.94,110.94,app
O902461,U303847,2026-03-05,False,0.0,259.83,259.83,app
O902462,U303847,2026-03-17,False,0.0,200.75,200.75,app
O902463,U303847,2026-03-14,False,0.0,249.59,249.59,app
O902464,U303847,2026-03-03,False,0.0,292.6,292.6,web
O902465,U303852,2026-03-15,True,121.62,173.74,52.12,app
O902466,U303852,2026-03-05,True,113.46,162.09,48.63,app
O902467,U303852,2026-03-12,True,140.0,223.64,83.64,app
O902468,U303854,2026-03-22,True,108.92,155.6,46.68,app
O902469,U303856,2026-03-24,True,140.0,288.7,148.7,app
O902470,U303857,2026-03-30,True,140.0,208.86,68.86,app
O902471,U303859,2026-03-05,True,127.49,182.13,54.64,app
O902472,U303859,2026-03-15,True,140.0,317.94,177.94,app
O902473,U303859,2026-03-14,True,134.83,192.61,57.78,app
O902474,U303863,2026-03-05,True,140.0,213.36,73.36,app
O902475,U303863,2026-03-30,True,140.0,252.37,112.37,app
O902476,U303865,2026-03-21,True,122.42,174.88,52.47,app
O902477,U303865,2026-03-01,True,140.0,206.91,66.91,app
O902478,U303867,2026-03-12,True,140.0,276.73,136.73,app
O902479,U303870,2026-03-25,True,140.0,287.5,147.5,app
O902480,U303870,2026-03-26,True,140.0,317.54,177.54,app
O902481,U303870,2026-03-12,True,115.79,165.42,49.63,app
O902482,U303874,2026-03-02,False,0.0,181.88,181.88,app
O902483,U303875,2026-03-22,False,0.0,313.68,313.68,app
O902484,U303878,2026-03-15,True,124.08,177.25,53.18,app
O902485,U303879,2026-03-29,True,130.14,185.92,55.78,app
O902486,U303879,2026-03-14,True,117.2,167.43,50.23,app
O902487,U303882,2026-03-11,False,0.0,245.46,245.46,app
O902488,U303884,2026-03-28,True,140.0,241.01,101.01,app
O902489,U303886,2026-03-30,False,0.0,215.31,215.31,app
O902490,U303886,2026-03-22,False,0.0,336.28,336.28,app
O902491,U303886,2026-03-22,False,0.0,257.36,257.36,app
O902492,U303889,2026-03-14,True,140.0,219.3,79.3,app
O902493,U303892,2026-03-09,False,0.0,162.62,162.62,app
O902494,U303893,2026-03-02,False,0.0,225.09,225.09,app
O902495,U303896,2026-03-20,False,0.0,298.53,298.53,app
O902496,U303898,2026-03-26,True,131.03,187.19,56.16,app
O902497,U303907,2026-03-09,False,0.0,99.0,99.0,app
O902498,U303909,2026-03-10,True,140.0,294.82,154.82,app
O902499,U303909,2026-03-10,True,140.0,263.99,123.99,app
O902500,U303909,2026-03-19,True,140.0,261.93,121.93,app
O902501,U303910,2026-03-09,False,0.0,99.0,99.0,app
O902502,U303915,2026-03-22,True,140.0,214.17,74.17,app
O902503,U303917,2026-03-23,False,0.0,120.02,120.02,app
O902504,U303919,2026-03-29,True,140.0,235.67,95.67,app
O902505,U303922,2026-03-13,False,0.0,240.04,240.04,app
O902506,U303925,2026-03-01,False,0.0,244.9,244.9,app
O902507,U303928,2026-03-21,True,140.0,263.44,123.44,app
O902508,U303928,2026-03-10,True,140.0,219.02,79.02,app
O902509,U303929,2026-03-02,True,140.0,214.96,74.96,app
O902510,U303929,2026-03-19,True,134.64,192.34,57.7,app
O902511,U303934,2026-03-01,False,0.0,205.28,205.28,app
O902512,U303936,2026-03-27,True,72.33,103.33,31.0,app
O902513,U303937,2026-03-18,True,140.0,251.68,111.68,app
O902514,U303938,2026-03-03,True,131.94,188.48,56.54,app
O902515,U303940,2026-03-30,True,140.0,238.91,98.91,app
O902516,U303942,2026-03-09,False,0.0,187.94,187.94,app
O902517,U303942,2026-03-29,False,0.0,288.53,288.53,app
O902518,U303945,2026-03-20,True,140.0,212.19,72.19,app
O902519,U303945,2026-03-05,True,140.0,267.85,127.85,app
O902520,U303945,2026-03-09,True,140.0,267.64,127.64,
O902521,U303945,2026-03-13,True,140.0,245.83,105.83,app
O902522,U303946,2026-03-08,False,0.0,171.48,171.48,app
O902523,U303946,2026-03-25,False,0.0,166.12,166.12,app
O902524,U303948,2026-03-02,True,140.0,239.41,99.41,app
O902525,U303952,2026-03-07,True,84.88,121.26,36.38,app
O902526,U303955,2026-03-12,True,140.0,206.23,66.23,app
O902527,U303957,2026-03-01,False,0.0,257.81,257.81,app
O902528,U303961,2026-03-24,False,0.0,153.77,153.77,app
O902529,U303964,2026-03-13,True,140.0,204.53,64.53,app
O902530,U303964,2026-03-25,True,115.04,164.35,49.3,app
O902531,U303966,2026-03-09,True,140.0,270.51,130.51,app
O902532,U303970,2026-03-03,True,140.0,305.4,165.4,app
O902533,U303974,2026-03-13,True,75.97,108.53,32.56,app
O902534,U303976,2026-03-27,False,0.0,370.0,370.0,app
O902535,U303977,2026-03-29,True,140.0,269.58,129.58,app
O902536,U303981,2026-03-13,False,0.0,233.64,233.64,app
O902537,U303982,2026-03-07,False,0.0,195.89,195.89,app
O902538,U303982,2026-03-14,False,0.0,317.75,317.75,app
O902539,U303983,2026-03-19,True,140.0,225.25,85.25,web
O902540,U303984,2026-03-19,True,140.0,267.39,127.39,app
O902541,U303985,2026-03-26,True,121.65,173.79,52.14,app
O902542,U303987,2026-03-19,True,140.0,206.13,66.13,app
O902543,U303991,2026-03-28,True,132.94,189.92,56.98,app
O902544,U303992,2026-03-13,True,140.0,290.69,150.69,web
O902545,U303993,2026-03-12,False,0.0,248.92,248.92,app
O902546,U303994,2026-03-25,True,140.0,259.34,119.34,app
O902547,U304001,2026-03-06,True,140.0,297.08,157.08,app
O902548,U304003,2026-03-12,True,125.83,179.76,53.93,app
O902549,U304003,2026-03-16,True,140.0,228.78,88.78,app
O902550,U304004,2026-03-28,True,140.0,241.95,101.95,app
O902551,U304005,2026-03-30,False,0.0,254.56,254.56,app
O902552,U304007,2026-03-21,False,0.0,202.04,202.04,app
O902553,U304010,2026-03-18,True,138.0,197.14,59.14,app
O902554,U304012,2026-03-01,True,140.0,274.55,134.55,app
O902555,U304013,2026-03-09,False,0.0,299.24,299.24,app
O902556,U304014,2026-03-05,False,0.0,235.08,235.08,app
O902557,U304016,2026-03-15,True,103.37,147.68,44.3,app
O902558,U304017,2026-03-01,False,0.0,204.74,204.74,app
O902559,U304018,2026-03-20,False,0.0,219.49,219.49,app
O902560,U304019,2026-03-01,True,121.99,174.27,52.28,app
O902561,U304020,2026-03-02,False,0.0,329.99,329.99,app
O902562,U304023,2026-03-30,True,105.32,150.45,45.14,web
O902563,U304024,2026-03-14,True,105.54,150.77,45.23,app
O902564,U304024,2026-03-16,True,116.64,166.63,49.99,app
O902565,U304032,2026-03-23,True,140.0,256.96,116.96,app
O902566,U304033,2026-03-16,True,140.0,258.3,118.3,app
O902567,U304034,2026-03-14,True,140.0,248.77,108.77,app
O902568,U304035,2026-03-24,True,140.0,206.68,66.68,app
O902569,U304037,2026-03-04,True,140.0,230.22,90.22,app
O902570,U304041,2026-03-05,True,140.0,257.94,117.94,app
O902571,U304046,2026-03-19,False,0.0,281.53,281.53,app
O902572,U304047,2026-03-03,False,0.0,228.98,228.98,app
O902573,U304049,2026-03-08,False,0.0,210.6,210.6,app
O902574,U304051,2026-03-04,False,0.0,259.85,259.85,app
O902575,U304051,2026-03-23,False,0.0,187.93,187.93,app
O902576,U304053,2026-03-25,True,140.0,296.55,156.55,app
O902577,U304056,2026-03-05,True,140.0,213.86,73.86,app
O902578,U304059,2026-03-26,True,140.0,228.86,88.86,app
O902579,U304063,2026-03-03,False,0.0,99.0,99.0,app
O902580,U304071,2026-03-15,True,97.19,138.85,41.65,app
O902581,U304072,2026-03-30,True,140.0,202.37,62.37,app
O902582,U304074,2026-03-23,True,140.0,222.92,82.92,app
O902583,U304075,2026-03-28,False,0.0,191.65,191.65,app
O902584,U304077,2026-03-29,True,140.0,207.63,67.63,app
O902585,U304080,2026-03-14,True,140.0,234.66,94.66,app
O902586,U304082,2026-03-05,False,0.0,201.03,201.03,app
O902587,U304083,2026-03-21,True,140.0,204.6,64.6,app
O902588,U304086,2026-03-19,True,140.0,219.33,79.33,app
O902589,U304093,2026-03-16,True,139.19,198.84,59.65,app
O902590,U304094,2026-03-06,True,74.9,107.0,32.1,app
O902591,U304095,2026-03-21,False,0.0,213.64,213.64,app
O902592,U304097,2026-03-04,True,140.0,292.09,152.09,app
O902593,U304100,2026-03-24,False,0.0,180.86,180.86,app
O902594,U304101,2026-03-11,False,0.0,199.92,199.92,app
O902595,U304101,2026-03-15,False,0.0,333.86,333.86,app
O902596,U304104,2026-03-17,True,140.0,225.44,85.44,app
O902597,U304105,2026-03-03,True,140.0,279.97,139.97,app
O902598,U304105,2026-03-24,True,140.0,303.62,163.62,app
O902599,U304105,2026-03-11,True,140.0,211.82,71.82,app
O902600,U304107,2026-03-29,True,139.9,199.86,59.96,app
O902601,U304108,2026-03-24,True,138.74,198.2,59.46,app
O902602,U304110,2026-03-04,False,0.0,296.77,296.77,app
O902603,U304111,2026-03-23,True,140.0,208.81,68.81,app
O902604,U304112,2026-03-28,False,0.0,221.8,221.8,app
O902605,U304112,2026-03-07,False,0.0,189.23,189.23,app
O902606,U304113,2026-03-14,False,0.0,198.44,198.44,app
O902607,U304115,2026-03-25,False,0.0,167.87,167.87,app
O902608,U304116,2026-03-18,False,0.0,149.3,149.3,web
O902609,U304116,2026-03-21,False,0.0,202.79,202.79,app
O902610,U304116,2026-03-13,False,0.0,231.35,231.35,app
O902611,U304117,2026-03-06,True,140.0,253.0,113.0,app
O902612,U304119,2026-03-14,True,140.0,228.12,88.12,app
O902613,U304121,2026-03-07,True,140.0,235.37,95.37,app
O902614,U304122,2026-03-14,True,103.85,148.36,44.51,web
O902615,U304122,2026-03-05,True,126.28,180.4,54.12,app
O902616,U304122,2026-03-28,True,107.0,152.85,45.86,app
O902617,U304124,2026-03-06,False,0.0,204.68,204.68,app
O902618,U304124,2026-03-03,False,0.0,201.41,201.41,app
O902619,U304125,2026-03-14,True,140.0,331.41,191.41,app
O902620,U304126,2026-03-05,False,0.0,185.62,185.62,app
O902621,U304127,2026-03-17,True,129.36,184.8,55.44,app
O902622,U304128,2026-03-09,False,0.0,218.83,218.83,app
O902623,U304129,2026-03-23,True,122.2,174.57,52.37,app
O902624,U304129,2026-03-10,True,140.0,310.48,170.48,web
O902625,U304130,2026-03-07,False,0.0,373.65,373.65,app
O902626,U304132,2026-03-06,True,140.0,269.36,129.36,app
O902627,U304134,2026-03-08,True,140.0,256.88,116.88,app
O902628,U304135,2026-03-04,False,0.0,232.47,232.47,app
O902629,U304136,2026-03-21,False,0.0,215.17,215.17,app
O902630,U304136,2026-03-06,False,0.0,259.6,259.6,app
O902631,U304137,2026-03-08,True,140.0,292.33,152.33,app
O902632,U304138,2026-03-03,False,0.0,225.42,225.42,app
O902633,U304142,2026-03-03,True,121.68,173.83,52.15,app
O902634,U304144,2026-03-14,False,0.0,245.81,245.81,app
O902635,U304145,2026-03-08,True,69.68,99.54,29.86,app
O902636,U304146,2026-03-28,False,0.0,260.41,260.41,app
O902637,U304147,2026-03-08,True,140.0,238.14,98.14,app
O902638,U304149,2026-03-30,False,0.0,166.15,166.15,app
O902639,U304151,2026-03-23,True,140.0,288.48,148.48,app
O902640,U304153,2026-03-24,False,0.0,187.54,187.54,app
O902641,U304155,2026-03-07,False,0.0,194.45,194.45,app
O902642,U304155,2026-03-10,False,0.0,206.98,206.98,app
O902643,U304159,2026-03-19,False,0.0,325.75,325.75,app
O902644,U304161,2026-03-22,False,0.0,162.22,162.22,app
O902645,U304165,2026-03-28,True,140.0,282.93,142.93,app
O902646,U304168,2026-03-17,False,0.0,186.93,186.93,web
O902647,U304171,2026-03-04,True,123.27,176.1,52.83,
O902648,U304173,2026-03-27,False,0.0,331.22,331.22,app
O902649,U304173,2026-03-29,False,0.0,148.7,148.7,app
O902650,U304174,2026-03-26,True,140.0,321.71,181.71,app
O902651,U304176,2026-03-12,True,140.0,247.03,107.03,app
O902652,U304176,2026-03-17,True,135.77,193.96,58.19,app
O902653,U304178,2026-03-05,False,0.0,171.74,171.74,app
O902654,U304180,2026-03-15,False,0.0,293.79,293.79,app
O902655,U304180,2026-03-30,False,0.0,305.89,305.89,app
O902656,U304181,2026-03-20,False,0.0,114.57,114.57,app
O902657,U304182,2026-03-22,False,0.0,251.12,251.12,app
O902658,U304183,2026-03-23,True,140.0,228.76,88.76,app
O902659,U304183,2026-03-29,True,140.0,238.32,98.32,app
O902660,U304183,2026-03-27,True,140.0,410.32,270.32,app
O902661,U304185,2026-03-15,True,125.32,179.03,53.71,web
O902662,U304186,2026-03-04,False,0.0,300.1,300.1,app
O902663,U304190,2026-03-21,True,140.0,206.34,66.34,app
O902664,U304190,2026-03-05,True,140.0,298.99,158.99,app
O902665,U304190,2026-03-15,True,140.0,315.95,175.95,app
O902666,U304191,2026-03-02,True,132.7,189.57,56.87,app
O902667,U304192,2026-03-25,True,140.0,287.77,147.77,app
O902668,U304193,2026-03-21,False,0.0,209.55,209.55,app
O902669,U304195,2026-03-13,False,0.0,234.15,234.15,app
O902670,U304196,2026-03-11,False,0.0,364.55,364.55,app
O902671,U304196,2026-03-07,False,0.0,212.34,212.34,app
O902672,U304197,2026-03-29,False,0.0,146.22,146.22,app
O902673,U304199,2026-03-29,True,140.0,250.99,110.99,app
O902674,U304200,2026-03-01,False,0.0,309.3,309.3,app
O902675,U304203,2026-03-04,True,104.99,149.98,45.0,app
O902676,U304206,2026-03-23,True,140.0,201.76,61.76,app
O902677,U304207,2026-03-02,False,0.0,259.78,259.78,app
O902678,U304207,2026-03-05,False,0.0,245.88,245.88,app
O902679,U304207,2026-03-25,False,0.0,253.65,253.65,web
O902680,U304208,2026-03-20,True,134.81,192.59,57.78,app
O902681,U304210,2026-03-10,False,0.0,210.13,210.13,app
O902682,U304211,2026-03-06,False,0.0,291.99,291.99,app
O902683,U304212,2026-03-23,True,112.9,161.29,48.39,app
O902684,U304212,2026-03-30,True,87.98,125.68,37.7,app
O902685,U304215,2026-03-24,False,0.0,223.47,223.47,app
O902686,U304215,2026-03-26,False,0.0,274.34,274.34,app
O902687,U304215,2026-03-12,False,0.0,193.56,193.56,app
O902688,U304216,2026-03-13,True,140.0,207.04,67.04,app
O902689,U304217,2026-03-15,True,93.34,133.34,40.0,app
O902690,U304220,2026-03-27,True,140.0,376.92,236.92,app
O902691,U304221,2026-03-08,True,114.6,163.72,49.12,app
O902692,U304221,2026-03-01,True,85.15,121.65,36.49,app
O902693,U304223,2026-03-09,True,96.29,137.55,41.27,app
O902694,U304224,2026-03-01,True,140.0,253.03,113.03,app
O902695,U304224,2026-03-16,True,140.0,209.98,69.98,app
O902696,U304232,2026-03-14,False,0.0,193.57,193.57,app
O902697,U304232,2026-03-26,False,0.0,228.52,228.52,app
O902698,U304234,2026-03-02,True,139.83,199.75,59.93,app
O902699,U304236,2026-03-18,False,0.0,160.76,160.76,app
O902700,U304236,2026-03-27,False,0.0,131.57,131.57,app
O902701,U304236,2026-03-28,False,0.0,228.2,228.2,app
O902702,U304240,2026-03-22,True,140.0,278.19,138.19,web
O902703,U304243,2026-03-30,False,0.0,202.68,202.68,app
O902704,U304244,2026-03-20,True,140.0,341.94,201.94,app
O902705,U304246,2026-03-02,True,140.0,216.89,76.89,app
O902706,U304246,2026-03-30,True,115.37,164.81,49.44,app
O902707,U304246,2026-03-06,True,140.0,223.9,83.9,app
O902708,U304249,2026-03-30,False,0.0,-138.64,138.64,app
O902709,U304249,2026-03-19,False,0.0,272.34,272.34,app
O902710,U304250,2026-03-17,True,140.0,275.1,135.1,app
O902711,U304250,2026-03-14,True,140.0,215.09,75.09,app
O902712,U304252,2026-03-03,True,140.0,278.63,138.63,app
O902713,U304253,2026-03-13,False,0.0,179.65,179.65,app
O902714,U304256,2026-03-14,False,0.0,150.7,150.7,app
O902715,U304256,2026-03-17,False,0.0,221.42,221.42,
O902716,U304256,2026-03-26,False,0.0,129.61,129.61,app
O902717,U304261,2026-03-09,False,0.0,147.21,147.21,app
O902718,U304261,2026-03-21,False,0.0,202.28,202.28,app
O902719,U304261,2026-03-29,False,0.0,273.84,273.84,app
O902720,U304262,2026-03-30,True,140.0,235.74,95.74,app
O902721,U304265,2026-03-17,True,140.0,311.78,171.78,app
O902722,U304269,2026-03-26,True,140.0,306.68,166.68,app
O902723,U304271,2026-03-04,True,140.0,268.72,128.72,app
O902724,U304272,2026-03-25,False,0.0,225.19,225.19,app
O902725,U304274,2026-03-23,True,140.0,214.73,74.73,app
O902726,U304274,2026-03-09,True,140.0,278.93,138.93,web
O902727,U304274,2026-03-12,True,140.0,224.78,84.78,app
O902728,U304275,2026-03-02,False,0.0,154.18,154.18,app
O902729,U304275,2026-03-17,False,0.0,183.38,183.38,app
O902730,U304277,2026-03-28,True,140.0,293.43,153.43,app
O902731,U304279,2026-03-19,True,140.0,252.2,112.2,app
O902732,U304280,2026-03-20,True,140.0,-228.65,88.65,app
O902733,U304281,2026-03-01,False,0.0,267.64,267.64,app
O902734,U304282,2026-03-22,True,140.0,289.3,149.3,app
O902735,U304284,2026-03-16,False,0.0,280.48,280.48,app
O902736,U304290,2026-03-29,True,69.3,99.0,29.7,app
O902737,U304293,2026-03-02,False,0.0,117.23,117.23,app
O902738,U304294,2026-03-08,True,140.0,203.32,63.32,app
O902739,U304295,2026-03-02,False,0.0,235.19,235.19,app
O902740,U304301,2026-03-24,True,140.0,290.05,150.05,app
O902741,U304308,2026-03-25,True,71.6,102.29,30.69,app
O902742,U304310,2026-03-29,False,0.0,209.29,209.29,app
O902743,U304310,2026-03-20,False,0.0,172.59,172.59,app
O902744,U304311,2026-03-29,True,105.42,150.6,45.18,app
O902745,U304314,2026-03-07,True,119.99,171.41,51.42,app
O902746,U304317,2026-03-23,True,126.05,180.07,54.02,app
O902747,U304318,2026-03-10,False,0.0,212.34,212.34,app
O902748,U304319,2026-03-03,True,140.0,209.98,69.98,app
O902749,U304321,2026-03-15,False,0.0,288.37,288.37,app
O902750,U304322,2026-03-17,False,0.0,251.46,251.46,app
O902751,U304322,2026-03-23,False,0.0,109.37,109.37,app
O902752,U304323,2026-03-06,False,0.0,270.19,270.19,app
O902753,U304326,2026-03-16,True,140.0,281.29,141.29,app
O902754,U304326,2026-03-06,True,140.0,232.49,92.49,app
O902755,U304330,2026-03-09,True,140.0,222.26,82.26,app
O902756,U304331,2026-03-21,True,121.56,173.65,52.1,app
O902757,U304332,2026-03-16,False,0.0,177.52,177.52,app
O902758,U304337,2026-03-21,False,0.0,215.67,215.67,app
O902759,U304339,2026-03-10,True,118.27,168.96,50.69,app
O902760,U304340,2026-03-29,False,0.0,99.16,99.16,web
O902761,U304346,2026-03-04,True,140.0,221.02,81.02,app
O902762,U304347,2026-03-10,True,140.0,235.8,95.8,app
O902763,U304348,2026-03-14,True,140.0,288.23,148.23,app
O902764,U304349,2026-03-20,False,0.0,300.79,300.79,app
O902765,U304349,2026-03-12,False,0.0,162.26,162.26,
O902766,U304350,2026-03-22,False,0.0,197.96,197.96,app
O902767,U304352,2026-03-14,False,0.0,267.95,267.95,app
O902768,U304353,2026-03-18,True,140.0,226.37,86.37,app
O902769,U304356,2026-03-19,True,140.0,223.57,83.57,app
O902770,U304358,2026-03-18,True,140.0,289.42,149.42,app
O902771,U304361,2026-03-12,True,99.34,141.92,42.57,app
O902772,U304362,2026-03-14,True,140.0,311.33,171.33,app
O902773,U304364,2026-03-29,True,140.0,259.15,119.15,app
O902774,U304365,2026-03-07,False,0.0,217.2,217.2,app
O902775,U304367,2026-03-25,False,0.0,266.76,266.76,app
O902776,U304369,2026-03-22,False,0.0,173.71,173.71,app
O902777,U304372,2026-03-23,True,128.19,183.12,54.94,app
O902778,U304372,2026-03-25,True,76.15,108.79,32.64,app
O902779,U304376,2026-03-23,True,105.4,150.57,45.17,web
O902780,U304376,2026-03-13,True,140.0,292.59,152.59,
O902781,U304383,2026-03-28,True,90.8,129.71,38.91,app
O902782,U304383,2026-03-05,True,126.5,180.71,54.21,app
O902783,U304384,2026-03-12,False,0.0,176.47,176.47,app
O902784,U304385,2026-03-13,False,0.0,268.98,268.98,app
O902785,U304387,2026-03-29,True,115.05,164.36,49.31,app
O902786,U304388,2026-03-19,True,135.93,194.19,58.26,app
O902787,U304389,2026-03-01,True,140.0,358.74,218.74,app
O902788,U304389,2026-03-15,True,140.0,213.47,73.47,app
O902789,U304390,2026-03-29,True,140.0,207.19,67.19,app
O902790,U304391,2026-03-03,True,140.0,204.41,64.41,app
O902791,U304391,2026-03-07,True,140.0,229.1,89.1,app
O902792,U304392,2026-03-18,False,0.0,280.04,280.04,app
O902793,U304392,2026-03-20,False,0.0,196.62,196.62,app
O902794,U304394,2026-03-19,True,90.65,129.5,38.85,app
O902795,U304394,2026-03-02,True,140.0,278.03,138.03,app
O902796,U304396,2026-03-08,False,0.0,228.53,228.53,app
O902797,U304396,2026-03-22,False,0.0,317.59,317.59,app
O902798,U304398,2026-03-02,False,0.0,175.26,175.26,app
O902799,U304399,2026-03-15,False,0.0,210.02,210.02,app
O902800,U304400,2026-03-01,True,114.16,163.08,48.92,app
O902801,U304406,2026-03-05,True,140.0,252.63,112.63,app
O902802,U304407,2026-03-13,False,0.0,130.13,130.13,app
O902803,U304408,2026-03-20,True,140.0,218.16,78.16,app
O902804,U304411,2026-03-03,False,0.0,276.9,276.9,app
O902805,U304411,2026-03-08,False,0.0,210.25,210.25,app
O902806,U304411,2026-03-28,False,0.0,256.6,256.6,web
O902807,U304412,2026-03-06,True,140.0,284.11,144.11,
O902808,U304412,2026-03-15,True,129.73,185.33,55.6,app
O902809,U304413,2026-03-05,False,0.0,182.4,182.4,app
O902810,U304415,2026-03-09,False,0.0,281.18,281.18,app
O902811,U304415,2026-03-02,False,0.0,175.74,175.74,web
O902812,U304416,2026-03-23,True,119.03,170.04,51.01,app
O902813,U304417,2026-03-16,True,140.0,281.97,141.97,app
O902814,U304417,2026-03-15,True,140.0,232.42,92.42,app
O902815,U304420,2026-03-17,True,140.0,257.74,117.74,app
O902816,U304422,2026-03-17,False,0.0,200.5,200.5,app
O902817,U304426,2026-03-21,True,140.0,289.69,149.69,app
O902818,U304427,2026-03-10,False,0.0,227.73,227.73,
O902819,U304432,2026-03-05,False,0.0,288.5,288.5,app
O902820,U304432,2026-03-07,False,0.0,327.09,327.09,
O902821,U304434,2026-03-10,True,140.0,203.15,63.15,app
O902822,U304435,2026-03-17,True,140.0,203.74,63.74,app
O902823,U304440,2026-03-03,True,79.55,113.65,34.09,app
O902824,U304441,2026-03-20,False,0.0,265.2,265.2,app
O902825,U304441,2026-03-21,False,0.0,286.62,286.62,app
O902826,U304442,2026-03-23,True,140.0,343.27,203.27,app
O902827,U304443,2026-03-12,False,0.0,-250.69,250.69,app
O902828,U304444,2026-03-27,False,0.0,223.57,223.57,app
O902829,U304445,2026-03-02,False,0.0,214.97,214.97,app
O902830,U304449,2026-03-15,True,140.0,222.77,82.77,app
O902831,U304449,2026-03-05,True,140.0,229.82,89.82,app
O902832,U304450,2026-03-07,True,107.09,152.98,45.89,app
O902833,U304451,2026-03-09,True,140.0,286.16,146.16,web
O902834,U304451,2026-03-26,True,135.85,194.07,58.22,app
O902835,U304451,2026-03-03,True,81.71,116.73,35.02,app
O902836,U304451,2026-03-16,True,140.0,229.82,89.82,app
O902837,U304452,2026-03-01,False,0.0,173.88,173.88,app
O902838,U304452,2026-03-19,False,0.0,286.18,286.18,app
O902839,U304453,2026-03-28,False,0.0,315.33,315.33,app
O902840,U304453,2026-03-20,False,0.0,198.79,198.79,app
O902841,U304456,2026-03-17,False,0.0,99.0,99.0,app
O902842,U304459,2026-03-19,True,140.0,288.53,148.53,app
O902843,U304462,2026-03-14,True,137.29,196.12,58.84,app
O902844,U304465,2026-03-01,False,0.0,217.46,217.46,app
O902845,U304467,2026-03-17,True,140.0,276.75,136.75,app
O902846,U304469,2026-03-15,False,0.0,192.44,192.44,app
O902847,U304471,2026-03-04,True,126.42,180.59,54.18,app
O902848,U304472,2026-03-28,False,0.0,115.82,115.82,app
O902849,U304474,2026-03-14,True,140.0,237.19,97.19,app
O902850,U304476,2026-03-23,True,140.0,256.25,116.25,app
O902851,U304478,2026-03-04,True,134.0,191.42,57.43,app
O902852,U304481,2026-03-02,False,0.0,320.68,320.68,app
O902853,U304482,2026-03-29,True,140.0,217.39,77.39,app
O902854,U304482,2026-03-23,True,140.0,324.39,184.39,app
O902855,U304485,2026-03-07,True,100.45,143.5,43.05,app
O902856,U304485,2026-03-01,True,108.52,155.02,46.51,app
O902857,U304486,2026-03-05,True,140.0,221.16,81.16,app
O902858,U304486,2026-03-12,True,131.82,188.32,56.5,app
O902859,U304486,2026-03-29,True,131.18,187.4,56.22,app
O902860,U304487,2026-03-06,True,95.72,136.75,41.02,app
O902861,U304487,2026-03-07,True,69.3,99.0,29.7,app
O902862,U304489,2026-03-26,False,0.0,291.02,291.02,app
O902863,U304489,2026-03-06,False,0.0,246.12,246.12,app
O902864,U304490,2026-03-14,False,0.0,235.13,235.13,app
O902865,U304491,2026-03-23,False,0.0,166.57,166.57,app
O902866,U304492,2026-03-14,True,126.84,181.19,54.36,app
O902867,U304494,2026-03-15,False,0.0,113.87,113.87,app
O902868,U304495,2026-03-13,False,0.0,242.23,242.23,app
O902869,U304495,2026-03-25,False,0.0,189.97,189.97,app
O902870,U304501,2026-03-01,True,140.0,228.35,88.35,app
O902871,U304503,2026-03-14,True,140.0,224.49,84.49,web
O902872,U304503,2026-03-24,True,140.0,260.71,120.71,app
O902873,U304508,2026-03-07,False,0.0,214.03,214.03,app
O902874,U304509,2026-03-21,True,140.0,202.48,62.48,app
O902875,U304510,2026-03-04,True,86.32,123.31,36.99,app
O902876,U304510,2026-03-16,True,108.11,154.45,46.33,app
O902877,U304513,2026-03-05,True,140.0,243.55,103.55,app
O902878,U304513,2026-03-29,True,136.12,194.46,58.34,app
O902879,U304514,2026-03-12,True,140.0,208.5,68.5,app
O902880,U304519,2026-03-13,True,140.0,330.62,190.62,app
O902881,U304519,2026-03-17,True,134.08,191.54,57.46,app
O902882,U304520,2026-03-20,True,140.0,237.81,97.81,app
O902883,U304528,2026-03-08,True,140.0,320.78,180.78,app
O902884,U304529,2026-03-25,True,131.05,187.21,56.16,app
O902885,U304529,2026-03-15,True,140.0,234.45,94.45,app
O902886,U304531,2026-03-25,True,129.36,184.8,55.44,app
O902887,U304534,2026-03-11,True,140.0,289.41,149.41,app
O902888,U304535,2026-03-28,True,140.0,236.33,96.33,web
O902889,U304539,2026-03-27,False,0.0,246.31,246.31,
O902890,U304543,2026-03-10,True,106.09,151.56,45.47,app
O902891,U304544,2026-03-19,True,140.0,227.83,87.83,app
O902892,U304545,2026-03-07,True,69.3,99.0,29.7,app
O902893,U304545,2026-03-07,True,115.74,165.35,49.6,app
O902894,U304546,2026-03-08,True,117.21,167.44,50.23,app
O902895,U304546,2026-03-01,True,82.82,118.31,35.49,app
O902896,U304547,2026-03-09,False,0.0,255.24,255.24,app
O902897,U304548,2026-03-08,True,140.0,267.39,127.39,app
O902898,U304550,2026-03-27,False,0.0,314.17,314.17,app
O902899,U304550,2026-03-24,False,0.0,164.93,164.93,app
O902900,U304557,2026-03-28,True,101.03,144.32,43.3,app
O902901,U304559,2026-03-15,True,140.0,249.89,109.89,web
O902902,U304560,2026-03-01,True,140.0,202.26,62.26,app
O902903,U304562,2026-03-15,False,0.0,-340.23,340.23,app
O902904,U304563,2026-03-12,False,0.0,155.73,155.73,app
O902905,U304566,2026-03-10,True,140.0,328.7,188.7,app
O902906,U304567,2026-03-27,True,140.0,262.41,122.41,app
O902907,U304568,2026-03-10,True,94.1,134.43,40.33,app
O902908,U304569,2026-03-06,False,0.0,149.71,149.71,app
O902909,U304569,2026-03-10,False,0.0,202.02,202.02,app
O902910,U304570,2026-03-26,False,0.0,171.91,171.91,app
O902911,U304572,2026-03-11,True,140.0,209.33,69.33,app
O902912,U304573,2026-03-06,False,0.0,146.8,146.8,app
O902913,U304578,2026-03-18,False,0.0,337.52,337.52,app
O902914,U304580,2026-03-03,True,140.0,271.03,131.03,app
O902915,U304581,2026-03-24,True,140.0,290.55,150.55,app
O902916,U304586,2026-03-04,True,140.0,229.42,89.42,app
O902917,U304586,2026-03-04,True,140.0,230.06,90.06,app
O902918,U304588,2026-03-15,False,0.0,320.99,320.99,app
O902919,U304589,2026-03-10,False,0.0,281.47,281.47,app
O902920,U304590,2026-03-14,False,0.0,201.4,201.4,app
O902921,U304592,2026-03-18,True,140.0,240.16,100.16,app
O902922,U304593,2026-03-05,True,140.0,312.94,172.94,app
O902923,U304594,2026-03-01,True,140.0,316.2,176.2,app
O902924,U304595,2026-03-21,True,140.0,264.8,124.8,app
O902925,U304597,2026-03-02,True,102.64,146.62,43.99,app
O902926,U304599,2026-03-07,True,140.0,244.56,104.56,web
O902927,U304600,2026-03-24,False,0.0,142.92,142.92,app
O902928,U304600,2026-03-02,False,0.0,210.73,210.73,app
O902929,U304601,2026-03-28,True,140.0,251.6,111.6,app
O902930,U304601,2026-03-05,True,140.0,243.64,103.64,app
O902931,U304601,2026-03-21,True,99.83,142.61,42.78,app
O902932,U304602,2026-03-27,True,140.0,205.27,65.27,
O902933,U304604,2026-03-23,True,138.89,198.42,59.53,app
O902934,U304607,2026-03-14,True,140.0,227.24,87.24,app
O902935,U304608,2026-03-29,True,140.0,222.72,82.72,app
O902936,U304608,2026-03-20,True,140.0,216.48,76.48,app
O902937,U304609,2026-03-29,True,140.0,239.89,99.89,app
O902938,U304612,2026-03-24,False,0.0,189.38,189.38,
O902939,U304613,2026-03-26,True,140.0,263.76,123.76,app
O902940,U304615,2026-03-04,False,0.0,139.35,139.35,app
O902941,U304615,2026-03-07,False,0.0,177.75,177.75,app
O902942,U304615,2026-03-05,False,0.0,328.25,328.25,app
O902943,U304617,2026-03-11,False,0.0,173.53,173.53,app
O902944,U304619,2026-03-05,False,0.0,104.83,104.83,app
O902945,U304620,2026-03-08,True,140.0,222.84,82.84,app
O902946,U304620,2026-03-24,True,140.0,266.69,126.69,app
O902947,U304621,2026-03-28,False,0.0,108.16,108.16,app
O902948,U304625,2026-03-27,False,0.0,225.4,225.4,app
O902949,U304625,2026-03-21,False,0.0,156.24,156.24,app
O902950,U304627,2026-03-14,True,140.0,305.82,165.82,app
O902951,U304627,2026-03-02,True,140.0,222.53,82.53,app
O902952,U304628,2026-03-26,True,111.52,159.31,47.79,app
O902953,U304629,2026-03-24,True,140.0,298.36,158.36,app
O902954,U304631,2026-03-30,False,0.0,228.96,228.96,app
O902955,U304634,2026-03-20,False,0.0,164.35,164.35,app
O902956,U304634,2026-03-28,False,0.0,230.33,230.33,app
O902957,U304635,2026-03-25,False,0.0,221.84,221.84,app
O902958,U304638,2026-03-11,False,0.0,158.38,158.38,app
O902959,U304639,2026-03-22,False,0.0,125.15,125.15,app
O902960,U304640,2026-03-07,True,140.0,264.04,124.04,app
O902961,U304641,2026-03-10,False,0.0,160.0,160.0,app
O902962,U304645,2026-03-13,True,140.0,236.55,96.55,app
O902963,U304645,2026-03-25,True,140.0,225.62,85.62,app
O902964,U304647,2026-03-16,False,0.0,201.22,201.22,app
O902965,U304651,2026-03-26,False,0.0,310.98,310.98,app
O902966,U304652,2026-03-19,True,114.22,163.17,48.95,app
O902967,U304654,2026-03-10,False,0.0,174.61,174.61,app
O902968,U304655,2026-03-15,False,0.0,144.66,144.66,app
O902969,U304656,2026-03-28,True,140.0,214.61,74.61,app
O902970,U304656,2026-03-03,True,140.0,300.99,160.99,app
O902971,U304662,2026-03-15,False,0.0,233.41,233.41,app
O902972,U304663,2026-03-23,True,140.0,291.31,151.31,app
O902973,U304665,2026-03-16,True,140.0,318.09,178.09,web
O902974,U304665,2026-03-22,True,138.34,197.63,59.29,app
O902975,U304666,2026-03-20,True,140.0,253.83,113.83,app
O902976,U304667,2026-03-18,False,0.0,237.87,237.87,app
O902977,U304668,2026-03-10,False,0.0,244.42,244.42,app
O902978,U304669,2026-03-20,True,140.0,228.23,88.23,app
O902979,U304670,2026-03-22,True,140.0,236.45,96.45,app
O902980,U304672,2026-03-29,True,113.98,162.84,48.85,app
O902981,U304674,2026-03-23,False,0.0,316.64,316.64,app
O902982,U304675,2026-03-18,False,0.0,315.31,315.31,app
O902983,U304676,2026-03-17,True,140.0,233.58,93.58,
O902984,U304677,2026-03-13,True,140.0,286.75,146.75,app
O902985,U304677,2026-03-17,True,122.09,-174.42,52.33,app
O902986,U304677,2026-03-18,True,139.35,199.07,59.72,app
O902987,U304680,2026-03-17,True,140.0,277.69,137.69,app
O902988,U304682,2026-03-20,True,140.0,200.88,60.88,app
O902989,U304682,2026-03-17,True,117.65,168.06,50.42,app
O902990,U304686,2026-03-23,True,140.0,206.82,66.82,app
O902991,U304689,2026-03-10,False,0.0,100.36,100.36,app
O902992,U304690,2026-03-11,True,116.25,166.08,49.82,app
O902993,U304694,2026-03-01,True,140.0,249.6,109.6,app
O902994,U304694,2026-03-02,True,140.0,326.2,186.2,app
O902995,U304695,2026-03-03,False,0.0,199.84,199.84,app
O902996,U304695,2026-03-21,False,0.0,123.64,123.64,app
O902997,U304696,2026-03-22,True,114.39,163.42,49.03,app
O902998,U304697,2026-03-26,True,136.65,195.21,58.56,app
O902999,U304698,2026-03-29,False,0.0,228.55,228.55,app
O903000,U304699,2026-03-11,True,101.42,144.88,43.47,app
O903001,U304701,2026-03-06,False,0.0,231.67,231.67,app
O903002,U304703,2026-03-28,True,129.4,184.85,55.46,web
O903003,U304704,2026-03-08,True,93.33,133.33,40.0,app
O903004,U304708,2026-03-22,True,140.0,296.94,156.94,app
O903005,U304713,2026-03-06,False,0.0,170.58,170.58,web
O903006,U304713,2026-03-04,False,0.0,211.67,211.67,
O903007,U304713,2026-03-25,False,0.0,167.21,167.21,web
O903008,U304715,2026-03-29,True,140.0,253.67,113.67,app
O903009,U304717,2026-03-23,True,127.08,181.55,54.46,app
O903010,U304718,2026-03-09,True,140.0,277.34,137.34,app
O903011,U304720,2026-03-14,True,140.0,207.29,67.29,web
O903012,U304725,2026-03-30,True,140.0,229.41,89.41,app
O903013,U304725,2026-03-25,True,140.0,204.82,64.82,app
O903014,U304730,2026-03-22,True,80.56,115.09,34.53,app
O903015,U304733,2026-03-04,False,0.0,212.68,212.68,app
O903016,U304733,2026-03-24,False,0.0,317.09,317.09,app
O903017,U304738,2026-03-19,True,140.0,253.1,113.1,app
O903018,U304740,2026-03-15,False,0.0,186.52,186.52,app
O903019,U304741,2026-03-25,True,140.0,206.3,66.3,app
O903020,U304743,2026-03-25,True,127.65,182.36,54.71,app
O903021,U304743,2026-03-11,True,140.0,238.63,98.63,app
O903022,U304747,2026-03-07,False,0.0,177.32,177.32,app
O903023,U304749,2026-03-08,True,140.0,233.11,93.11,app
O903024,U304750,2026-03-18,False,0.0,237.47,237.47,app
O903025,U304753,2026-03-12,False,0.0,229.17,229.17,app
O903026,U304756,2026-03-03,True,121.02,172.88,51.86,app
O903027,U304758,2026-03-02,False,0.0,258.65,258.65,app
O903028,U304759,2026-03-17,True,140.0,222.81,82.81,app
O903029,U304762,2026-03-08,True,140.0,381.67,241.67,app
O903030,U304763,2026-03-13,False,0.0,285.92,285.92,app
O903031,U304765,2026-03-27,True,140.0,200.36,60.36,app
O903032,U304766,2026-03-29,True,140.0,276.61,136.61,app
O903033,U304767,2026-03-18,False,0.0,216.21,216.21,app
O903034,U304767,2026-03-20,False,0.0,143.43,143.43,web
O903035,U304769,2026-03-25,False,0.0,99.0,99.0,app
O903036,U304770,2026-03-23,True,140.0,248.4,108.4,app
O903037,U304770,2026-03-11,True,140.0,230.95,90.95,app
O903038,U304775,2026-03-11,False,0.0,225.0,225.0,app
O903039,U304776,2026-03-01,True,140.0,268.88,128.88,app
O903040,U304778,2026-03-12,True,140.0,304.01,164.01,web
O903041,U304779,2026-03-07,True,140.0,218.06,78.06,app
O903042,U304779,2026-03-14,True,140.0,274.71,134.71,app
O903043,U304780,2026-03-06,True,140.0,340.54,200.54,app
O903044,U304786,2026-03-19,True,140.0,244.22,104.22,web
O903045,U304788,2026-03-24,False,0.0,190.88,190.88,app
O903046,U304789,2026-03-17,True,119.67,170.95,51.29,app
O903047,U304794,2026-03-28,True,140.0,235.46,95.46,app
O903048,U304796,2026-03-25,True,140.0,260.24,120.24,app
O903049,U304797,2026-03-23,True,140.0,316.45,176.45,app
O903050,U304801,2026-03-04,False,0.0,295.09,295.09,app
O903051,U304805,2026-03-14,True,140.0,275.04,135.04,app
O903052,U304805,2026-03-07,True,127.56,182.23,54.67,app
O903053,U304806,2026-03-10,True,140.0,284.1,144.1,app
O903054,U304807,2026-03-06,True,98.0,140.0,42.0,app
O903055,U304807,2026-03-22,True,123.72,176.75,53.02,app
O903056,U304808,2026-03-16,True,140.0,281.26,141.26,app
O903057,U304808,2026-03-12,True,122.07,174.38,52.31,web
O903058,U304812,2026-03-18,False,0.0,261.81,261.81,app
O903059,U304812,2026-03-15,False,0.0,99.0,99.0,app
O903060,U304814,2026-03-07,False,0.0,152.93,152.93,app
O903061,U304814,2026-03-13,False,0.0,282.8,282.8,app
O903062,U304815,2026-03-04,True,140.0,233.38,93.38,app
O903063,U304820,2026-03-24,True,127.29,181.84,54.55,app
O903064,U304820,2026-03-07,True,103.36,147.65,44.3,app
O903065,U304821,2026-03-21,False,0.0,352.88,352.88,app
O903066,U304823,2026-03-07,True,140.0,271.47,131.47,app
O903067,U304825,2026-03-16,True,102.96,147.09,44.13,app
O903068,U304827,2026-03-25,True,99.6,142.28,42.68,app
O903069,U304828,2026-03-12,True,140.0,226.01,86.01,app
O903070,U304833,2026-03-30,False,0.0,297.14,297.14,app
O903071,U304836,2026-03-23,False,0.0,243.03,243.03,app
O903072,U304842,2026-03-27,True,140.0,326.15,186.15,app
O903073,U304843,2026-03-06,True,126.5,180.71,54.21,app
O903074,U304843,2026-03-10,True,118.32,169.02,50.71,app
O903075,U304849,2026-03-22,True,140.0,373.97,233.97,app
O903076,U304853,2026-03-10,False,0.0,204.11,204.11,app
O903077,U304854,2026-03-29,True,139.01,198.59,59.58,app
O903078,U304854,2026-03-12,True,140.0,316.21,176.21,app
O903079,U304855,2026-03-15,False,0.0,222.51,222.51,app
O903080,U304859,2026-03-02,True,139.31,199.02,59.71,app
O903081,U304864,2026-03-04,False,0.0,226.44,226.44,app
O903082,U304865,2026-03-21,False,0.0,160.19,160.19,app
O903083,U304865,2026-03-08,False,0.0,167.13,167.13,app
O903084,U304868,2026-03-02,False,0.0,230.61,230.61,app
O903085,U304871,2026-03-14,True,137.25,196.08,58.82,app
O903086,U304874,2026-03-02,True,128.02,182.89,54.87,app
O903087,U304875,2026-03-18,True,109.56,156.51,46.95,app
O903088,U304878,2026-03-17,False,0.0,184.05,184.05,app
O903089,U304880,2026-03-18,True,129.87,185.52,55.66,app
O903090,U304880,2026-03-30,True,127.04,181.49,54.45,app
O903091,U304881,2026-03-28,True,100.06,142.95,42.88,app
O903092,U304881,2026-03-29,True,135.38,193.4,58.02,app
O903093,U304882,2026-03-29,True,140.0,231.47,91.47,app
O903094,U304884,2026-03-03,False,0.0,251.31,251.31,app
O903095,U304892,2026-03-01,True,110.02,157.18,47.15,app
O903096,U304897,2026-03-21,True,126.38,180.55,54.16,app
O903097,U304898,2026-03-01,True,140.0,264.63,124.63,app
O903098,U304903,2026-03-10,True,140.0,206.78,66.78,app
O903099,U304906,2026-03-24,True,140.0,228.67,88.67,app
O903100,U304909,2026-03-11,True,108.25,154.64,46.39,app
O903101,U304909,2026-03-03,True,140.0,266.47,126.47,app
O903102,U304911,2026-03-10,False,0.0,174.55,174.55,app
O903103,U304911,2026-03-20,False,0.0,298.76,298.76,app
O903104,U304914,2026-03-22,True,140.0,243.26,103.26,app
O903105,U304916,2026-03-17,False,0.0,192.09,192.09,app
O903106,U304917,2026-03-13,False,0.0,164.48,164.48,web
O903107,U304919,2026-03-15,True,140.0,221.14,81.14,app
O903108,U304919,2026-03-10,True,90.21,128.87,38.66,app
O903109,U304919,2026-03-13,True,82.26,117.52,35.25,app
O903110,U304922,2026-03-11,False,0.0,248.73,248.73,app
O903111,U304924,2026-03-06,False,0.0,157.29,157.29,app
O903112,U304925,2026-03-22,True,109.18,155.98,46.79,app
O903113,U304926,2026-03-22,False,0.0,153.73,153.73,app
O903114,U304927,2026-03-20,False,0.0,248.23,248.23,web
O903115,U304928,2026-03-30,False,0.0,338.63,338.63,app
O903116,U304931,2026-03-08,False,0.0,220.31,220.31,app
O903117,U304932,2026-03-16,True,140.0,230.45,90.45,app
O903118,U304933,2026-03-05,True,132.61,189.44,56.83,app
O903119,U304934,2026-03-19,True,140.0,214.48,74.48,app
O903120,U304937,2026-03-25,True,137.52,196.45,58.94,app
O903121,U304938,2026-03-27,True,140.0,303.72,163.72,app
O903122,U304939,2026-03-07,False,0.0,187.68,187.68,app
O903123,U304939,2026-03-08,False,0.0,160.76,160.76,app
O903124,U304943,2026-03-14,False,0.0,206.88,206.88,
O903125,U304945,2026-03-01,True,140.0,300.58,160.58,app
O903126,U304946,2026-03-04,True,140.0,362.01,222.01,app
O903127,U304948,2026-03-03,True,140.0,257.37,117.37,app
O903128,U304951,2026-03-20,False,0.0,200.47,200.47,app
O903129,U304952,2026-03-03,False,0.0,223.71,223.71,app
O903130,U304952,2026-03-20,False,0.0,216.95,216.95,app
O903131,U304953,2026-03-18,False,0.0,239.42,239.42,app
O903132,U304955,2026-03-21,True,69.3,99.0,29.7,app
O903133,U304956,2026-03-15,False,0.0,319.88,319.88,app
O903134,U304956,2026-03-27,False,0.0,127.44,127.44,app
O903135,U304957,2026-03-12,True,140.0,227.1,87.1,app
O903136,U304958,2026-03-12,True,140.0,243.43,103.43,app
O903137,U304959,2026-03-27,False,0.0,259.33,259.33,web
O903138,U304959,2026-03-24,False,0.0,183.13,183.13,app
O903139,U304959,2026-03-13,False,0.0,300.25,300.25,app
O903140,U304960,2026-03-26,True,140.0,225.37,85.37,app
O903141,U304960,2026-03-30,True,140.0,267.99,127.99,app
O903142,U304965,2026-03-26,False,0.0,132.19,132.19,app
O903143,U304966,2026-03-02,True,140.0,260.94,120.94,app
O903144,U304966,2026-03-04,True,127.11,181.59,54.48,web
O903145,U304968,2026-03-07,True,140.0,201.14,61.14,app
O903146,U304968,2026-03-17,True,102.32,146.17,43.85,app
O903147,U304968,2026-03-25,True,140.0,211.94,71.94,app
O903148,U304970,2026-03-04,True,140.0,314.23,174.23,app
O903149,U304972,2026-03-03,True,140.0,221.56,81.56,web
O903150,U304972,2026-03-02,True,101.29,144.7,43.41,app
O903151,U304973,2026-03-28,True,121.47,173.52,52.06,app
O903152,U304975,2026-03-01,True,140.0,231.34,91.34,app
O903153,U304978,2026-03-14,True,140.0,201.83,61.83,app
O903154,U304978,2026-03-16,True,72.58,103.69,31.11,app
O903155,U304984,2026-03-19,True,140.0,332.66,192.66,app
O903156,U304984,2026-03-10,True,140.0,223.81,83.81,app
O903157,U304984,2026-03-28,True,69.98,99.97,29.99,app
O903158,U304987,2026-03-08,True,140.0,209.99,69.99,app
O903159,U304989,2026-03-11,False,0.0,275.11,275.11,app
O903160,U304991,2026-03-15,True,108.61,155.15,46.55,app
O903161,U304991,2026-03-13,True,138.29,197.56,59.27,web
O903162,U304992,2026-03-21,False,0.0,204.94,204.94,app
O903163,U304993,2026-03-16,False,0.0,219.12,219.12,app
O903164,U304995,2026-03-10,False,0.0,230.1,230.1,app
O903165,U304996,2026-03-27,True,140.0,244.72,104.72,app
O903166,U304997,2026-03-30,False,0.0,196.42,196.42,app
O903167,U304997,2026-03-11,False,0.0,292.81,292.81,app
O903168,U305002,2026-03-01,True,140.0,278.41,138.41,app
O903169,U305004,2026-03-22,True,113.52,162.18,48.65,app
O903170,U305008,2026-03-08,True,106.01,151.44,45.43,app
O903171,U305009,2026-03-10,True,140.0,237.02,97.02,app
O903172,U305011,2026-03-19,True,140.0,225.63,85.63,web
O903173,U305013,2026-03-10,True,104.26,148.94,44.68,app
O903174,U305014,2026-03-08,True,84.37,120.53,36.16,app
O903175,U305015,2026-03-05,True,140.0,223.78,83.78,app
O903176,U305020,2026-03-26,True,140.0,332.1,192.1,app
O903177,U305021,2026-03-03,False,0.0,205.85,205.85,app
O903178,U305026,2026-03-10,False,0.0,256.07,256.07,app
O903179,U305026,2026-03-29,False,0.0,227.9,227.9,app
O903180,U305027,2026-03-08,False,0.0,225.12,225.12,app
O903181,U305031,2026-03-19,False,0.0,259.79,259.79,app
O903182,U305031,2026-03-28,False,0.0,313.68,313.68,app
O903183,U305033,2026-03-20,True,140.0,258.9,118.9,web
O903184,U305034,2026-03-05,True,131.88,188.4,56.52,app
O903185,U305034,2026-03-22,True,110.14,157.34,47.2,app
O903186,U305034,2026-03-14,True,140.0,285.73,145.73,app
O903187,U305036,2026-03-07,True,140.0,234.87,94.87,web
O903188,U305037,2026-03-15,True,129.15,184.49,55.35,app
O903189,U305037,2026-03-19,True,140.0,212.68,72.68,app
O903190,U305037,2026-03-18,True,140.0,305.1,165.1,app
O903191,U305038,2026-03-21,True,97.79,139.7,41.91,app
O903192,U305038,2026-03-05,True,140.0,252.11,112.11,app
O903193,U305039,2026-03-23,True,115.27,164.67,49.4,app
O903194,U305040,2026-03-23,True,140.0,205.08,65.08,app
O903195,U305042,2026-03-20,False,0.0,309.97,309.97,app
O903196,U305043,2026-03-04,True,72.25,103.21,30.96,app
O903197,U305044,2026-03-28,False,0.0,326.34,326.34,app
O903198,U305045,2026-03-16,False,0.0,134.31,134.31,app
O903199,U305046,2026-03-23,True,113.97,162.81,48.84,web
O903200,U305047,2026-03-12,True,140.0,200.49,60.49,app
O903201,U305047,2026-03-02,True,140.0,293.91,153.91,app
O903202,U305048,2026-03-25,True,140.0,274.8,134.8,app
O903203,U305049,2026-03-26,True,140.0,281.05,141.05,app
O903204,U305051,2026-03-29,True,140.0,230.2,90.2,app
O903205,U305056,2026-03-04,True,120.7,172.42,51.73,app
O903206,U305057,2026-03-26,False,0.0,208.44,208.44,app
O903207,U305059,2026-03-23,False,0.0,207.14,207.14,app
O903208,U305059,2026-03-28,False,0.0,239.91,239.91,app
O903209,U305060,2026-03-24,False,0.0,214.8,214.8,app
O903210,U305060,2026-03-28,False,0.0,114.37,114.37,app
O903211,U305064,2026-03-20,True,140.0,241.41,101.41,app
O903212,U305064,2026-03-01,True,140.0,254.8,114.8,app
O903213,U305064,2026-03-19,True,93.9,134.14,40.24,app
O903214,U305065,2026-03-12,True,140.0,298.25,158.25,app
O903215,U305066,2026-03-04,True,140.0,259.0,119.0,app
O903216,U305069,2026-03-16,True,140.0,222.39,82.39,app
O903217,U305070,2026-03-03,False,0.0,229.13,229.13,app
O903218,U305071,2026-03-09,False,0.0,219.65,219.65,web
O903219,U305077,2026-03-09,False,0.0,260.47,260.47,app
O903220,U305078,2026-03-20,True,140.0,273.85,133.85,app
O903221,U305078,2026-03-19,True,140.0,330.8,190.8,app
O903222,U305079,2026-03-16,True,140.0,228.73,88.73,app
O903223,U305089,2026-03-28,False,0.0,207.48,207.48,app
O903224,U305090,2026-03-05,False,0.0,256.8,256.8,app
O903225,U305092,2026-03-14,True,117.76,168.23,50.47,app
O903226,U305102,2026-03-07,False,0.0,123.66,123.66,app
O903227,U305102,2026-03-26,False,0.0,232.24,232.24,app
O903228,U305102,2026-03-30,False,0.0,203.88,203.88,app
O903229,U305103,2026-03-04,True,140.0,210.97,70.97,app
O903230,U305104,2026-03-20,False,0.0,247.81,247.81,app
O903231,U305106,2026-03-08,True,128.0,182.85,54.86,app
O903232,U305106,2026-03-15,True,140.0,273.62,133.62,app
O903233,U305107,2026-03-05,True,102.72,146.74,44.02,app
O903234,U305109,2026-03-06,True,140.0,216.43,76.43,app
O903235,U305110,2026-03-15,False,0.0,218.96,218.96,web
O903236,U305111,2026-03-14,True,140.0,245.27,105.27,app
O903237,U305112,2026-03-20,True,140.0,285.16,145.16,app
O903238,U305112,2026-03-17,True,140.0,275.33,135.33,app
O903239,U305116,2026-03-13,True,140.0,286.01,146.01,app
O903240,U305116,2026-03-17,True,140.0,293.51,153.51,app
O903241,U305118,2026-03-24,True,140.0,216.8,76.8,web
O903242,U305121,2026-03-18,True,140.0,202.54,62.54,app
O903243,U305126,2026-03-17,False,0.0,190.54,190.54,app
O903244,U305128,2026-03-09,False,0.0,191.13,191.13,app
O903245,U305128,2026-03-18,False,0.0,247.57,247.57,app
O903246,U305129,2026-03-17,True,140.0,260.56,120.56,app
O903247,U305129,2026-03-02,True,130.91,187.01,56.1,app
O903248,U305131,2026-03-11,True,140.0,223.24,83.24,app
O903249,U305131,2026-03-24,True,92.06,131.52,39.46,app
O903250,U305135,2026-03-21,True,140.0,302.43,162.43,
O903251,U305136,2026-03-21,True,140.0,245.58,105.58,app
O903252,U305137,2026-03-14,True,140.0,281.68,141.68,app
O903253,U305137,2026-03-13,True,140.0,246.93,106.93,app
O903254,U305140,2026-03-26,False,0.0,245.5,245.5,app
O903255,U305143,2026-03-06,True,102.38,146.26,43.88,app
O903256,U305145,2026-03-30,True,103.72,148.17,44.45,app
O903257,U305145,2026-03-24,True,129.34,184.78,55.43,app
O903258,U305146,2026-03-07,True,140.0,250.04,110.04,web
O903259,U305146,2026-03-22,True,88.24,126.05,37.82,app
O903260,U305148,2026-03-08,False,0.0,278.6,278.6,app
O903261,U305151,2026-03-27,False,0.0,146.5,146.5,app
O903262,U305151,2026-03-26,False,0.0,280.2,280.2,app
O903263,U305152,2026-03-18,True,140.0,253.35,113.35,app
O903264,U305154,2026-03-22,False,0.0,259.38,259.38,app
O903265,U305154,2026-03-27,False,0.0,151.0,151.0,app
O903266,U305154,2026-03-14,False,0.0,287.89,287.89,app
O903267,U305156,2026-03-04,False,0.0,103.9,103.9,app
O903268,U305156,2026-03-14,False,0.0,272.5,272.5,app
O903269,U305158,2026-03-13,True,94.48,134.97,40.49,app
O903270,U305159,2026-03-27,True,140.0,220.81,80.81,web
O903271,U305161,2026-03-14,True,118.16,168.8,50.64,web
O903272,U305162,2026-03-19,False,0.0,233.43,233.43,app
O903273,U305162,2026-03-19,False,0.0,237.8,237.8,app
O903274,U305164,2026-03-25,False,0.0,188.32,188.32,app
O903275,U305165,2026-03-25,True,131.18,187.4,56.22,app
O903276,U305167,2026-03-03,True,140.0,246.18,106.18,app
O903277,U305168,2026-03-17,True,140.0,230.85,90.85,app
O903278,U305171,2026-03-30,False,0.0,164.78,164.78,app
O903279,U305173,2026-03-07,False,0.0,300.35,300.35,app
O903280,U305174,2026-03-30,False,0.0,167.74,167.74,app
O903281,U305175,2026-03-17,True,72.73,103.9,31.17,app
O903282,U305175,2026-03-02,True,140.0,327.4,187.4,app
O903283,U305176,2026-03-22,False,0.0,171.45,171.45,app
O903284,U305177,2026-03-07,True,140.0,261.24,121.24,app
O903285,U305177,2026-03-20,True,140.0,249.24,109.24,app
O903286,U305180,2026-03-03,True,140.0,225.68,85.68,app
O903287,U305180,2026-03-21,True,119.04,170.06,51.02,app
O903288,U305181,2026-03-19,True,140.0,245.75,105.75,app
O903289,U305182,2026-03-02,True,140.0,240.28,100.28,app
O903290,U305182,2026-03-02,True,140.0,225.51,85.51,app
O903291,U305185,2026-03-21,True,140.0,240.45,100.45,app
O903292,U305187,2026-03-21,True,71.46,102.09,30.63,app
O903293,U305190,2026-03-14,False,0.0,218.76,218.76,app
O903294,U305191,2026-03-29,True,94.97,135.67,40.7,web
O903295,U305193,2026-03-27,True,140.0,309.86,169.86,app
O903296,U305193,2026-03-18,True,140.0,246.02,106.02,app
O903297,U305194,2026-03-19,True,140.0,248.67,108.67,app
O903298,U305196,2026-03-20,True,69.3,99.0,29.7,app
O903299,U305198,2026-03-28,True,122.54,175.06,52.52,app
O903300,U305198,2026-03-07,True,125.7,179.57,53.87,app
O903301,U305199,2026-03-30,False,0.0,283.53,283.53,app
O903302,U305200,2026-03-23,False,0.0,236.05,236.05,app
O903303,U305201,2026-03-19,True,140.0,301.0,161.0,web
O903304,U305202,2026-03-04,False,0.0,288.75,288.75,app
O903305,U305202,2026-03-06,False,0.0,129.16,129.16,app
O903306,U305203,2026-03-04,False,0.0,213.14,213.14,app
O903307,U305203,2026-03-10,False,0.0,170.79,170.79,app
O903308,U305205,2026-03-12,True,140.0,314.7,174.7,app
O903309,U305205,2026-03-10,True,81.1,115.85,34.76,web
O903310,U305208,2026-03-30,False,0.0,329.29,329.29,app
O903311,U305211,2026-03-04,True,124.38,177.69,53.31,app
O903312,U305218,2026-03-11,True,69.3,99.0,29.7,app
O903313,U305220,2026-03-16,True,138.36,197.66,59.3,app
O903314,U305222,2026-03-25,False,0.0,134.74,134.74,app
O903315,U305226,2026-03-03,True,140.0,207.03,67.03,app
O903316,U305226,2026-03-23,True,140.0,311.72,171.72,
O903317,U305227,2026-03-04,False,0.0,190.32,190.32,app
O903318,U305227,2026-03-11,False,0.0,255.22,255.22,app
O903319,U305230,2026-03-11,False,0.0,184.51,184.51,app
O903320,U305230,2026-03-27,False,0.0,232.85,232.85,web
O903321,U305231,2026-03-16,True,140.0,210.72,70.72,app
O903322,U305231,2026-03-23,True,116.46,166.37,49.91,app
O903323,U305232,2026-03-13,False,0.0,309.88,309.88,app
O903324,U305233,2026-03-12,False,0.0,254.94,254.94,app
O903325,U305237,2026-03-01,False,0.0,246.49,246.49,app
O903326,U305240,2026-03-22,False,0.0,207.66,207.66,app
O903327,U305241,2026-03-22,False,0.0,260.9,260.9,web
O903328,U305241,2026-03-03,False,0.0,211.21,211.21,app
O903329,U305242,2026-03-24,False,0.0,156.31,156.31,app
O903330,U305245,2026-03-12,True,140.0,217.04,77.04,app
O903331,U305245,2026-03-15,True,140.0,206.99,66.99,web
O903332,U305246,2026-03-26,False,0.0,154.12,154.12,app
O903333,U305248,2026-03-10,False,0.0,352.88,352.88,app
O903334,U305248,2026-03-12,False,0.0,252.3,252.3,app
O903335,U305249,2026-03-07,False,0.0,201.42,201.42,
O903336,U305251,2026-03-02,True,140.0,213.64,73.64,app
O903337,U305253,2026-03-06,True,84.75,121.07,36.32,app
O903338,U305255,2026-03-23,True,140.0,215.01,75.01,app
O903339,U305257,2026-03-02,True,140.0,301.76,161.76,app
O903340,U305258,2026-03-08,True,140.0,275.5,135.5,app
O903341,U305260,2026-03-25,True,140.0,221.42,81.42,app
O903342,U305261,2026-03-20,True,120.56,172.23,51.67,app
O903343,U305261,2026-03-27,True,120.72,172.45,51.74,app
O903344,U305263,2026-03-13,True,140.0,318.07,178.07,app
O903345,U305263,2026-03-02,True,140.0,206.45,66.45,app
O903346,U305263,2026-03-30,True,124.24,177.49,53.25,app
O903347,U305263,2026-03-07,True,114.4,163.42,49.03,app
O903348,U305266,2026-03-29,False,0.0,99.0,99.0,app
O903349,U305268,2026-03-12,True,140.0,252.33,112.33,app
O903350,U305268,2026-03-11,True,140.0,292.78,152.78,app
O903351,U305274,2026-03-19,False,0.0,262.67,262.67,app
O903352,U305275,2026-03-15,True,140.0,242.39,102.39,app
O903353,U305275,2026-03-07,True,118.02,168.6,50.58,app
O903354,U305275,2026-03-18,True,117.08,167.25,50.18,app
O903355,U305276,2026-03-14,False,0.0,264.65,264.65,app
O903356,U305276,2026-03-05,False,0.0,185.48,185.48,app
O903357,U305277,2026-03-28,True,140.0,268.75,128.75,app
O903358,U305278,2026-03-24,True,140.0,293.61,153.61,app
O903359,U305280,2026-03-24,True,140.0,256.09,116.09,app
O903360,U305280,2026-03-27,True,140.0,287.97,147.97,web
O903361,U305285,2026-03-04,True,140.0,213.97,73.97,app
O903362,U305285,2026-03-02,True,140.0,244.16,104.16,app
O903363,U305286,2026-03-06,True,69.3,99.0,29.7,app
O903364,U305286,2026-03-14,True,92.24,131.77,39.53,app
O903365,U305287,2026-03-06,False,0.0,286.95,286.95,app
O903366,U305288,2026-03-17,False,0.0,203.13,203.13,app
O903367,U305289,2026-03-29,False,0.0,288.28,288.28,app
O903368,U305290,2026-03-03,False,0.0,275.93,275.93,app
O903369,U305293,2026-03-20,False,0.0,177.26,177.26,app
O903370,U305296,2026-03-13,True,126.73,181.05,54.31,app
O903371,U305296,2026-03-12,True,140.0,218.8,78.8,app
O903372,U305297,2026-03-28,True,140.0,238.19,98.19,app
O903373,U305297,2026-03-14,True,140.0,228.37,88.37,app
O903374,U305300,2026-03-18,True,92.76,132.51,39.75,app
O903375,U305301,2026-03-26,False,0.0,186.44,186.44,app
O903376,U305301,2026-03-23,False,0.0,180.42,180.42,app
O903377,U305304,2026-03-27,False,0.0,232.05,232.05,
O903378,U305304,2026-03-27,False,0.0,202.65,202.65,app
O903379,U305308,2026-03-18,False,0.0,153.01,153.01,app
O903380,U305309,2026-03-21,True,140.0,259.79,119.79,app
O903381,U305311,2026-03-06,False,0.0,315.35,315.35,app
O903382,U305314,2026-03-21,False,0.0,267.74,267.74,app
O903383,U305315,2026-03-20,False,0.0,217.35,217.35,app
O903384,U305316,2026-03-14,False,0.0,205.8,205.8,app
O903385,U305318,2026-03-14,False,0.0,198.74,198.74,app
O903386,U305319,2026-03-23,True,140.0,234.24,94.24,app
O903387,U305323,2026-03-07,False,0.0,139.63,139.63,app
O903388,U305324,2026-03-28,True,133.88,191.26,57.38,app
O903389,U305324,2026-03-21,True,133.29,190.41,57.12,app
O903390,U305326,2026-03-01,False,0.0,149.42,149.42,app
O903391,U305326,2026-03-21,False,0.0,163.27,163.27,app
O903392,U305330,2026-03-22,False,0.0,230.0,230.0,app
O903393,U305336,2026-03-21,True,140.0,243.46,103.46,app
O903394,U305336,2026-03-12,True,137.68,196.69,59.01,app
O903395,U305336,2026-03-02,True,129.25,184.64,55.39,web
O903396,U305338,2026-03-20,True,140.0,235.78,95.78,app
O903397,U305340,2026-03-26,False,0.0,180.9,180.9,app
O903398,U305341,2026-03-01,True,140.0,330.16,190.16,app
O903399,U305343,2026-03-22,True,140.0,221.31,81.31,app
O903400,U305344,2026-03-13,True,140.0,221.31,81.31,app
O903401,U305345,2026-03-30,False,0.0,192.61,192.61,app
O903402,U305346,2026-03-26,False,0.0,220.44,220.44,app
O903403,U305347,2026-03-09,False,0.0,198.2,198.2,app
O903404,U305349,2026-03-11,False,0.0,115.12,115.12,app
O903405,U305350,2026-03-30,False,0.0,241.47,241.47,web
O903406,U305350,2026-03-17,False,0.0,203.66,203.66,app
O903407,U305351,2026-03-29,True,138.76,198.22,59.47,app
O903408,U305354,2026-03-25,True,71.49,102.13,30.64,web
O903409,U305354,2026-03-02,True,140.0,201.1,61.1,app
O903410,U305355,2026-03-19,True,140.0,280.17,140.17,app
O903411,U305356,2026-03-24,True,140.0,213.41,73.41,app
O903412,U305357,2026-03-27,True,140.0,218.53,78.53,app
O903413,U305358,2026-03-30,False,0.0,331.55,331.55,app
O903414,U305359,2026-03-06,True,140.0,218.72,78.72,app
O903415,U305361,2026-03-26,True,140.0,332.15,192.15,app
O903416,U305363,2026-03-23,False,0.0,306.97,306.97,app
O903417,U305363,2026-03-26,False,0.0,209.54,209.54,app
O903418,U305366,2026-03-12,True,140.0,252.62,112.62,app
O903419,U305366,2026-03-09,True,140.0,268.98,128.98,app
O903420,U305366,2026-03-17,True,140.0,234.69,94.69,app
O903421,U305367,2026-03-16,False,0.0,183.35,183.35,app
O903422,U305369,2026-03-11,False,0.0,200.22,200.22,app
O903423,U305370,2026-03-17,False,0.0,335.54,335.54,app
O903424,U305371,2026-03-18,False,0.0,316.82,316.82,app
O903425,U305372,2026-03-10,False,0.0,233.03,233.03,app
O903426,U305372,2026-03-06,False,0.0,329.0,329.0,web
O903427,U305372,2026-03-11,False,0.0,191.98,191.98,app
O903428,U305376,2026-03-19,False,0.0,181.91,181.91,app
O903429,U305378,2026-03-21,True,140.0,271.07,131.07,app
O903430,U305378,2026-03-20,True,139.51,199.29,59.79,app
O903431,U305379,2026-03-20,True,140.0,283.05,143.05,app
O903432,U305383,2026-03-28,False,0.0,268.1,268.1,app
O903433,U305384,2026-03-06,True,140.0,267.62,127.62,app
O903434,U305385,2026-03-21,False,0.0,184.5,184.5,app
O903435,U305386,2026-03-29,False,0.0,140.4,140.4,app
O903436,U305386,2026-03-06,False,0.0,231.1,231.1,app
O903437,U305388,2026-03-18,False,0.0,249.98,249.98,app
O903438,U305390,2026-03-25,True,140.0,250.06,110.06,app
O903439,U305390,2026-03-03,True,140.0,313.4,173.4,app
O903440,U305394,2026-03-27,False,0.0,197.36,197.36,app
O903441,U305396,2026-03-30,True,140.0,200.23,60.23,app
O903442,U305402,2026-03-17,False,0.0,151.19,151.19,app
O903443,U305406,2026-03-29,True,140.0,225.38,85.38,app
O903444,U305407,2026-03-11,True,140.0,328.33,188.33,app
O903445,U305407,2026-03-17,True,116.97,167.1,50.13,app
O903446,U305409,2026-03-09,False,0.0,99.0,99.0,app
O903447,U305411,2026-03-16,True,140.0,248.89,108.89,app
O903448,U305412,2026-03-19,True,132.77,189.67,56.9,app
O903449,U305413,2026-03-22,False,0.0,267.53,267.53,app
O903450,U305414,2026-03-02,False,0.0,139.68,139.68,app
O903451,U305414,2026-03-11,False,0.0,153.03,153.03,app
O903452,U305415,2026-03-12,True,121.45,173.5,52.05,app
O903453,U305417,2026-03-06,True,140.0,277.32,137.32,app
O903454,U305418,2026-03-22,True,140.0,337.21,197.21,app
O903455,U305419,2026-03-23,True,140.0,247.29,107.29,app
O903456,U305420,2026-03-28,False,0.0,99.0,99.0,app
O903457,U305421,2026-03-01,False,0.0,343.09,343.09,app
O903458,U305422,2026-03-09,True,140.0,220.47,80.47,app
O903459,U305423,2026-03-24,True,89.44,127.77,38.33,app
O903460,U305423,2026-03-18,True,140.0,228.95,88.95,app
O903461,U305424,2026-03-11,True,140.0,236.15,96.15,app
O903462,U305425,2026-03-02,True,139.02,198.61,59.58,app
O903463,U305427,2026-03-02,False,0.0,286.34,286.34,app
O903464,U305430,2026-03-28,False,0.0,295.25,295.25,web
O903465,U305430,2026-03-15,False,0.0,130.06,130.06,app
O903466,U305431,2026-03-10,False,0.0,265.39,265.39,app
O903467,U305435,2026-03-04,False,0.0,-198.31,198.31,app
O903468,U305438,2026-03-02,False,0.0,234.37,234.37,app
O903469,U305442,2026-03-06,False,0.0,270.5,270.5,app
O903470,U305444,2026-03-25,False,0.0,217.93,217.93,app
O903471,U305446,2026-03-25,False,0.0,278.79,278.79,app
O903472,U305448,2026-03-02,True,140.0,202.43,62.43,app
O903473,U305453,2026-03-21,True,133.03,190.04,57.01,app
O903474,U305455,2026-03-28,False,0.0,310.86,310.86,app
O903475,U305457,2026-03-19,True,140.0,290.99,150.99,app
O903476,U305460,2026-03-05,True,140.0,257.96,117.96,app
O903477,U305462,2026-03-01,True,140.0,241.37,101.37,app
O903478,U305463,2026-03-14,True,140.0,217.19,77.19,app
O903479,U305465,2026-03-06,False,0.0,180.08,180.08,app
O903480,U305465,2026-03-19,False,0.0,314.23,314.23,app
O903481,U305466,2026-03-20,True,85.97,122.81,36.84,app
O903482,U305467,2026-03-10,True,140.0,297.04,157.04,app
O903483,U305469,2026-03-07,True,140.0,253.04,113.04,app
O903484,U305474,2026-03-27,False,0.0,167.15,167.15,app
O903485,U305476,2026-03-27,True,109.06,155.8,46.74,app
O903486,U305477,2026-03-17,False,0.0,228.46,228.46,app
O903487,U305478,2026-03-03,True,140.0,253.22,113.22,app
O903488,U305480,2026-03-15,True,115.15,164.51,49.35,app
O903489,U305480,2026-03-18,True,140.0,233.86,93.86,web
O903490,U305480,2026-03-17,True,130.59,186.56,55.97,app
O903491,U305480,2026-03-05,True,140.0,269.72,129.72,app
O903492,U305481,2026-03-06,True,140.0,236.93,96.93,app
O903493,U305481,2026-03-02,True,140.0,248.51,108.51,app
O903494,U305482,2026-03-06,True,140.0,209.72,69.72,app
O903495,U305482,2026-03-15,True,140.0,229.48,89.48,
O903496,U305483,2026-03-07,False,0.0,132.58,132.58,app
O903497,U305483,2026-03-12,False,0.0,203.22,203.22,app
O903498,U305488,2026-03-26,False,0.0,165.31,165.31,app
O903499,U305488,2026-03-18,False,0.0,208.85,208.85,app
O903500,U305488,2026-03-11,False,0.0,327.27,327.27,app
O903501,U305491,2026-03-30,True,93.19,133.13,39.94,app
O903502,U305492,2026-03-03,True,140.0,280.08,140.08,app
O903503,U305492,2026-03-06,True,140.0,323.88,183.88,app
O903504,U305492,2026-03-16,True,90.09,128.7,38.61,app
O903505,U305492,2026-03-30,True,121.49,173.55,52.07,app
O903506,U305493,2026-03-25,True,97.52,-139.31,41.79,app
O903507,U305494,2026-03-28,False,0.0,206.56,206.56,app
O903508,U305495,2026-03-13,False,0.0,254.64,254.64,app
O903509,U305496,2026-03-20,True,140.0,244.57,104.57,app
O903510,U305500,2026-03-24,True,140.0,282.54,142.54,app
O903511,U305501,2026-03-22,True,140.0,204.99,64.99,app
O903512,U305501,2026-03-20,True,140.0,245.87,105.87,web
O903513,U305502,2026-03-21,False,0.0,227.4,227.4,app
O903514,U305504,2026-03-12,True,140.0,243.9,103.9,app
O903515,U305509,2026-03-01,True,97.65,139.5,41.85,app
O903516,U305509,2026-03-24,True,140.0,265.88,125.88,app
O903517,U305513,2026-03-02,True,140.0,417.09,277.09,app
O903518,U305514,2026-03-07,True,140.0,232.79,92.79,app
O903519,U305515,2026-03-25,True,129.95,185.64,55.69,app
O903520,U305517,2026-03-06,False,0.0,304.93,304.93,app
O903521,U305519,2026-03-06,True,140.0,238.5,98.5,app
O903522,U305521,2026-03-13,False,0.0,171.28,171.28,app
O903523,U305521,2026-03-09,False,0.0,177.51,177.51,app
O903524,U305524,2026-03-24,True,140.0,262.84,122.84,app
O903525,U305524,2026-03-03,True,140.0,231.96,91.96,app
O903526,U305525,2026-03-03,True,137.16,195.95,58.78,app
O903527,U305528,2026-03-08,False,0.0,181.19,181.19,app
O903528,U305532,2026-03-05,True,133.92,191.31,57.39,app
O903529,U305532,2026-03-05,True,130.68,186.68,56.0,app
O903530,U305535,2026-03-06,False,0.0,223.73,223.73,web
O903531,U305538,2026-03-07,False,0.0,127.35,127.35,app
O903532,U305543,2026-03-24,True,69.3,99.0,29.7,app
O903533,U305545,2026-03-13,True,140.0,206.74,66.74,app
O903534,U305546,2026-03-09,False,0.0,193.22,193.22,app
O903535,U305551,2026-03-23,False,0.0,142.59,142.59,app
O903536,U305552,2026-03-13,False,0.0,227.44,227.44,app
O903537,U305552,2026-03-21,False,0.0,197.7,197.7,app
O903538,U305555,2026-03-10,True,140.0,291.51,151.51,app
O903539,U305557,2026-03-04,False,0.0,195.18,195.18,app
O903540,U305560,2026-03-03,True,140.0,228.07,88.07,app
O903541,U305561,2026-03-27,True,140.0,214.57,74.57,app
O903542,U305562,2026-03-06,True,134.39,191.98,57.59,app
O903543,U305564,2026-03-22,True,98.64,140.92,42.28,app
O903544,U305565,2026-03-01,False,0.0,152.18,152.18,app
O903545,U305566,2026-03-11,False,0.0,233.32,233.32,web
O903546,U305567,2026-03-23,True,138.98,198.54,59.56,app
O903547,U305569,2026-03-03,False,0.0,196.34,196.34,app
O903548,U305570,2026-03-15,True,103.18,147.4,44.22,app
O903549,U305571,2026-03-24,False,0.0,293.21,293.21,app
O903550,U305571,2026-03-16,False,0.0,99.0,99.0,web
O903551,U305573,2026-03-20,True,140.0,266.61,126.61,app
O903552,U305573,2026-03-09,True,140.0,205.44,65.44,app
O903553,U305573,2026-03-07,True,109.84,156.92,47.07,app
O903554,U305575,2026-03-03,True,114.61,163.73,49.12,app
O903555,U305576,2026-03-12,False,0.0,257.12,257.12,app
O903556,U305578,2026-03-05,True,140.0,239.76,99.76,app
O903557,U305579,2026-03-29,True,140.0,305.73,165.73,app
O903558,U305583,2026-03-14,True,110.31,157.59,47.28,app
O903559,U305585,2026-03-26,False,0.0,285.11,285.11,app
O903560,U305586,2026-03-25,False,0.0,217.78,217.78,app
O903561,U305587,2026-03-25,True,140.0,209.96,69.96,app
O903562,U305588,2026-03-05,False,0.0,219.48,219.48,app
O903563,U305590,2026-03-19,False,0.0,281.24,281.24,app
O903564,U305591,2026-03-22,False,0.0,99.0,99.0,app
O903565,U305591,2026-03-28,False,0.0,130.08,130.08,app
O903566,U305594,2026-03-15,True,140.0,255.92,115.92,app
O903567,U305594,2026-03-08,True,140.0,276.83,136.83,app
O903568,U305594,2026-03-22,True,140.0,203.45,63.45,app
O903569,U305595,2026-03-27,True,140.0,236.54,96.54,app
O903570,U305596,2026-03-03,False,0.0,219.51,219.51,app
O903571,U305596,2026-03-08,False,0.0,221.17,221.17,app
O903572,U305600,2026-03-21,True,140.0,224.96,84.96,app
O903573,U305601,2026-03-25,True,140.0,211.05,71.05,app
O903574,U305604,2026-03-05,True,136.42,194.89,58.47,app
O903575,U305604,2026-03-29,True,140.0,205.3,65.3,app
O903576,U305605,2026-03-26,True,140.0,321.12,181.12,app
O903577,U305605,2026-03-16,True,140.0,323.03,183.03,app
O903578,U305607,2026-03-26,False,0.0,159.09,159.09,app
O903579,U305610,2026-03-14,True,140.0,260.61,120.61,app
O903580,U305611,2026-03-04,True,140.0,244.64,104.64,app
O903581,U305611,2026-03-29,True,140.0,267.01,127.01,app
O903582,U305612,2026-03-19,True,140.0,221.38,81.38,app
O903583,U305614,2026-03-13,True,140.0,309.7,169.7,app
O903584,U305614,2026-03-30,True,140.0,279.92,139.92,app
O903585,U305615,2026-03-12,False,0.0,164.81,164.81,app
O903586,U305615,2026-03-13,False,0.0,361.72,361.72,app
O903587,U305617,2026-03-27,True,140.0,275.79,135.79,app
O903588,U305619,2026-03-25,False,0.0,202.0,202.0,web
O903589,U305619,2026-03-19,False,0.0,212.68,212.68,app
O903590,U305619,2026-03-24,False,0.0,257.87,257.87,web
O903591,U305620,2026-03-11,True,140.0,300.02,160.02,app
O903592,U305620,2026-03-23,True,140.0,298.27,158.27,app
O903593,U305622,2026-03-11,True,121.92,174.17,52.25,app
O903594,U305624,2026-03-14,False,0.0,298.84,298.84,app
O903595,U305624,2026-03-23,False,0.0,213.55,213.55,web
O903596,U305626,2026-03-21,False,0.0,194.57,194.57,app
O903597,U305627,2026-03-26,True,140.0,243.31,103.31,app
O903598,U305627,2026-03-27,True,140.0,253.93,113.93,app
O903599,U305628,2026-03-09,True,130.03,185.75,55.73,app
O903600,U305631,2026-03-27,True,103.46,147.8,44.34,web
O903601,U305633,2026-03-22,True,140.0,245.78,105.78,app
O903602,U305635,2026-03-07,False,0.0,175.46,175.46,app
O903603,U305638,2026-03-25,True,136.22,194.6,58.38,app
O903604,U305639,2026-03-27,True,140.0,251.03,111.03,app
O903605,U305640,2026-03-16,False,0.0,269.94,269.94,app
O903606,U305641,2026-03-25,True,140.0,247.42,107.42,app
O903607,U305643,2026-03-05,True,140.0,259.54,119.54,app
O903608,U305645,2026-03-24,True,140.0,230.82,90.82,app
O903609,U305645,2026-03-18,True,140.0,201.1,61.1,app
O903610,U305645,2026-03-12,True,140.0,294.14,154.14,app
O903611,U305646,2026-03-27,True,133.39,190.56,57.17,app
O903612,U305651,2026-03-01,True,140.0,388.13,248.13,app
O903613,U305652,2026-03-14,False,0.0,192.82,192.82,app
O903614,U305654,2026-03-21,False,0.0,180.56,180.56,app
O903615,U305656,2026-03-05,False,0.0,200.57,200.57,app
O903616,U305661,2026-03-11,True,140.0,229.46,89.46,app
O903617,U305663,2026-03-12,True,140.0,285.05,145.05,app
O903618,U305665,2026-03-24,False,0.0,110.45,110.45,app
O903619,U305666,2026-03-15,True,131.8,188.28,56.48,app
O903620,U305667,2026-03-14,True,140.0,248.02,108.02,app
O903621,U305669,2026-03-18,True,140.0,233.53,93.53,app
O903622,U305670,2026-03-20,True,140.0,239.81,99.81,web
O903623,U305671,2026-03-16,True,69.3,99.0,29.7,app
O903624,U305673,2026-03-26,False,0.0,211.01,211.01,app
O903625,U305675,2026-03-08,True,140.0,378.98,238.98,app
O903626,U305676,2026-03-21,True,140.0,226.27,86.27,app
O903627,U305677,2026-03-14,False,0.0,225.8,225.8,app
O903628,U305679,2026-03-11,True,112.77,161.09,48.33,app
O903629,U305679,2026-03-11,True,120.42,172.02,51.61,app
O903630,U305680,2026-03-09,False,0.0,237.55,237.55,app
O903631,U305682,2026-03-12,False,0.0,158.64,158.64,app
O903632,U305683,2026-03-09,False,0.0,197.06,197.06,app
O903633,U305684,2026-03-11,True,87.98,125.69,37.71,app
O903634,U305686,2026-03-20,False,0.0,190.16,190.16,app
O903635,U305686,2026-03-19,False,0.0,238.52,238.52,app
O903636,U305687,2026-03-28,True,140.0,264.49,124.49,app
O903637,U305689,2026-03-03,False,0.0,263.39,263.39,app
O903638,U305690,2026-03-02,True,140.0,237.45,97.45,app
O903639,U305690,2026-03-30,True,119.36,170.52,51.16,web
O903640,U305692,2026-03-22,True,140.0,288.21,148.21,app
O903641,U305693,2026-03-26,True,140.0,272.61,132.61,app
O903642,U305695,2026-03-05,True,140.0,258.97,118.97,app
O903643,U305696,2026-03-08,True,140.0,319.83,179.83,web
O903644,U305698,2026-03-06,True,140.0,355.88,215.88,app
O903645,U305699,2026-03-28,True,140.0,259.09,119.09,app
O903646,U305701,2026-03-09,False,0.0,197.94,197.94,app
O903647,U305702,2026-03-08,True,140.0,203.04,63.04,app
O903648,U305702,2026-03-13,True,140.0,245.81,105.81,app
O903649,U305703,2026-03-01,True,74.88,-106.98,32.09,app
O903650,U305706,2026-03-22,True,89.57,127.96,38.39,app
O903651,U305708,2026-03-09,False,0.0,229.6,229.6,app
O903652,U305710,2026-03-25,False,0.0,330.96,330.96,app
O903653,U305713,2026-03-05,False,0.0,214.91,214.91,app
O903654,U305716,2026-03-04,True,121.02,172.88,51.86,app
O903655,U305717,2026-03-22,False,0.0,286.07,286.07,app
O903656,U305718,2026-03-16,False,0.0,262.62,262.62,app
O903657,U305720,2026-03-15,False,0.0,308.66,308.66,app
O903658,U305720,2026-03-15,False,0.0,211.79,211.79,app
O903659,U305721,2026-03-02,True,93.21,133.16,39.95,app
O903660,U305725,2026-03-11,False,0.0,121.48,121.48,app
O903661,U305726,2026-03-16,True,119.05,170.07,51.02,app
O903662,U305729,2026-03-07,True,140.0,224.77,84.77,app
O903663,U305729,2026-03-06,True,140.0,258.3,118.3,app
O903664,U305734,2026-03-05,False,0.0,248.84,248.84,app
O903665,U305737,2026-03-19,True,134.17,191.68,57.5,app
O903666,U305737,2026-03-06,True,140.0,200.03,60.03,app
O903667,U305738,2026-03-08,True,140.0,237.19,97.19,web
O903668,U305740,2026-03-21,False,0.0,263.51,263.51,app
O903669,U305741,2026-03-22,False,0.0,187.66,187.66,app
O903670,U305744,2026-03-27,False,0.0,269.07,269.07,app
O903671,U305748,2026-03-13,True,79.64,113.78,34.13,web
O903672,U305748,2026-03-13,True,140.0,211.21,71.21,app
O903673,U305749,2026-03-10,True,140.0,271.75,131.75,app
O903674,U305751,2026-03-27,False,0.0,262.63,262.63,app
O903675,U305752,2026-03-08,True,136.56,195.08,58.52,app
O903676,U305752,2026-03-24,True,69.3,99.0,29.7,app
O903677,U305753,2026-03-05,False,0.0,249.0,249.0,web
O903678,U305754,2026-03-11,True,140.0,243.17,103.17,app
O903679,U305757,2026-03-26,False,0.0,301.76,301.76,app
O903680,U305758,2026-03-08,True,140.0,270.87,130.87,app
O903681,U305759,2026-03-10,False,0.0,185.32,185.32,app
O903682,U305760,2026-03-23,True,140.0,297.59,157.59,app
O903683,U305761,2026-03-05,False,0.0,235.83,235.83,app
O903684,U305765,2026-03-20,True,134.72,192.45,57.74,app
O903685,U305767,2026-03-10,True,140.0,205.11,65.11,app
O903686,U305769,2026-03-30,False,0.0,245.38,245.38,app
O903687,U305771,2026-03-16,False,0.0,181.67,181.67,app
O903688,U305773,2026-03-29,True,115.19,164.56,49.37,app
O903689,U305776,2026-03-01,False,0.0,324.35,324.35,app
O903690,U305777,2026-03-27,True,140.0,248.04,108.04,app
O903691,U305778,2026-03-20,True,140.0,345.13,205.13,app
O903692,U305780,2026-03-11,False,0.0,259.88,259.88,app
O903693,U305782,2026-03-16,False,0.0,172.61,172.61,app
O903694,U305785,2026-03-18,False,0.0,248.6,248.6,app
O903695,U305787,2026-03-13,True,140.0,247.39,107.39,app
O903696,U305790,2026-03-26,True,114.19,163.12,48.94,app
O903697,U305792,2026-03-16,False,0.0,207.28,207.28,app
O903698,U305794,2026-03-28,True,140.0,274.76,134.76,app
O903699,U305795,2026-03-15,False,0.0,266.85,266.85,app
O903700,U305795,2026-03-30,False,0.0,248.62,248.62,app
O903701,U305796,2026-03-20,True,101.43,144.91,43.47,app
O903702,U305800,2026-03-28,False,0.0,206.84,206.84,app
O903703,U305800,2026-03-29,False,0.0,261.38,261.38,app
O903704,U305801,2026-03-11,True,140.0,289.75,149.75,app
O903705,U305802,2026-03-13,False,0.0,382.12,382.12,app
O903706,U305807,2026-03-29,True,140.0,233.34,93.34,app
O903707,U305809,2026-03-05,False,0.0,213.01,213.01,app
O903708,U305813,2026-03-15,True,140.0,219.79,79.79,app
O903709,U305820,2026-03-12,False,0.0,184.64,184.64,app
O903710,U305823,2026-03-22,True,140.0,226.09,86.09,app
O903711,U305824,2026-03-18,True,108.48,154.97,46.49,app
O903712,U305831,2026-03-28,False,0.0,195.8,195.8,app
O903713,U305835,2026-03-29,True,140.0,239.11,99.11,app
O903714,U305835,2026-03-02,True,140.0,201.34,61.34,app
O903715,U305836,2026-03-09,True,140.0,241.3,101.3,app
O903716,U305837,2026-03-01,True,71.55,102.21,30.66,app
O903717,U305838,2026-03-08,True,77.63,110.89,33.27,app
O903718,U305841,2026-03-30,True,130.03,185.76,55.73,app
O903719,U305842,2026-03-16,False,0.0,259.76,259.76,app
O903720,U305844,2026-03-11,True,140.0,294.86,154.86,app
O903721,U305845,2026-03-11,True,140.0,248.88,108.88,web
O903722,U305847,2026-03-16,True,140.0,285.02,145.02,app
O903723,U305850,2026-03-09,False,0.0,255.11,255.11,app
O903724,U305850,2026-03-09,False,0.0,242.65,242.65,app
O903725,U305852,2026-03-26,True,123.31,176.16,52.85,app
O903726,U305854,2026-03-21,False,0.0,134.02,134.02,app
O903727,U305854,2026-03-26,False,0.0,112.14,112.14,app
O903728,U305855,2026-03-23,False,0.0,225.24,225.24,app
O903729,U305859,2026-03-23,True,69.3,99.0,29.7,web
O903730,U305859,2026-03-26,True,140.0,211.35,71.35,app
O903731,U305862,2026-03-26,True,123.97,177.1,53.13,web
O903732,U305863,2026-03-07,False,0.0,232.82,232.82,app
O903733,U305867,2026-03-10,True,140.0,298.21,158.21,app
O903734,U305867,2026-03-15,True,140.0,224.82,84.82,app
O903735,U305870,2026-03-19,False,0.0,217.78,217.78,app
O903736,U305876,2026-03-14,False,0.0,141.72,141.72,app
O903737,U305879,2026-03-30,False,0.0,228.76,228.76,app
O903738,U305880,2026-03-10,False,0.0,280.07,280.07,app
O903739,U305881,2026-03-25,False,0.0,149.17,149.17,web
O903740,U305881,2026-03-08,False,0.0,241.11,241.11,app
O903741,U305882,2026-03-14,False,0.0,206.53,206.53,app
O903742,U305884,2026-03-11,True,132.31,189.01,56.7,app
O903743,U305885,2026-03-23,True,112.45,160.64,48.19,app
O903744,U305891,2026-03-07,True,117.73,168.18,50.45,app
O903745,U305891,2026-03-17,True,140.0,263.28,123.28,app
O903746,U305893,2026-03-12,False,0.0,264.46,264.46,app
O903747,U305893,2026-03-06,False,0.0,236.06,236.06,app
O903748,U305895,2026-03-15,True,140.0,231.65,91.65,app
O903749,U305896,2026-03-28,False,0.0,253.71,253.71,app
O903750,U305896,2026-03-20,False,0.0,279.04,279.04,app
O903751,U305898,2026-03-10,False,0.0,201.26,201.26,app
O903752,U305900,2026-03-24,False,0.0,198.78,198.78,app
O903753,U305901,2026-03-22,True,140.0,216.46,76.46,app
O903754,U305901,2026-03-27,True,140.0,354.25,214.25,app
O903755,U305902,2026-03-29,True,97.08,138.69,41.61,app
O903756,U305905,2026-03-22,False,0.0,204.69,204.69,app
O903757,U305905,2026-03-27,False,0.0,233.75,233.75,app
O903758,U305905,2026-03-12,False,0.0,186.11,186.11,app
O903759,U305909,2026-03-12,True,140.0,217.39,77.39,app
O903760,U305910,2026-03-13,True,123.58,176.54,52.96,app
O903761,U305912,2026-03-15,False,0.0,231.1,231.1,app
O903762,U305913,2026-03-23,True,140.0,307.62,167.62,app
O903763,U305913,2026-03-14,True,140.0,270.03,130.03,app
O903764,U305914,2026-03-12,True,140.0,315.13,175.13,app
O903765,U305914,2026-03-08,True,128.26,183.22,54.97,app
O903766,U305915,2026-03-28,True,69.3,99.0,29.7,app
O903767,U305919,2026-03-22,True,140.0,248.77,108.77,app
O903768,U305921,2026-03-09,True,109.08,155.83,46.75,app
O903769,U305921,2026-03-27,True,140.0,229.9,89.9,app
O903770,U305923,2026-03-20,False,0.0,200.03,200.03,app
O903771,U305925,2026-03-28,False,0.0,203.82,203.82,
O903772,U305926,2026-03-24,False,0.0,142.82,142.82,app
O903773,U305928,2026-03-13,False,0.0,158.67,158.67,app
O903774,U305930,2026-03-15,True,140.0,231.32,91.32,app
O903775,U305930,2026-03-27,True,113.86,162.65,48.8,app
O903776,U305931,2026-03-06,True,115.04,164.34,49.3,app
O903777,U305933,2026-03-20,True,69.3,99.0,29.7,app
O903778,U305934,2026-03-17,False,0.0,200.71,200.71,app
O903779,U305935,2026-03-28,True,133.53,190.76,57.23,app
O903780,U305935,2026-03-27,True,140.0,316.55,176.55,app
O903781,U305936,2026-03-05,True,140.0,263.91,123.91,app
O903782,U305937,2026-03-30,True,140.0,214.01,74.01,app
O903783,U305938,2026-03-14,True,111.82,159.75,47.92,web
O903784,U305940,2026-03-28,True,140.0,273.05,133.05,app
O903785,U305941,2026-03-27,True,98.81,141.16,42.35,app
O903786,U305942,2026-03-12,False,0.0,252.72,252.72,app
O903787,U305942,2026-03-14,False,0.0,189.08,189.08,app
O903788,U305945,2026-03-29,True,140.0,236.99,96.99,app
O903789,U305946,2026-03-12,False,0.0,228.46,228.46,app
O903790,U305946,2026-03-05,False,0.0,231.77,231.77,app
O903791,U305948,2026-03-08,True,139.29,198.99,59.7,app
O903792,U305949,2026-03-11,False,0.0,211.55,211.55,app
O903793,U305953,2026-03-29,False,0.0,310.55,310.55,app
O903794,U305954,2026-03-04,False,0.0,290.37,290.37,app
O903795,U305959,2026-03-19,False,0.0,308.96,308.96,app
O903796,U305962,2026-03-29,True,123.86,176.94,53.08,app
O903797,U305963,2026-03-13,True,99.07,141.53,42.46,app
O903798,U305964,2026-03-20,True,140.0,227.06,87.06,app
O903799,U305964,2026-03-07,True,140.0,276.15,136.15,app
O903800,U305966,2026-03-24,True,139.52,199.32,59.8,app
O903801,U305967,2026-03-23,False,0.0,290.84,290.84,app
O903802,U305969,2026-03-12,True,140.0,340.89,200.89,app
O903803,U305970,2026-03-28,True,120.91,172.73,51.82,app
O903804,U305972,2026-03-04,True,138.35,197.64,59.29,app
O903805,U305974,2026-03-14,True,140.0,208.77,68.77,app
O903806,U305978,2026-03-27,True,140.0,237.6,97.6,app
O903807,U305979,2026-03-26,True,107.14,153.05,45.92,app
O903808,U305990,2026-03-08,False,0.0,99.0,99.0,web
O903809,U305992,2026-03-12,True,74.48,106.4,31.92,app
O903810,U305993,2026-03-09,True,71.17,101.68,30.5,web
O903811,U305993,2026-03-22,True,140.0,277.67,137.67,app
O903812,U305999,2026-03-07,False,0.0,262.58,262.58,web
O903813,U306000,2026-03-04,True,140.0,280.09,140.09,app
O903814,U306000,2026-03-16,True,106.31,151.87,45.56,app
O903815,U306001,2026-03-30,True,140.0,324.73,184.73,app
O903816,U306002,2026-03-24,False,0.0,220.36,220.36,web
O903817,U306003,2026-03-15,False,0.0,299.61,299.61,app
O903818,U306003,2026-03-30,False,0.0,99.0,99.0,app
O903819,U306004,2026-03-02,True,140.0,228.49,88.49,app
O903820,U306005,2026-03-19,True,112.03,160.04,48.01,app
O903821,U306006,2026-03-17,True,118.27,168.95,50.69,
O903822,U306008,2026-03-06,True,140.0,265.68,125.68,app
O903823,U306009,2026-03-08,True,140.0,276.93,136.93,app
O903824,U306010,2026-03-06,False,0.0,174.39,174.39,app
O903825,U306010,2026-03-15,False,0.0,266.04,266.04,app
O903826,U306012,2026-03-03,False,0.0,121.79,121.79,app
O903827,U306013,2026-03-23,True,132.08,188.68,56.6,app
O903828,U306014,2026-03-07,True,140.0,258.14,118.14,app
O903829,U306015,2026-03-01,True,140.0,211.14,71.14,app
O903830,U306016,2026-03-21,True,140.0,243.84,103.84,app
O903831,U306017,2026-03-29,True,93.88,134.12,40.24,app
O903832,U306017,2026-03-21,True,140.0,255.28,115.28,app
O903833,U306017,2026-03-08,True,140.0,273.29,133.29,app
O903834,U306018,2026-03-17,True,140.0,247.95,107.95,app
O903835,U306018,2026-03-12,True,140.0,323.8,183.8,app
O903836,U306020,2026-03-22,False,0.0,209.97,209.97,app
O903837,U306022,2026-03-15,True,140.0,235.02,95.02,app
O903838,U306024,2026-03-11,False,0.0,238.78,238.78,app
O903839,U306025,2026-03-07,False,0.0,337.45,337.45,app
O903840,U306030,2026-03-09,False,0.0,150.18,150.18,app
O903841,U306031,2026-03-03,True,140.0,248.39,108.39,app
O903842,U306033,2026-03-28,True,140.0,216.45,76.45,app
O903843,U306034,2026-03-04,False,0.0,138.22,138.22,app
O903844,U306036,2026-03-14,False,0.0,246.45,246.45,app
O903845,U306037,2026-03-16,True,140.0,227.31,87.31,app
O903846,U306037,2026-03-12,True,139.85,199.79,59.94,app
O903847,U306038,2026-03-09,False,0.0,250.96,250.96,app
O903848,U306042,2026-03-14,True,69.3,99.0,29.7,app
O903849,U306043,2026-03-28,False,0.0,234.43,234.43,web
O903850,U306043,2026-03-22,False,0.0,225.88,225.88,app
O903851,U306045,2026-03-16,True,109.38,156.26,46.88,app
O903852,U306047,2026-03-28,True,140.0,222.94,82.94,app
O903853,U306047,2026-03-26,True,123.59,176.56,52.97,app
O903854,U306050,2026-03-29,True,140.0,271.27,131.27,app
O903855,U306050,2026-03-15,True,140.0,273.03,133.03,app
O903856,U306050,2026-03-17,True,140.0,266.06,126.06,app
O903857,U306050,2026-03-11,True,140.0,265.27,125.27,app
O903858,U306053,2026-03-03,True,94.37,134.82,40.45,app
O903859,U306053,2026-03-03,True,140.0,213.41,73.41,web
O903860,U306054,2026-03-24,True,140.0,208.92,68.92,app
O903861,U306058,2026-03-16,True,140.0,228.59,88.59,app
O903862,U306061,2026-03-13,True,140.0,330.47,190.47,app
O903863,U306062,2026-03-23,True,134.0,191.44,57.43,app
O903864,U306063,2026-03-30,True,99.72,142.46,42.74,app
O903865,U306063,2026-03-04,True,140.0,237.26,97.26,app
O903866,U306063,2026-03-24,True,140.0,263.17,123.17,app
O903867,U306063,2026-03-01,True,69.3,99.0,29.7,app
O903868,U306067,2026-03-24,True,101.61,145.15,43.55,app
O903869,U306067,2026-03-14,True,69.3,99.0,29.7,app
O903870,U306072,2026-03-21,True,140.0,202.67,62.67,app
O903871,U306072,2026-03-21,True,140.0,271.98,131.98,app
O903872,U306076,2026-03-17,True,113.99,162.84,48.85,app
O903873,U306078,2026-03-09,True,110.97,158.53,47.56,app
O903874,U306079,2026-03-29,True,140.0,211.28,71.28,app
O903875,U306079,2026-03-25,True,140.0,256.3,116.3,app
O903876,U306080,2026-03-21,False,0.0,301.44,301.44,app
O903877,U306080,2026-03-28,False,0.0,207.35,207.35,app
O903878,U306080,2026-03-25,False,0.0,184.54,184.54,app
O903879,U306081,2026-03-29,True,127.66,182.37,54.71,app
O903880,U306081,2026-03-04,True,140.0,225.73,85.73,app
O903881,U306084,2026-03-28,False,0.0,294.52,294.52,app
O903882,U306084,2026-03-08,False,0.0,267.61,267.61,web
O903883,U306085,2026-03-29,True,140.0,211.63,71.63,app
O903884,U306087,2026-03-30,False,0.0,249.2,249.2,app
O903885,U306089,2026-03-23,True,140.0,229.43,89.43,app
O903886,U306089,2026-03-24,True,140.0,211.0,71.0,app
O903887,U306090,2026-03-22,False,0.0,301.53,301.53,app
O903888,U306091,2026-03-18,True,104.77,149.67,44.9,app
O903889,U306094,2026-03-29,True,72.66,103.8,31.14,app
O903890,U306097,2026-03-03,False,0.0,257.8,257.8,app
O903891,U306097,2026-03-24,False,0.0,181.88,181.88,app
O903892,U306099,2026-03-18,True,140.0,271.7,131.7,app
O903893,U306100,2026-03-18,False,0.0,263.96,263.96,app
O903894,U306101,2026-03-23,True,140.0,228.42,88.42,app
O903895,U306101,2026-03-03,True,86.96,124.23,37.27,app
O903896,U306102,2026-03-21,False,0.0,333.01,333.01,app
O903897,U306103,2026-03-30,False,0.0,170.71,170.71,app
O903898,U306104,2026-03-27,False,0.0,144.76,144.76,app
O903899,U306105,2026-03-19,False,0.0,219.46,219.46,app
O903900,U306107,2026-03-08,False,0.0,262.88,262.88,app
O903901,U306107,2026-03-12,False,0.0,231.78,231.78,app
O903902,U306108,2026-03-20,False,0.0,195.25,195.25,app
O903903,U306110,2026-03-20,False,0.0,200.98,200.98,app
O903904,U306111,2026-03-17,False,0.0,159.04,159.04,app
O903905,U306111,2026-03-15,False,0.0,254.3,254.3,app
O903906,U306112,2026-03-20,False,0.0,183.16,183.16,app
O903907,U306113,2026-03-30,True,140.0,225.72,85.72,app
O903908,U306113,2026-03-20,True,140.0,216.28,76.28,app
O903909,U306114,2026-03-16,False,0.0,277.76,277.76,app
O903910,U306116,2026-03-07,True,129.22,184.6,55.38,app
O903911,U306119,2026-03-15,False,0.0,-200.97,200.97,app
O903912,U306120,2026-03-03,True,140.0,237.64,97.64,app
O903913,U306121,2026-03-21,True,140.0,340.74,200.74,app
O903914,U306123,2026-03-18,False,0.0,217.13,217.13,app
O903915,U306123,2026-03-04,False,0.0,363.99,363.99,app
O903916,U306125,2026-03-21,True,95.1,135.86,40.76,app
O903917,U306126,2026-03-25,True,140.0,236.2,96.2,app
O903918,U306126,2026-03-27,True,140.0,320.44,180.44,app
O903919,U306126,2026-03-23,True,140.0,260.81,120.81,app
O903920,U306127,2026-03-18,True,94.4,134.85,40.46,app
O903921,U306130,2026-03-30,True,140.0,225.55,85.55,app
O903922,U306131,2026-03-04,True,94.54,135.05,40.52,app
O903923,U306132,2026-03-15,True,140.0,212.47,72.47,app
O903924,U306134,2026-03-06,False,0.0,183.73,183.73,app
O903925,U306135,2026-03-19,True,140.0,240.41,100.41,app
O903926,U306137,2026-03-10,False,0.0,136.91,136.91,app
O903927,U306139,2026-03-08,True,140.0,266.08,126.08,app
O903928,U306143,2026-03-07,False,0.0,238.4,238.4,app
O903929,U306145,2026-03-30,True,140.0,263.99,123.99,app
O903930,U306148,2026-03-16,True,112.59,160.84,48.25,app
O903931,U306148,2026-03-03,True,140.0,243.23,103.23,app
O903932,U306150,2026-03-01,True,127.68,182.4,54.72,web
O903933,U306156,2026-03-22,True,140.0,247.18,107.18,app
O903934,U306156,2026-03-22,True,88.89,126.98,38.09,app
O903935,U306158,2026-03-15,False,0.0,111.1,111.1,app
O903936,U306160,2026-03-03,True,140.0,279.18,139.18,app
O903937,U306160,2026-03-09,True,140.0,346.79,206.79,app
O903938,U306160,2026-03-17,True,135.24,193.2,57.96,app
O903939,U306162,2026-03-29,False,0.0,234.82,234.82,app
O903940,U306164,2026-03-15,False,0.0,195.48,195.48,app
O903941,U306165,2026-03-06,False,0.0,134.53,134.53,app
O903942,U306166,2026-03-10,False,0.0,245.85,245.85,app
O903943,U306166,2026-03-06,False,0.0,228.69,228.69,app
O903944,U306168,2026-03-02,False,0.0,209.7,209.7,app
O903945,U306171,2026-03-25,True,135.1,193.0,57.9,app
O903946,U306174,2026-03-30,True,140.0,314.61,174.61,app
O903947,U306176,2026-03-20,True,140.0,332.67,192.67,app
O903948,U306177,2026-03-30,True,131.81,188.3,56.49,app
O903949,U306178,2026-03-01,True,140.0,263.15,123.15,app
O903950,U306179,2026-03-22,False,0.0,268.23,268.23,app
O903951,U306180,2026-03-24,True,140.0,205.21,65.21,app
O903952,U306181,2026-03-23,False,0.0,99.0,99.0,app
O903953,U306183,2026-03-26,False,0.0,175.77,175.77,app
O903954,U306185,2026-03-17,False,0.0,341.97,341.97,app
O903955,U306188,2026-03-11,True,140.0,327.14,187.14,app
O903956,U306189,2026-03-21,True,140.0,298.61,158.61,app
O903957,U306190,2026-03-22,True,140.0,254.82,114.82,app
O903958,U306192,2026-03-09,False,0.0,133.26,133.26,web
O903959,U306195,2026-03-25,False,0.0,226.45,226.45,app
O903960,U306198,2026-03-10,True,118.64,169.48,50.85,app
O903961,U306198,2026-03-22,True,140.0,321.51,181.51,app
O903962,U306199,2026-03-11,False,0.0,198.07,198.07,app
O903963,U306200,2026-03-01,False,0.0,221.18,221.18,app
O903964,U306203,2026-03-12,True,140.0,256.84,116.84,app
O903965,U306206,2026-03-27,True,140.0,251.99,111.99,app
O903966,U306207,2026-03-02,False,0.0,111.94,111.94,app
O903967,U306208,2026-03-30,True,140.0,238.97,98.97,app
O903968,U306209,2026-03-02,False,0.0,204.13,204.13,app
O903969,U306209,2026-03-21,False,0.0,238.69,238.69,app
O903970,U306210,2026-03-14,False,0.0,179.3,179.3,app
O903971,U306210,2026-03-03,False,0.0,260.58,260.58,app
O903972,U306210,2026-03-02,False,0.0,152.97,152.97,app
O903973,U306212,2026-03-25,True,140.0,265.83,125.83,app
O903974,U306213,2026-03-10,True,118.52,169.32,50.8,app
O903975,U306216,2026-03-07,True,130.13,185.9,55.77,app
O903976,U306217,2026-03-30,True,140.0,215.18,75.18,app
O903977,U306220,2026-03-26,True,87.42,124.89,37.47,app
O903978,U306221,2026-03-20,True,80.79,115.42,34.62,web
O903979,U306223,2026-03-05,True,136.36,194.8,58.44,app
O903980,U306223,2026-03-10,True,140.0,266.52,126.52,app
O903981,U306224,2026-03-24,False,0.0,155.6,155.6,app
O903982,U306225,2026-03-02,False,0.0,246.95,246.95,app
O903983,U306226,2026-03-17,False,0.0,275.01,275.01,app
O903984,U306227,2026-03-28,True,129.76,185.37,55.61,app
O903985,U306228,2026-03-15,True,140.0,293.27,153.27,app
O903986,U306230,2026-03-03,False,0.0,111.8,111.8,app
O903987,U306231,2026-03-01,True,140.0,233.62,93.62,app
O903988,U306232,2026-03-09,True,118.36,169.08,50.72,web
O903989,U306233,2026-03-28,False,0.0,280.54,280.54,app
O903990,U306234,2026-03-21,True,132.13,188.76,56.63,app
O903991,U306234,2026-03-23,True,140.0,235.08,95.08,app
O903992,U306236,2026-03-03,False,0.0,217.25,217.25,app
O903993,U306236,2026-03-04,False,0.0,233.54,233.54,app
O903994,U306237,2026-03-09,False,0.0,316.61,316.61,app
O903995,U306237,2026-03-21,False,0.0,143.38,143.38,app
O903996,U306238,2026-03-20,True,140.0,263.2,123.2,app
O903997,U306242,2026-03-20,True,103.72,148.16,44.45,
O903998,U306246,2026-03-13,True,136.63,195.18,58.55,app
O903999,U306249,2026-03-19,True,95.34,136.2,40.86,app
O904000,U306249,2026-03-10,True,140.0,218.2,78.2,app
O904001,U306251,2026-03-11,False,0.0,158.03,158.03,app
O904002,U306251,2026-03-20,False,0.0,322.52,322.52,app
O904003,U306252,2026-03-23,False,0.0,117.41,117.41,app
O904004,U306253,2026-03-20,False,0.0,247.03,247.03,app
O904005,U306254,2026-03-05,False,0.0,259.56,259.56,app
O904006,U306258,2026-03-17,True,140.0,269.15,129.15,app
O904007,U306263,2026-03-04,False,0.0,225.54,225.54,app
O904008,U306267,2026-03-02,True,140.0,200.1,60.1,app
O904009,U306267,2026-03-07,True,140.0,249.95,109.95,app
O904010,U306268,2026-03-24,True,128.05,182.93,54.88,app
O904011,U306269,2026-03-06,False,0.0,245.84,245.84,app
O904012,U306275,2026-03-23,False,0.0,355.36,355.36,web
O904013,U306276,2026-03-30,True,140.0,230.69,90.69,app
O904014,U306277,2026-03-03,True,140.0,263.23,123.23,app
O904015,U306280,2026-03-30,True,132.82,189.75,56.92,app
O904016,U306282,2026-03-10,True,86.58,123.69,37.11,app
O904017,U306284,2026-03-24,True,140.0,202.46,62.46,app
O904018,U306288,2026-03-07,True,140.0,368.13,228.13,app
O904019,U306289,2026-03-13,False,0.0,141.75,141.75,app
O904020,U306290,2026-03-11,True,140.0,249.64,109.64,app
O904021,U306290,2026-03-28,True,125.02,178.6,53.58,app
O904022,U306292,2026-03-08,True,140.0,365.02,225.02,app
O904023,U306293,2026-03-11,True,103.72,148.17,44.45,app
O904024,U306293,2026-03-11,True,111.16,158.8,47.64,app
O904025,U306294,2026-03-28,True,140.0,315.97,175.97,app
O904026,U306296,2026-03-16,False,0.0,172.47,172.47,app
O904027,U306298,2026-03-08,True,140.0,276.62,136.62,app
O904028,U306300,2026-03-17,True,137.44,196.34,58.9,web
O904029,U306304,2026-03-09,False,0.0,268.79,268.79,app
O904030,U306304,2026-03-21,False,0.0,161.38,161.38,app
O904031,U306305,2026-03-17,True,140.0,302.76,162.76,app
O904032,U306306,2026-03-16,True,140.0,256.5,116.5,app
O904033,U306308,2026-03-18,True,140.0,208.34,68.34,app
O904034,U306309,2026-03-05,False,0.0,168.04,168.04,app
O904035,U306309,2026-03-30,False,0.0,228.53,228.53,app
O904036,U306310,2026-03-05,True,140.0,243.38,103.38,web
O904037,U306313,2026-03-28,True,140.0,221.2,81.2,app
O904038,U306314,2026-03-30,False,0.0,186.0,186.0,app
O904039,U306317,2026-03-01,True,140.0,211.42,71.42,app
O904040,U306318,2026-03-29,False,0.0,208.38,208.38,app
O904041,U306327,2026-03-01,True,140.0,229.32,89.32,app
O904042,U306331,2026-03-29,True,90.48,129.26,38.78,
O904043,U306335,2026-03-06,True,118.1,168.72,50.62,app
O904044,U306337,2026-03-24,True,140.0,256.57,116.57,app
O904045,U306337,2026-03-21,True,140.0,304.19,164.19,app
O904046,U306338,2026-03-04,False,0.0,220.15,220.15,app
O904047,U306340,2026-03-08,True,140.0,241.3,101.3,app
O904048,U306341,2026-03-18,True,140.0,240.89,100.89,app
O904049,U306342,2026-03-11,False,0.0,387.51,387.51,app
O904050,U306343,2026-03-09,False,0.0,218.2,218.2,app
O904051,U306344,2026-03-26,True,109.92,157.03,47.11,app
O904052,U306346,2026-03-02,True,109.02,155.74,46.72,app
O904053,U306347,2026-03-21,True,140.0,283.97,143.97,app
O904054,U306351,2026-03-20,False,0.0,247.99,247.99,app
O904055,U306354,2026-03-09,False,0.0,252.5,252.5,app
O904056,U306355,2026-03-20,True,140.0,295.27,155.27,app
O904057,U306357,2026-03-26,True,140.0,241.9,101.9,app
O904058,U306357,2026-03-02,True,140.0,297.68,157.68,app
O904059,U306361,2026-03-04,False,0.0,238.95,238.95,app
O904060,U306363,2026-03-14,True,115.01,164.3,49.29,app
O904061,U306364,2026-03-07,False,0.0,229.1,229.1,app
O904062,U306369,2026-03-16,True,140.0,241.92,101.92,app
O904063,U306373,2026-03-04,False,0.0,232.72,232.72,app
O904064,U306373,2026-03-20,False,0.0,223.97,223.97,app
O904065,U306375,2026-03-23,False,0.0,-155.57,155.57,app
O904066,U306377,2026-03-15,False,0.0,99.0,99.0,app
O904067,U306377,2026-03-04,False,0.0,142.81,142.81,app
O904068,U306380,2026-03-11,True,140.0,309.43,169.43,app
O904069,U306380,2026-03-14,True,140.0,253.51,113.51,app
O904070,U306381,2026-03-09,False,0.0,132.93,132.93,
O904071,U306381,2026-03-09,False,0.0,157.9,157.9,app
O904072,U306384,2026-03-20,True,119.94,171.34,51.4,app
O904073,U306385,2026-03-28,False,0.0,127.73,127.73,app
O904074,U306387,2026-03-29,False,0.0,236.84,236.84,app
O904075,U306388,2026-03-16,True,140.0,326.34,186.34,app
O904076,U306391,2026-03-04,False,0.0,195.15,195.15,app
O904077,U306395,2026-03-29,False,0.0,162.44,162.44,
O904078,U306399,2026-03-19,True,140.0,222.51,82.51,app
O904079,U306400,2026-03-18,True,140.0,217.12,77.12,app
O904080,U306400,2026-03-20,True,127.62,182.32,54.7,web
O904081,U306401,2026-03-03,False,0.0,288.19,288.19,app
O904082,U306402,2026-03-17,True,140.0,298.84,158.84,app
O904083,U306403,2026-03-27,False,0.0,151.41,151.41,app
O904084,U306409,2026-03-11,False,0.0,206.22,206.22,app
O904085,U306413,2026-03-10,True,99.0,141.43,42.43,app
O904086,U306413,2026-03-29,True,140.0,270.7,130.7,app
O904087,U306414,2026-03-19,True,140.0,271.86,131.86,app
O904088,U306417,2026-03-22,False,0.0,177.73,177.73,app
O904089,U306418,2026-03-29,False,0.0,262.32,262.32,app
O904090,U306420,2026-03-05,False,0.0,141.12,141.12,app
O904091,U306425,2026-03-14,False,0.0,216.99,216.99,app
O904092,U306425,2026-03-09,False,0.0,283.22,283.22,app
O904093,U306425,2026-03-27,False,0.0,156.9,156.9,app
O904094,U306426,2026-03-06,False,0.0,205.22,205.22,app
O904095,U306426,2026-03-30,False,0.0,199.86,199.86,app
O904096,U306429,2026-03-19,False,0.0,325.86,325.86,app
O904097,U306430,2026-03-20,False,0.0,350.83,350.83,app
O904098,U306431,2026-03-12,True,140.0,219.78,79.78,app
O904099,U306432,2026-03-25,True,130.51,186.44,55.93,app
O904100,U306434,2026-03-05,False,0.0,100.32,100.32,app
O904101,U306435,2026-03-01,True,139.86,199.8,59.94,
O904102,U306435,2026-03-20,True,111.22,158.89,47.67,app
O904103,U306435,2026-03-25,True,123.89,176.99,53.1,app
O904104,U306437,2026-03-28,True,89.84,128.34,38.5,app
O904105,U306438,2026-03-27,True,140.0,265.99,125.99,app
O904106,U306439,2026-03-18,True,140.0,332.18,192.18,app
O904107,U306440,2026-03-07,False,0.0,256.88,256.88,app
O904108,U306442,2026-03-04,True,140.0,281.33,141.33,app
O904109,U306442,2026-03-03,True,109.28,156.12,46.84,app
O904110,U306444,2026-03-21,True,140.0,249.39,109.39,app
O904111,U306445,2026-03-26,False,0.0,163.64,163.64,app
O904112,U306448,2026-03-02,False,0.0,182.15,182.15,app
O904113,U306449,2026-03-16,True,140.0,257.14,117.14,app
O904114,U306449,2026-03-28,True,140.0,252.39,112.39,app
O904115,U306450,2026-03-09,False,0.0,303.1,303.1,app
O904116,U306451,2026-03-11,False,0.0,216.69,216.69,app
O904117,U306454,2026-03-22,True,117.54,167.91,50.37,app
O904118,U306457,2026-03-16,True,109.37,156.24,46.87,app
O904119,U306458,2026-03-11,True,140.0,210.86,70.86,app
O904120,U306458,2026-03-13,True,107.01,152.87,45.86,app
O904121,U306459,2026-03-25,True,140.0,233.27,93.27,web
O904122,U306464,2026-03-25,False,0.0,148.88,148.88,app
O904123,U306468,2026-03-05,False,0.0,219.24,219.24,app
O904124,U306475,2026-03-08,True,113.12,161.6,48.48,app
O904125,U306476,2026-03-07,True,140.0,289.32,149.32,app
O904126,U306479,2026-03-24,False,0.0,169.3,169.3,app
O904127,U306480,2026-03-05,True,140.0,301.57,161.57,app
O904128,U306481,2026-03-16,False,0.0,144.97,144.97,app
O904129,U306482,2026-03-25,True,130.67,186.67,56.0,app
O904130,U306485,2026-03-25,True,132.29,188.99,56.7,app
O904131,U306486,2026-03-25,False,0.0,155.67,155.67,app
O904132,U306487,2026-03-26,True,140.0,228.63,88.63,web
O904133,U306488,2026-03-17,False,0.0,335.81,335.81,app
O904134,U306489,2026-03-10,False,0.0,279.03,279.03,app
O904135,U306489,2026-03-14,False,0.0,172.24,172.24,app
O904136,U306492,2026-03-14,False,0.0,271.77,271.77,app
O904137,U306492,2026-03-23,False,0.0,292.63,292.63,app
O904138,U306493,2026-03-21,True,140.0,349.12,209.12,app
O904139,U306493,2026-03-25,True,140.0,270.3,130.3,app
O904140,U306494,2026-03-22,True,140.0,205.98,65.98,app
O904141,U306496,2026-03-06,True,125.57,179.38,53.82,app
O904142,U306497,2026-03-22,True,140.0,200.88,60.88,app
O904143,U306500,2026-03-05,False,0.0,224.64,224.64,app
O904144,U306504,2026-03-08,True,140.0,204.37,64.37,app
O904145,U306506,2026-03-13,True,140.0,207.87,67.87,app
O904146,U306507,2026-03-30,True,134.64,192.34,57.7,app
O904147,U306508,2026-03-02,False,0.0,268.55,268.55,web
O904148,U306509,2026-03-19,False,0.0,233.0,233.0,app
O904149,U306510,2026-03-21,False,0.0,373.66,373.66,app
O904150,U306511,2026-03-13,False,0.0,99.0,99.0,app
O904151,U306513,2026-03-11,True,133.65,190.93,57.28,app
O904152,U306514,2026-03-03,True,140.0,277.3,137.3,app
O904153,U306519,2026-03-08,True,127.43,182.05,54.61,app
O904154,U306521,2026-03-02,True,140.0,207.32,67.32,app
O904155,U306521,2026-03-13,True,140.0,360.79,220.79,app
O904156,U306522,2026-03-16,False,0.0,214.5,214.5,app
O904157,U306523,2026-03-18,True,140.0,343.79,203.79,app
O904158,U306524,2026-03-25,True,140.0,271.95,131.95,app
O904159,U306524,2026-03-20,True,92.52,132.18,39.65,app
O904160,U306524,2026-03-04,True,140.0,310.5,170.5,app
O904161,U306530,2026-03-19,True,140.0,298.97,158.97,app
O904162,U306531,2026-03-12,True,140.0,255.85,115.85,app
O904163,U306532,2026-03-11,True,85.28,121.83,36.55,app
O904164,U306535,2026-03-17,False,0.0,327.08,327.08,app
O904165,U306535,2026-03-07,False,0.0,248.26,248.26,app
O904166,U306539,2026-03-28,False,0.0,135.23,135.23,app
O904167,U306539,2026-03-02,False,0.0,229.63,229.63,app
O904168,U306541,2026-03-06,True,94.59,135.13,40.54,app
O904169,U306543,2026-03-11,False,0.0,343.61,343.61,app
O904170,U306544,2026-03-25,True,140.0,309.12,169.12,app
O904171,U306545,2026-03-24,True,115.1,164.43,49.33,app
O904172,U306545,2026-03-21,True,136.81,195.45,58.63,app
O904173,U306547,2026-03-13,False,0.0,262.97,262.97,app
O904174,U306547,2026-03-24,False,0.0,338.15,338.15,app
O904175,U306549,2026-03-20,False,0.0,222.07,222.07,app
O904176,U306553,2026-03-14,True,125.31,179.02,53.71,app
O904177,U306554,2026-03-18,True,133.6,190.86,57.26,app
O904178,U306557,2026-03-16,False,0.0,201.96,201.96,app
O904179,U306558,2026-03-21,True,140.0,229.09,89.09,app
O904180,U306559,2026-03-26,True,140.0,208.21,68.21,app
O904181,U306560,2026-03-19,True,129.49,184.98,55.49,app
O904182,U306561,2026-03-10,True,137.42,196.32,58.9,app
O904183,U306562,2026-03-12,False,0.0,270.23,270.23,app
O904184,U306565,2026-03-05,True,140.0,227.48,87.48,app
O904185,U306567,2026-03-17,True,140.0,205.08,65.08,app
O904186,U306570,2026-03-06,True,136.25,194.64,58.39,app
O904187,U306572,2026-03-10,True,122.67,175.24,52.57,app
O904188,U306573,2026-03-25,True,101.8,145.43,43.63,web
O904189,U306573,2026-03-10,True,140.0,256.82,116.82,app
O904190,U306574,2026-03-11,False,0.0,207.34,207.34,app
O904191,U306576,2026-03-15,True,110.82,158.32,47.5,app
O904192,U306576,2026-03-15,True,104.82,149.74,44.92,app
O904193,U306584,2026-03-19,True,140.0,276.58,136.58,app
O904194,U306585,2026-03-08,False,0.0,225.38,225.38,app
O904195,U306587,2026-03-08,True,131.44,187.76,56.33,app
O904196,U306588,2026-03-20,False,0.0,195.99,195.99,app
O904197,U306589,2026-03-06,True,140.0,252.5,112.5,app
O904198,U306591,2026-03-14,True,105.92,151.32,45.39,app
O904199,U306596,2026-03-25,False,0.0,107.93,107.93,app
O904200,U306597,2026-03-16,False,0.0,234.9,234.9,app
O904201,U306598,2026-03-19,False,0.0,224.26,224.26,app
O904202,U306599,2026-03-14,True,71.05,101.5,30.45,app
O904203,U306599,2026-03-19,True,140.0,233.39,93.39,app
O904204,U306600,2026-03-26,True,140.0,288.45,148.45,app
O904205,U306601,2026-03-07,True,138.3,197.58,59.27,app
O904206,U306604,2026-03-05,False,0.0,255.79,255.79,app
O904207,U306605,2026-03-13,True,140.0,261.85,121.85,app
O904208,U306607,2026-03-03,True,140.0,269.51,129.51,app
O904209,U306608,2026-03-05,True,89.95,128.49,38.55,app
O904210,U306608,2026-03-28,True,140.0,201.01,61.01,app
O904211,U306609,2026-03-07,True,140.0,367.0,227.0,app
O904212,U306611,2026-03-24,True,140.0,299.75,159.75,app
O904213,U306612,2026-03-26,True,140.0,230.25,90.25,app
O904214,U306618,2026-03-16,True,140.0,227.62,87.62,app
O904215,U306622,2026-03-24,True,140.0,203.86,63.86,app
O904216,U306625,2026-03-29,True,104.57,149.39,44.82,app
O904217,U306625,2026-03-03,True,140.0,219.99,79.99,web
O904218,U306625,2026-03-10,True,140.0,317.92,177.92,app
O904219,U306626,2026-03-18,False,0.0,227.34,227.34,app
O904220,U306627,2026-03-02,False,0.0,172.45,172.45,app
O904221,U306629,2026-03-09,False,0.0,222.65,222.65,app
O904222,U306630,2026-03-21,False,0.0,256.69,256.69,app
O904223,U306631,2026-03-07,False,0.0,146.02,146.02,app
O904224,U306636,2026-03-07,False,0.0,279.06,279.06,app
O904225,U306637,2026-03-03,False,0.0,178.26,178.26,app
O904226,U306637,2026-03-24,False,0.0,337.53,337.53,web
O904227,U306639,2026-03-30,True,140.0,232.56,92.56,app
O904228,U306642,2026-03-01,False,0.0,136.18,136.18,app
O904229,U306642,2026-03-17,False,0.0,133.32,133.32,app
O904230,U306642,2026-03-16,False,0.0,239.23,239.23,app
O904231,U306643,2026-03-17,True,140.0,282.12,142.12,app
O904232,U306645,2026-03-27,True,140.0,210.18,70.18,app
O904233,U306647,2026-03-30,True,140.0,277.73,137.73,app
O904234,U306647,2026-03-08,True,140.0,289.91,149.91,app
O904235,U306648,2026-03-17,False,0.0,265.2,265.2,app
O904236,U306650,2026-03-11,False,0.0,120.0,120.0,app
O904237,U306651,2026-03-23,False,0.0,217.27,217.27,app
O904238,U306652,2026-03-21,False,0.0,171.63,171.63,app
O904239,U306653,2026-03-19,False,0.0,128.11,128.11,app
O904240,U306654,2026-03-05,True,140.0,226.77,86.77,app
O904241,U306655,2026-03-02,False,0.0,287.0,287.0,app
O904242,U306658,2026-03-05,False,0.0,287.41,287.41,app
O904243,U306659,2026-03-05,True,140.0,243.8,103.8,app
O904244,U306660,2026-03-05,True,140.0,275.36,135.36,app
O904245,U306661,2026-03-30,False,0.0,265.0,265.0,web
O904246,U306662,2026-03-21,False,0.0,189.43,189.43,app
O904247,U306664,2026-03-06,True,140.0,245.5,105.5,app
O904248,U306671,2026-03-17,False,0.0,304.7,304.7,app
O904249,U306672,2026-03-19,False,0.0,187.23,187.23,app
O904250,U306673,2026-03-22,False,0.0,142.17,142.17,app
O904251,U306673,2026-03-16,False,0.0,-162.66,162.66,app
O904252,U306681,2026-03-23,False,0.0,152.77,152.77,app
O904253,U306683,2026-03-07,True,140.0,280.33,140.33,app
O904254,U306686,2026-03-13,True,140.0,239.81,99.81,app
O904255,U306687,2026-03-20,True,125.41,179.15,53.75,app
O904256,U306687,2026-03-25,True,110.42,157.75,47.32,app
O904257,U306689,2026-03-11,True,140.0,213.06,73.06,app
O904258,U306692,2026-03-06,False,0.0,201.25,201.25,app
O904259,U306694,2026-03-22,False,0.0,166.93,166.93,app
O904260,U306695,2026-03-20,True,105.84,151.2,45.36,app
O904261,U306695,2026-03-25,True,140.0,283.13,143.13,app
O904262,U306697,2026-03-08,True,140.0,226.44,86.44,app
O904263,U306700,2026-03-17,True,140.0,242.72,102.72,app
O904264,U306700,2026-03-27,True,109.36,156.22,46.87,app
O904265,U306702,2026-03-20,True,127.52,182.18,54.65,app
O904266,U306703,2026-03-03,False,0.0,297.56,297.56,app
O904267,U306704,2026-03-29,False,0.0,245.78,245.78,app
O904268,U306704,2026-03-24,False,0.0,285.16,285.16,app
O904269,U306705,2026-03-18,False,0.0,288.71,288.71,app
O904270,U306705,2026-03-14,False,0.0,314.89,314.89,app
O904271,U306708,2026-03-29,True,140.0,248.86,108.86,app
O904272,U306708,2026-03-05,True,69.3,99.0,29.7,app
O904273,U306709,2026-03-27,True,113.72,162.46,48.74,app
O904274,U306712,2026-03-05,False,0.0,245.9,245.9,app
O904275,U306715,2026-03-06,False,0.0,233.18,233.18,app
O904276,U306715,2026-03-23,False,0.0,374.61,374.61,app
O904277,U306716,2026-03-15,True,115.98,165.68,49.71,app
O904278,U306718,2026-03-16,False,0.0,186.01,186.01,app
O904279,U306720,2026-03-20,False,0.0,208.32,208.32,app
O904280,U306724,2026-03-06,True,138.65,198.08,59.42,app
O904281,U306724,2026-03-20,True,140.0,203.01,63.01,app
O904282,U306728,2026-03-03,True,139.18,198.83,59.65,app
O904283,U306731,2026-03-07,False,0.0,270.82,270.82,app
O904284,U306735,2026-03-06,False,0.0,263.5,263.5,app
O904285,U306736,2026-03-05,True,105.45,150.64,45.19,app
O904286,U306737,2026-03-04,True,135.29,193.27,57.98,app
O904287,U306741,2026-03-28,True,140.0,279.45,139.45,app
O904288,U306746,2026-03-13,True,115.37,164.81,49.44,app
O904289,U306748,2026-03-13,True,120.32,171.89,51.57,app
O904290,U306748,2026-03-20,True,140.0,233.74,93.74,app
O904291,U306749,2026-03-20,True,140.0,207.51,67.51,app
O904292,U306750,2026-03-26,True,109.82,156.88,47.07,app
O904293,U306752,2026-03-15,False,0.0,153.8,153.8,app
O904294,U306752,2026-03-21,False,0.0,246.35,246.35,app
O904295,U306752,2026-03-21,False,0.0,201.67,201.67,app
O904296,U306753,2026-03-25,True,134.72,192.45,57.74,app
O904297,U306758,2026-03-06,False,0.0,290.06,290.06,app
O904298,U306759,2026-03-17,False,0.0,167.12,167.12,app
O904299,U306759,2026-03-20,False,0.0,252.9,252.9,app
O904300,U306762,2026-03-17,False,0.0,203.51,203.51,app
O904301,U306763,2026-03-24,True,140.0,331.5,191.5,web
O904302,U306764,2026-03-25,True,71.31,101.87,30.56,app
O904303,U306764,2026-03-03,True,130.39,186.27,55.88,app
O904304,U306765,2026-03-30,True,140.0,204.82,64.82,web
O904305,U306768,2026-03-02,True,140.0,313.13,173.13,
O904306,U306771,2026-03-01,True,140.0,315.11,175.11,app
O904307,U306775,2026-03-27,True,100.06,142.95,42.88,app
O904308,U306776,2026-03-05,False,0.0,292.98,292.98,app
O904309,U306777,2026-03-10,True,140.0,286.67,146.67,app
O904310,U306779,2026-03-02,True,80.75,115.35,34.61,app
O904311,U306779,2026-03-21,True,123.05,175.79,52.74,app
O904312,U306780,2026-03-28,False,0.0,211.46,211.46,web
O904313,U306781,2026-03-05,True,125.15,178.79,53.64,app
O904314,U306782,2026-03-29,True,91.74,131.05,39.32,app
O904315,U306784,2026-03-25,False,0.0,281.12,281.12,app
O904316,U306785,2026-03-15,True,115.77,165.39,49.62,app
O904317,U306785,2026-03-12,True,140.0,278.78,138.78,app
O904318,U306786,2026-03-16,True,140.0,292.47,152.47,app
O904319,U306787,2026-03-05,True,120.95,172.79,51.84,web
O904320,U306787,2026-03-22,True,140.0,200.93,60.93,app
O904321,U306789,2026-03-04,True,117.31,167.59,50.28,web
O904322,U306790,2026-03-14,True,77.87,111.24,33.37,app
O904323,U306792,2026-03-22,True,140.0,222.53,82.53,app
O904324,U306792,2026-03-14,True,140.0,229.59,89.59,app
O904325,U306794,2026-03-30,True,140.0,218.94,78.94,app
O904326,U306794,2026-03-30,True,134.66,192.37,57.71,app
O904327,U306800,2026-03-03,True,125.67,179.53,53.86,app
O904328,U306802,2026-03-14,True,140.0,253.88,113.88,app
O904329,U306803,2026-03-27,False,0.0,220.62,220.62,app
O904330,U306806,2026-03-07,False,0.0,161.99,161.99,app
O904331,U306807,2026-03-13,False,0.0,179.13,179.13,app
O904332,U306808,2026-03-21,True,140.0,220.42,80.42,web
O904333,U306809,2026-03-21,False,0.0,390.08,390.08,app
O904334,U306811,2026-03-10,True,72.27,103.24,30.97,app
O904335,U306817,2026-03-29,False,0.0,130.84,130.84,app
O904336,U306820,2026-03-16,True,107.15,153.08,45.92,app
O904337,U306825,2026-03-19,True,131.21,187.44,56.23,app
O904338,U306827,2026-03-15,False,0.0,216.17,216.17,app
O904339,U306830,2026-03-04,True,140.0,284.91,144.91,app
O904340,U306832,2026-03-18,False,0.0,230.18,230.18,app
O904341,U306832,2026-03-15,False,0.0,300.37,300.37,app
O904342,U306832,2026-03-20,False,0.0,286.5,286.5,app
O904343,U306832,2026-03-17,False,0.0,313.4,313.4,app
O904344,U306835,2026-03-02,True,127.75,182.49,54.75,app
O904345,U306836,2026-03-09,True,140.0,276.2,136.2,
O904346,U306836,2026-03-14,True,89.02,127.17,38.15,app
O904347,U306836,2026-03-29,True,140.0,295.94,155.94,
O904348,U306839,2026-03-09,True,140.0,227.46,87.46,app
O904349,U306841,2026-03-11,False,0.0,209.46,209.46,app
O904350,U306841,2026-03-25,False,0.0,152.26,152.26,app
O904351,U306842,2026-03-23,True,140.0,294.51,154.51,app
O904352,U306844,2026-03-06,False,0.0,241.66,241.66,web
O904353,U306847,2026-03-15,True,140.0,291.86,151.86,app
O904354,U306848,2026-03-21,False,0.0,220.48,220.48,app
O904355,U306849,2026-03-28,False,0.0,118.44,118.44,app
O904356,U306854,2026-03-11,True,121.76,173.95,52.18,app
O904357,U306855,2026-03-03,True,140.0,284.91,144.91,app
O904358,U306856,2026-03-18,False,0.0,268.98,268.98,
O904359,U306862,2026-03-13,False,0.0,281.74,281.74,app
O904360,U306865,2026-03-14,True,140.0,251.16,111.16,web
O904361,U306866,2026-03-16,False,0.0,286.99,286.99,app
O904362,U306867,2026-03-09,True,111.89,159.84,47.95,app
O904363,U306869,2026-03-15,False,0.0,174.08,174.08,app
O904364,U306869,2026-03-24,False,0.0,233.3,233.3,app
O904365,U306871,2026-03-15,False,0.0,331.19,331.19,app
O904366,U306873,2026-03-23,True,140.0,209.65,69.65,app
O904367,U306874,2026-03-25,True,140.0,321.0,181.0,app
O904368,U306874,2026-03-10,True,140.0,205.67,65.67,app
O904369,U306874,2026-03-02,True,96.06,137.23,41.17,app
O904370,U306875,2026-03-21,True,140.0,231.23,91.23,app
O904371,U306877,2026-03-23,False,0.0,244.42,244.42,app
O904372,U306878,2026-03-23,True,140.0,284.74,144.74,app
O904373,U306878,2026-03-29,True,78.24,111.77,33.53,app
O904374,U306879,2026-03-19,False,0.0,196.3,196.3,app
O904375,U306879,2026-03-01,False,0.0,285.28,285.28,app
O904376,U306880,2026-03-21,False,0.0,283.34,283.34,app
O904377,U306880,2026-03-10,False,0.0,99.0,99.0,app
O904378,U306882,2026-03-16,False,0.0,112.68,112.68,app
O904379,U306882,2026-03-15,False,0.0,226.4,226.4,app
O904380,U306882,2026-03-27,False,0.0,301.34,301.34,app
O904381,U306884,2026-03-19,False,0.0,273.37,273.37,app
O904382,U306885,2026-03-11,False,0.0,164.52,164.52,app
O904383,U306886,2026-03-19,True,136.23,-194.61,58.38,app
O904384,U306887,2026-03-15,True,140.0,250.34,110.34,app
O904385,U306889,2026-03-16,True,117.86,168.37,50.51,app
O904386,U306890,2026-03-05,True,140.0,319.47,179.47,app
O904387,U306893,2026-03-10,True,140.0,258.92,118.92,app
O904388,U306894,2026-03-16,False,0.0,120.89,120.89,app
O904389,U306895,2026-03-17,False,0.0,99.0,99.0,
O904390,U306896,2026-03-13,False,0.0,134.34,134.34,app
O904391,U306898,2026-03-25,True,140.0,257.44,117.44,app
O904392,U306899,2026-03-30,False,0.0,241.6,241.6,app
O904393,U306900,2026-03-29,True,140.0,304.07,164.07,app
O904394,U306900,2026-03-04,True,105.71,151.01,45.3,app
O904395,U306902,2026-03-28,True,140.0,248.34,108.34,web
O904396,U306902,2026-03-16,True,109.47,156.38,46.92,app
O904397,U306903,2026-03-02,True,140.0,225.72,85.72,app
O904398,U306903,2026-03-03,True,138.7,198.15,59.44,app
O904399,U306906,2026-03-10,False,0.0,99.0,99.0,app
O904400,U306909,2026-03-05,True,136.92,195.59,58.68,app
O904401,U306911,2026-03-20,False,0.0,184.93,184.93,app
O904402,U306912,2026-03-21,True,140.0,321.23,181.23,app
O904403,U306913,2026-03-27,False,0.0,226.25,226.25,app
O904404,U306914,2026-03-19,False,0.0,157.07,157.07,app
O904405,U306915,2026-03-04,False,0.0,144.38,144.38,app
O904406,U306916,2026-03-09,False,0.0,245.99,245.99,app
O904407,U306917,2026-03-02,False,0.0,254.41,254.41,app
O904408,U306918,2026-03-11,False,0.0,186.2,186.2,app
O904409,U306919,2026-03-13,False,0.0,209.58,209.58,app
O904410,U306920,2026-03-29,False,0.0,209.6,209.6,app
O904411,U306923,2026-03-21,False,0.0,211.04,211.04,app
O904412,U306924,2026-03-19,True,97.52,139.31,41.79,app
O904413,U306929,2026-03-05,True,140.0,219.22,79.22,app
O904414,U306931,2026-03-15,True,140.0,200.88,60.88,app
O904415,U306935,2026-03-12,False,0.0,214.01,214.01,app
O904416,U306936,2026-03-29,False,0.0,241.86,241.86,app
O904417,U306936,2026-03-13,False,0.0,201.06,201.06,app
O904418,U306936,2026-03-04,False,0.0,134.49,134.49,app
O904419,U306939,2026-03-08,True,116.79,166.85,50.05,app
O904420,U306940,2026-03-23,True,140.0,254.99,114.99,app
O904421,U306941,2026-03-14,False,0.0,283.29,283.29,app
O904422,U306941,2026-03-20,False,0.0,221.04,221.04,app
O904423,U306948,2026-03-26,False,0.0,170.88,170.88,app
O904424,U306949,2026-03-04,False,0.0,242.57,242.57,app
O904425,U306952,2026-03-26,False,0.0,273.06,273.06,web
O904426,U306952,2026-03-28,False,0.0,268.03,268.03,app
O904427,U306954,2026-03-09,False,0.0,203.04,203.04,app
O904428,U306955,2026-03-30,True,132.54,189.35,56.8,app
O904429,U306955,2026-03-11,True,113.07,161.52,48.46,web
O904430,U306965,2026-03-09,True,140.0,204.53,64.53,app
O904431,U306966,2026-03-16,False,0.0,208.26,208.26,app
O904432,U306967,2026-03-01,False,0.0,330.33,330.33,
O904433,U306968,2026-03-11,False,0.0,245.45,245.45,app
O904434,U306971,2026-03-27,False,0.0,-99.0,99.0,app
O904435,U306971,2026-03-26,False,0.0,221.58,221.58,app
O904436,U306971,2026-03-03,False,0.0,233.05,233.05,app
O904437,U306975,2026-03-20,True,140.0,286.45,146.45,app
O904438,U306976,2026-03-18,False,0.0,202.9,202.9,app
O904439,U306977,2026-03-26,True,140.0,258.5,118.5,app
O904440,U306978,2026-03-12,True,140.0,256.0,116.0,app
O904441,U306980,2026-03-19,False,0.0,237.56,237.56,app
O904442,U306980,2026-03-03,False,0.0,133.87,133.87,app
O904443,U306982,2026-03-25,False,0.0,293.57,293.57,app
O904444,U306983,2026-03-30,False,0.0,217.98,217.98,app
O904445,U306983,2026-03-06,False,0.0,301.78,301.78,app
O904446,U306986,2026-03-07,True,120.91,172.73,51.82,app
O904447,U306986,2026-03-25,True,140.0,238.59,98.59,web
O904448,U306988,2026-03-29,True,140.0,277.71,137.71,app
O904449,U306988,2026-03-28,True,123.36,176.23,52.87,app
O904450,U306989,2026-03-21,False,0.0,269.78,269.78,app
O904451,U306989,2026-03-23,False,0.0,279.21,279.21,app
O904452,U306991,2026-03-29,True,140.0,263.49,123.49,app
O904453,U306992,2026-03-19,False,0.0,190.01,190.01,app
O904454,U306992,2026-03-25,False,0.0,132.08,132.08,app
O904455,U306997,2026-03-16,True,140.0,225.16,85.16,app
O904456,U306999,2026-03-05,True,135.04,192.91,57.87,app
O904457,U307000,2026-03-17,True,110.74,158.2,47.46,app
O904458,U307001,2026-03-26,True,140.0,223.35,83.35,app
O904459,U307007,2026-03-02,True,140.0,273.93,133.93,app
O904460,U307008,2026-03-07,False,0.0,166.21,166.21,app
O904461,U307008,2026-03-02,False,0.0,261.31,261.31,app
O904462,U307009,2026-03-11,True,140.0,309.49,169.49,app
O904463,U307009,2026-03-24,True,140.0,224.4,84.4,app
O904464,U307013,2026-03-23,True,110.26,157.52,47.26,app
O904465,U307014,2026-03-02,False,0.0,245.74,245.74,app
O904466,U307015,2026-03-15,True,117.29,167.56,50.27,app
O904467,U307020,2026-03-26,True,78.23,111.76,33.53,app
O904468,U307026,2026-03-10,True,100.58,143.68,43.1,app
O904469,U307027,2026-03-05,False,0.0,164.23,164.23,app
O904470,U307028,2026-03-11,True,140.0,243.03,103.03,app
O904471,U307029,2026-03-28,True,140.0,214.44,74.44,web
O904472,U307030,2026-03-26,True,140.0,239.87,99.87,app
O904473,U307033,2026-03-06,True,98.44,140.62,42.19,app
O904474,U307033,2026-03-21,True,122.31,174.73,52.42,app
O904475,U307033,2026-03-01,True,140.0,235.98,95.98,app
O904476,U307034,2026-03-19,False,0.0,125.07,125.07,app
O904477,U307034,2026-03-28,False,0.0,303.08,303.08,web
O904478,U307036,2026-03-15,True,140.0,272.65,132.65,web
O904479,U307036,2026-03-12,True,140.0,241.45,101.45,app
O904480,U307038,2026-03-21,False,0.0,182.76,182.76,app
O904481,U307039,2026-03-12,False,0.0,237.22,237.22,app
O904482,U307039,2026-03-08,False,0.0,148.27,148.27,app
O904483,U307040,2026-03-11,False,0.0,99.0,99.0,app
O904484,U307040,2026-03-17,False,0.0,213.97,213.97,app
O904485,U307043,2026-03-27,True,140.0,232.31,92.31,app
O904486,U307044,2026-03-08,True,140.0,257.29,117.29,app
O904487,U307046,2026-03-27,True,124.87,178.39,53.52,app
O904488,U307046,2026-03-20,True,140.0,270.71,130.71,app
O904489,U307046,2026-03-30,True,110.42,157.74,47.32,app
O904490,U307048,2026-03-11,True,103.79,148.27,44.48,app
O904491,U307048,2026-03-07,True,140.0,280.59,140.59,app
O904492,U307051,2026-03-06,True,140.0,272.23,132.23,app
O904493,U307059,2026-03-16,True,140.0,270.97,130.97,app
O904494,U307060,2026-03-06,False,0.0,236.15,236.15,app
O904495,U307062,2026-03-08,True,104.47,149.24,44.77,app
O904496,U307063,2026-03-13,True,140.0,305.87,165.87,app
O904497,U307064,2026-03-14,False,0.0,107.27,107.27,app
O904498,U307068,2026-03-15,False,0.0,248.4,248.4,app
O904499,U307070,2026-03-29,False,0.0,185.84,185.84,app
O904500,U307070,2026-03-16,False,0.0,238.57,238.57,app
O904501,U307071,2026-03-26,True,140.0,296.96,156.96,app
O904502,U307072,2026-03-22,True,140.0,232.35,92.35,app
O904503,U307077,2026-03-06,True,140.0,200.51,60.51,app
O904504,U307077,2026-03-22,True,140.0,246.39,106.39,app
O904505,U307079,2026-03-26,True,140.0,242.97,102.97,app
O904506,U307079,2026-03-26,True,126.38,180.54,54.16,app
O904507,U307080,2026-03-09,True,140.0,289.19,149.19,app
O904508,U307084,2026-03-28,True,140.0,261.77,121.77,app
O904509,U307087,2026-03-23,False,0.0,274.96,274.96,app
O904510,U307088,2026-03-22,True,140.0,237.93,97.93,
O904511,U307088,2026-03-19,True,100.81,144.02,43.21,app
O904512,U307089,2026-03-15,False,0.0,318.03,318.03,app
O904513,U307091,2026-03-01,True,134.33,191.89,57.57,app
O904514,U307098,2026-03-07,False,0.0,215.82,215.82,app
O904515,U307098,2026-03-03,False,0.0,135.37,135.37,app
O904516,U307098,2026-03-19,False,0.0,158.66,158.66,app
O904517,U307098,2026-03-15,False,0.0,216.33,216.33,app
O904518,U307099,2026-03-19,True,129.63,185.19,55.56,app
O904519,U307099,2026-03-05,True,108.2,154.58,46.37,app
O904520,U307100,2026-03-10,False,0.0,229.01,229.01,web
O904521,U307100,2026-03-07,False,0.0,215.65,215.65,app
O904522,U307102,2026-03-07,True,112.44,160.62,48.19,app
O904523,U307103,2026-03-28,False,0.0,152.01,152.01,app
O904524,U307103,2026-03-04,False,0.0,201.07,201.07,app
O904525,U307104,2026-03-09,False,0.0,163.29,163.29,app
O904526,U307109,2026-03-04,True,140.0,212.97,72.97,app
O904527,U307110,2026-03-02,True,140.0,371.05,231.05,app
O904528,U307111,2026-03-07,True,121.25,173.21,51.96,app
O904529,U307112,2026-03-13,False,0.0,114.15,114.15,app
O904530,U307114,2026-03-15,False,0.0,243.48,243.48,app
O904531,U307115,2026-03-23,False,0.0,229.84,229.84,app
O904532,U307115,2026-03-07,False,0.0,172.36,172.36,app
O904533,U307116,2026-03-04,True,140.0,306.76,166.76,app
O904534,U307117,2026-03-17,True,121.82,174.03,52.21,app
O904535,U307118,2026-03-01,True,140.0,210.07,70.07,app
O904536,U307118,2026-03-26,True,75.96,108.51,32.55,app
O904537,U307123,2026-03-26,True,88.46,126.37,37.91,app
O904538,U307124,2026-03-11,True,71.14,101.62,30.49,app
O904539,U307124,2026-03-18,True,100.26,143.22,42.97,web
O904540,U307127,2026-03-14,False,0.0,275.03,275.03,app
O904541,U307128,2026-03-30,True,140.0,220.95,80.95,app
O904542,U307129,2026-03-26,False,0.0,219.31,219.31,app
O904543,U307130,2026-03-01,False,0.0,277.35,277.35,app
O904544,U307132,2026-03-26,False,0.0,147.46,147.46,app
O904545,U307135,2026-03-15,True,140.0,256.66,116.66,app
O904546,U307141,2026-03-28,False,0.0,183.23,183.23,app
O904547,U307141,2026-03-20,False,0.0,248.28,248.28,web
O904548,U307146,2026-03-14,True,134.38,191.97,57.59,app
O904549,U307147,2026-03-10,False,0.0,161.68,161.68,app
O904550,U307148,2026-03-23,True,140.0,215.92,75.92,web
O904551,U307150,2026-03-03,False,0.0,203.7,203.7,app
O904552,U307151,2026-03-21,False,0.0,226.07,226.07,app
O904553,U307151,2026-03-13,False,0.0,202.81,202.81,app
O904554,U307153,2026-03-03,False,0.0,216.17,216.17,app
O904555,U307154,2026-03-01,False,0.0,247.75,247.75,app
O904556,U307155,2026-03-29,True,140.0,269.16,129.16,app
O904557,U307159,2026-03-11,False,0.0,168.1,168.1,app
O904558,U307160,2026-03-11,False,0.0,245.26,245.26,app
O904559,U307165,2026-03-15,False,0.0,280.75,280.75,app
O904560,U307167,2026-03-16,True,140.0,289.94,149.94,app
O904561,U307167,2026-03-18,True,122.24,174.62,52.39,app
O904562,U307168,2026-03-16,True,140.0,215.56,75.56,app
O904563,U307169,2026-03-11,False,0.0,199.68,199.68,web
O904564,U307171,2026-03-20,True,140.0,258.07,118.07,app
O904565,U307172,2026-03-24,True,105.73,151.04,45.31,app
O904566,U307174,2026-03-10,True,140.0,271.36,131.36,app
O904567,U307174,2026-03-08,True,138.8,198.29,59.49,app
O904568,U307175,2026-03-20,False,0.0,99.0,99.0,app
O904569,U307175,2026-03-08,False,0.0,319.55,319.55,web
O904570,U307176,2026-03-23,False,0.0,132.81,132.81,app
O904571,U307179,2026-03-22,True,140.0,203.84,63.84,app
O904572,U307180,2026-03-09,True,113.44,162.05,48.62,app
O904573,U307181,2026-03-01,False,0.0,155.91,155.91,app
O904574,U307181,2026-03-16,False,0.0,256.66,256.66,app
O904575,U307182,2026-03-15,False,0.0,108.0,108.0,app
O904576,U307183,2026-03-18,True,140.0,251.77,111.77,app
O904577,U307185,2026-03-06,True,140.0,241.29,101.29,app
O904578,U307188,2026-03-13,False,0.0,339.99,339.99,app
O904579,U307190,2026-03-30,False,0.0,200.45,200.45,app
O904580,U307192,2026-03-20,False,0.0,267.65,267.65,app
O904581,U307193,2026-03-30,True,140.0,251.57,111.57,app
O904582,U307195,2026-03-24,False,0.0,106.59,106.59,web
O904583,U307198,2026-03-18,False,0.0,256.45,256.45,app
O904584,U307200,2026-03-23,False,0.0,240.02,240.02,app
O904585,U307202,2026-03-11,False,0.0,184.88,184.88,app
O904586,U307203,2026-03-01,True,124.4,177.71,53.31,app
O904587,U307203,2026-03-05,True,140.0,314.49,174.49,app
O904588,U307204,2026-03-28,True,139.42,199.18,59.75,app
O904589,U307205,2026-03-03,False,0.0,229.96,229.96,app
O904590,U307207,2026-03-03,True,140.0,216.89,76.89,app
O904591,U307208,2026-03-05,False,0.0,214.35,214.35,app
O904592,U307210,2026-03-05,False,0.0,316.65,316.65,app
O904593,U307211,2026-03-21,False,0.0,212.45,212.45,app
O904594,U307212,2026-03-28,True,140.0,353.84,213.84,
O904595,U307213,2026-03-17,False,0.0,261.45,261.45,app
O904596,U307218,2026-03-02,True,140.0,327.05,187.05,app
O904597,U307219,2026-03-09,False,0.0,157.7,157.7,app
O904598,U307229,2026-03-20,False,0.0,164.78,164.78,
O904599,U307229,2026-03-07,False,0.0,151.35,151.35,app
O904600,U307233,2026-03-23,True,140.0,277.45,137.45,app
O904601,U307235,2026-03-28,False,0.0,290.34,290.34,web
O904602,U307236,2026-03-14,True,140.0,202.58,62.58,app
O904603,U307237,2026-03-13,False,0.0,267.43,267.43,app
O904604,U307238,2026-03-24,True,140.0,206.44,66.44,app
O904605,U307238,2026-03-14,True,99.4,142.0,42.6,app
O904606,U307239,2026-03-09,False,0.0,266.49,266.49,app
O904607,U307241,2026-03-16,False,0.0,351.36,351.36,app
O904608,U307242,2026-03-25,True,140.0,245.86,105.86,app
O904609,U307243,2026-03-27,True,77.64,110.91,33.27,app
O904610,U307245,2026-03-29,True,137.7,196.72,59.02,app
O904611,U307248,2026-03-01,False,0.0,160.06,160.06,app
O904612,U307249,2026-03-17,False,0.0,302.74,302.74,app
O904613,U307250,2026-03-03,True,111.97,159.96,47.99,
O904614,U307252,2026-03-25,False,0.0,249.93,249.93,app
O904615,U307253,2026-03-12,True,140.0,257.36,117.36,app
O904616,U307254,2026-03-08,True,124.05,177.21,53.16,app
O904617,U307256,2026-03-12,False,0.0,241.59,241.59,app
O904618,U307256,2026-03-28,False,0.0,316.67,316.67,app
O904619,U307256,2026-03-26,False,0.0,226.87,226.87,app
O904620,U307258,2026-03-17,False,0.0,175.81,175.81,app
O904621,U307258,2026-03-12,False,0.0,135.47,135.47,app
O904622,U307265,2026-03-17,False,0.0,171.04,171.04,app
O904623,U307270,2026-03-05,True,140.0,246.39,106.39,web
O904624,U307281,2026-03-24,True,132.69,189.56,56.87,app
O904625,U307281,2026-03-20,True,140.0,201.33,61.33,app
O904626,U307283,2026-03-06,True,140.0,320.41,180.41,app
O904627,U307284,2026-03-20,False,0.0,160.61,160.61,app
O904628,U307285,2026-03-20,True,140.0,209.47,69.47,app
O904629,U307285,2026-03-06,True,140.0,243.44,103.44,app
O904630,U307287,2026-03-14,True,140.0,210.84,70.84,
O904631,U307290,2026-03-06,True,140.0,279.75,139.75,app
O904632,U307293,2026-03-28,True,129.27,184.67,55.4,app
O904633,U307293,2026-03-07,True,140.0,234.29,94.29,app
O904634,U307296,2026-03-03,False,0.0,189.11,189.11,app
O904635,U307296,2026-03-04,False,0.0,240.78,240.78,app
O904636,U307298,2026-03-25,True,140.0,293.67,153.67,app
O904637,U307301,2026-03-16,True,140.0,221.2,81.2,app
O904638,U307302,2026-03-14,True,100.19,143.13,42.94,app
O904639,U307305,2026-03-11,False,0.0,99.0,99.0,app
O904640,U307306,2026-03-17,True,82.76,118.23,35.47,app
O904641,U307310,2026-03-16,True,140.0,210.47,70.47,app
O904642,U307315,2026-03-18,False,0.0,194.98,194.98,app
O904643,U307316,2026-03-28,False,0.0,312.75,312.75,app
O904644,U307317,2026-03-19,True,140.0,293.39,153.39,app
O904645,U307318,2026-03-21,False,0.0,206.63,206.63,app
O904646,U307319,2026-03-17,False,0.0,231.27,231.27,app
O904647,U307320,2026-03-26,True,77.92,111.31,33.39,app
O904648,U307324,2026-03-14,False,0.0,128.32,128.32,app
O904649,U307324,2026-03-11,False,0.0,217.77,217.77,app
O904650,U307324,2026-03-19,False,0.0,190.73,190.73,app
O904651,U307331,2026-03-27,True,140.0,256.96,116.96,app
O904652,U307332,2026-03-26,True,139.22,198.89,59.67,app
O904653,U307337,2026-03-01,False,0.0,302.79,302.79,
O904654,U307341,2026-03-12,True,121.72,173.88,52.17,app
O904655,U307342,2026-03-07,True,77.17,110.25,33.07,app
O904656,U307342,2026-03-22,True,109.07,155.81,46.74,app
O904657,U307344,2026-03-06,False,0.0,252.54,252.54,app
O904658,U307344,2026-03-24,False,0.0,179.34,179.34,app
O904659,U307344,2026-03-06,False,0.0,301.76,301.76,app
O904660,U307349,2026-03-28,False,0.0,152.26,152.26,app
O904661,U307352,2026-03-21,True,140.0,227.65,87.65,app
O904662,U307353,2026-03-29,False,0.0,201.81,201.81,app
O904663,U307354,2026-03-28,True,118.23,168.9,50.67,app
O904664,U307354,2026-03-29,True,113.2,161.71,48.51,web
O904665,U307356,2026-03-03,True,118.51,169.29,50.79,app
O904666,U307357,2026-03-01,False,0.0,252.95,252.95,app
O904667,U307358,2026-03-03,False,0.0,156.65,156.65,app
O904668,U307359,2026-03-03,True,140.0,242.82,102.82,app
O904669,U307360,2026-03-25,True,122.66,175.23,52.57,app
O904670,U307363,2026-03-05,False,0.0,234.03,234.03,app
O904671,U307364,2026-03-02,False,0.0,251.9,251.9,app
O904672,U307364,2026-03-27,False,0.0,138.09,138.09,web
O904673,U307365,2026-03-08,False,0.0,174.18,174.18,app
O904674,U307365,2026-03-21,False,0.0,291.83,291.83,app
O904675,U307366,2026-03-14,True,140.0,287.17,147.17,app
O904676,U307367,2026-03-05,False,0.0,303.54,303.54,app
O904677,U307367,2026-03-26,False,0.0,147.99,147.99,app
O904678,U307368,2026-03-18,False,0.0,178.52,178.52,app
O904679,U307368,2026-03-24,False,0.0,230.28,230.28,app
O904680,U307372,2026-03-20,True,140.0,246.16,106.16,app
O904681,U307374,2026-03-11,True,140.0,202.67,62.67,app
O904682,U307377,2026-03-16,True,140.0,318.54,178.54,app
O904683,U307377,2026-03-14,True,117.56,167.94,50.38,app
O904684,U307377,2026-03-15,True,140.0,234.94,94.94,app
O904685,U307378,2026-03-29,True,124.36,177.66,53.3,app
O904686,U307380,2026-03-17,True,140.0,225.34,85.34,app
O904687,U307380,2026-03-15,True,121.46,173.51,52.05,
O904688,U307381,2026-03-15,True,132.75,189.64,56.89,app
O904689,U307381,2026-03-10,True,140.0,258.14,118.14,app
O904690,U307382,2026-03-20,True,140.0,242.15,102.15,app
O904691,U307383,2026-03-26,False,0.0,250.77,250.77,app
O904692,U307385,2026-03-14,True,135.74,193.91,58.17,app
O904693,U307386,2026-03-10,True,133.84,191.2,57.36,app
O904694,U307386,2026-03-30,True,116.0,165.71,49.71,app
O904695,U307386,2026-03-25,True,140.0,209.48,69.48,app
O904696,U307389,2026-03-12,True,140.0,239.18,99.18,app
O904697,U307390,2026-03-24,False,0.0,205.67,205.67,web
O904698,U307391,2026-03-21,False,0.0,187.28,187.28,app
O904699,U307392,2026-03-09,False,0.0,167.16,167.16,app
O904700,U307396,2026-03-01,False,0.0,175.78,175.78,app
O904701,U307397,2026-03-16,False,0.0,270.52,270.52,app
O904702,U307402,2026-03-06,False,0.0,357.76,357.76,app
O904703,U307403,2026-03-11,False,0.0,222.24,222.24,app
O904704,U307404,2026-03-10,False,0.0,349.87,349.87,app
O904705,U307404,2026-03-10,False,0.0,123.87,123.87,app
O904706,U307404,2026-03-07,False,0.0,241.31,241.31,app
O904707,U307405,2026-03-10,True,140.0,253.88,113.88,app
O904708,U307406,2026-03-20,False,0.0,217.8,217.8,app
O904709,U307407,2026-03-19,True,140.0,209.23,69.23,app
O904710,U307407,2026-03-18,True,140.0,215.76,75.76,app
O904711,U307408,2026-03-21,False,0.0,196.89,196.89,app
O904712,U307409,2026-03-26,True,140.0,306.75,166.75,app
O904713,U307410,2026-03-10,True,140.0,263.72,123.72,app
O904714,U307413,2026-03-16,True,135.27,193.25,57.97,app
O904715,U307413,2026-03-10,True,136.32,194.75,58.42,app
O904716,U307414,2026-03-04,True,140.0,246.3,106.3,app
O904717,U307415,2026-03-30,True,112.17,160.24,48.07,app
O904718,U307416,2026-03-05,True,140.0,291.76,151.76,app
O904719,U307416,2026-03-27,True,129.32,184.75,55.42,app
O904720,U307417,2026-03-21,True,106.72,152.45,45.74,app
O904721,U307418,2026-03-08,True,140.0,238.67,98.67,app
O904722,U307418,2026-03-15,True,140.0,301.9,161.9,app
O904723,U307422,2026-03-22,True,140.0,243.61,103.61,app
O904724,U307423,2026-03-27,True,140.0,236.53,96.53,app
O904725,U307425,2026-03-13,False,0.0,117.91,117.91,app
O904726,U307426,2026-03-25,False,0.0,246.08,246.08,app
O904727,U307427,2026-03-05,True,140.0,225.67,85.67,app
O904728,U307427,2026-03-23,True,140.0,297.76,157.76,app
O904729,U307428,2026-03-28,True,140.0,232.48,92.48,app
O904730,U307429,2026-03-05,False,0.0,264.89,264.89,app
O904731,U307430,2026-03-23,True,125.87,179.82,53.94,app
O904732,U307433,2026-03-06,True,116.24,166.05,49.82,app
O904733,U307434,2026-03-03,False,0.0,319.77,319.77,app
O904734,U307435,2026-03-24,False,0.0,326.57,326.57,app
O904735,U307436,2026-03-25,True,128.26,183.23,54.97,app
O904736,U307437,2026-03-22,True,137.36,196.22,58.87,app
O904737,U307439,2026-03-21,True,140.0,254.93,114.93,app
O904738,U307444,2026-03-17,True,140.0,277.14,137.14,app
O904739,U307444,2026-03-13,True,140.0,303.32,163.32,app
O904740,U307445,2026-03-02,False,0.0,279.56,279.56,app
O904741,U307446,2026-03-14,True,140.0,281.35,141.35,app
O904742,U307446,2026-03-11,True,140.0,233.38,93.38,app
O904743,U307447,2026-03-26,False,0.0,105.92,105.92,app
O904744,U307448,2026-03-27,False,0.0,130.54,130.54,web
O904745,U307450,2026-03-15,False,0.0,259.44,259.44,app
O904746,U307451,2026-03-04,False,0.0,147.69,147.69,app
O904747,U307451,2026-03-15,False,0.0,99.0,99.0,web
O904748,U307452,2026-03-28,True,92.86,132.65,39.8,app
O904749,U307453,2026-03-11,False,0.0,197.57,197.57,web
O904750,U307453,2026-03-19,False,0.0,211.34,211.34,app
O904751,U307456,2026-03-19,True,140.0,227.07,87.07,app
O904752,U307459,2026-03-09,True,94.92,135.59,40.68,app
O904753,U307460,2026-03-05,True,140.0,211.97,71.97,app
O904754,U307460,2026-03-11,True,139.46,-199.23,59.77,app
O904755,U307466,2026-03-09,False,0.0,129.23,129.23,app
O904756,U307473,2026-03-13,False,0.0,266.37,266.37,app
O904757,U307474,2026-03-02,False,0.0,205.31,205.31,app
O904758,U307477,2026-03-23,True,101.96,145.65,43.7,app
O904759,U307482,2026-03-25,False,0.0,266.26,266.26,app
O904760,U307482,2026-03-04,False,0.0,189.07,189.07,app
O904761,U307485,2026-03-17,False,0.0,99.0,99.0,app
O904762,U307487,2026-03-21,True,104.37,149.11,44.73,app
O904763,U307489,2026-03-22,True,69.3,99.0,29.7,app
O904764,U307493,2026-03-30,True,84.57,120.81,36.24,app
O904765,U307495,2026-03-02,True,140.0,316.97,176.97,app
O904766,U307496,2026-03-19,True,137.78,196.83,59.05,app
O904767,U307497,2026-03-18,True,140.0,206.58,66.58,app
O904768,U307497,2026-03-10,True,140.0,295.41,155.41,app
O904769,U307499,2026-03-05,True,140.0,244.0,104.0,app
O904770,U307500,2026-03-16,False,0.0,216.35,216.35,app
O904771,U307501,2026-03-21,True,112.92,161.32,48.4,app
O904772,U307504,2026-03-10,True,130.28,186.11,55.83,app
O904773,U307505,2026-03-03,True,140.0,290.15,150.15,app
O904774,U307507,2026-03-16,False,0.0,181.27,181.27,app
O904775,U307508,2026-03-06,True,111.61,159.44,47.83,app
O904776,U307508,2026-03-15,True,140.0,213.26,73.26,app
O904777,U307510,2026-03-27,False,0.0,267.91,267.91,app
O904778,U307511,2026-03-16,False,0.0,236.73,236.73,app
O904779,U307512,2026-03-19,True,136.49,194.98,58.49,app
O904780,U307513,2026-03-04,True,140.0,309.65,169.65,app
O904781,U307513,2026-03-05,True,140.0,226.46,86.46,app
O904782,U307515,2026-03-03,True,140.0,266.46,126.46,app
O904783,U307520,2026-03-12,False,0.0,168.72,168.72,app
O904784,U307524,2026-03-15,True,140.0,254.32,114.32,web
O904785,U307527,2026-03-03,True,140.0,219.1,79.1,app
O904786,U307529,2026-03-04,False,0.0,263.99,263.99,app
O904787,U307530,2026-03-11,False,0.0,138.18,138.18,web
O904788,U307530,2026-03-15,False,0.0,181.73,181.73,app
O904789,U307530,2026-03-04,False,0.0,320.52,320.52,
O904790,U307531,2026-03-03,False,0.0,258.33,258.33,app
O904791,U307533,2026-03-22,True,140.0,249.18,109.18,app
O904792,U307534,2026-03-22,True,140.0,256.94,116.94,app
O904793,U307535,2026-03-01,False,0.0,99.0,99.0,app
O904794,U307537,2026-03-02,True,132.12,188.75,56.62,app
O904795,U307541,2026-03-03,False,0.0,212.53,212.53,app
O904796,U307541,2026-03-08,False,0.0,196.14,196.14,app
O904797,U307542,2026-03-29,False,0.0,201.39,201.39,app
O904798,U307548,2026-03-10,False,0.0,300.02,300.02,app
O904799,U307548,2026-03-06,False,0.0,220.26,220.26,app
O904800,U307550,2026-03-22,False,0.0,284.52,284.52,app
O904801,U307550,2026-03-14,False,0.0,189.81,189.81,app
O904802,U307550,2026-03-29,False,0.0,282.41,282.41,app
O904803,U307551,2026-03-21,True,140.0,267.46,127.46,app
O904804,U307552,2026-03-10,False,0.0,172.32,172.32,app
O904805,U307558,2026-03-07,True,140.0,310.21,170.21,app
O904806,U307558,2026-03-02,True,140.0,268.58,128.58,app
O904807,U307561,2026-03-30,True,80.77,115.39,34.62,app
O904808,U307563,2026-03-26,True,140.0,211.63,71.63,app
O904809,U307563,2026-03-21,True,134.61,192.3,57.69,
O904810,U307566,2026-03-17,True,140.0,223.23,83.23,app
O904811,U307567,2026-03-13,False,0.0,317.92,317.92,app
O904812,U307568,2026-03-14,True,140.0,223.55,83.55,app
O904813,U307570,2026-03-15,False,0.0,216.45,216.45,app
O904814,U307573,2026-03-18,False,0.0,240.28,240.28,app
O904815,U307578,2026-03-01,True,140.0,201.71,61.71,app
O904816,U307579,2026-03-12,False,0.0,229.43,229.43,app
O904817,U307580,2026-03-09,True,133.6,190.85,57.26,app
O904818,U307581,2026-03-26,True,140.0,275.93,135.93,app
O904819,U307581,2026-03-07,True,140.0,245.92,105.92,web
O904820,U307583,2026-03-15,True,111.07,158.68,47.6,app
O904821,U307584,2026-03-07,False,0.0,227.16,227.16,web
O904822,U307586,2026-03-09,True,118.17,168.81,50.64,app
O904823,U307591,2026-03-06,False,0.0,190.82,190.82,app
O904824,U307596,2026-03-28,True,140.0,284.56,144.56,app
O904825,U307599,2026-03-22,False,0.0,281.93,281.93,app
O904826,U307602,2026-03-16,False,0.0,281.3,281.3,app
O904827,U307602,2026-03-09,False,0.0,218.34,218.34,app
O904828,U307606,2026-03-04,True,140.0,251.02,111.02,app
O904829,U307606,2026-03-19,True,105.44,150.62,45.19,
O904830,U307607,2026-03-01,True,140.0,357.31,217.31,app
O904831,U307607,2026-03-23,True,140.0,288.43,148.43,app
O904832,U307609,2026-03-10,True,126.09,180.13,54.04,app
O904833,U307609,2026-03-12,True,140.0,285.17,145.17,app
O904834,U307609,2026-03-02,True,99.65,142.36,42.71,app
O904835,U307610,2026-03-17,True,137.09,195.84,58.75,app
O904836,U307610,2026-03-21,True,71.04,101.49,30.45,web
O904837,U307614,2026-03-02,False,0.0,267.13,267.13,app
O904838,U307614,2026-03-16,False,0.0,212.98,212.98,app
O904839,U307617,2026-03-21,True,140.0,234.2,94.2,app
O904840,U307617,2026-03-10,True,140.0,293.74,153.74,app
O904841,U307617,2026-03-14,True,94.37,134.81,40.44,app
O904842,U307619,2026-03-01,False,0.0,240.63,240.63,app
O904843,U307621,2026-03-23,True,140.0,218.68,78.68,app
O904844,U307625,2026-03-05,False,0.0,248.73,248.73,app
O904845,U307631,2026-03-13,True,125.64,179.49,53.85,web
O904846,U307631,2026-03-08,True,140.0,287.61,147.61,app
O904847,U307631,2026-03-16,True,69.3,99.0,29.7,app
O904848,U307633,2026-03-22,False,0.0,213.62,213.62,app
O904849,U307633,2026-03-22,False,0.0,363.76,363.76,app
O904850,U307635,2026-03-11,False,0.0,177.69,177.69,app
O904851,U307636,2026-03-17,False,0.0,128.79,128.79,app
O904852,U307636,2026-03-03,False,0.0,161.61,161.61,app
O904853,U307641,2026-03-09,True,140.0,205.87,65.87,app
O904854,U307641,2026-03-20,True,97.39,139.13,41.74,app
O904855,U307642,2026-03-24,True,140.0,242.54,102.54,web
O904856,U307643,2026-03-05,True,140.0,260.4,120.4,app
O904857,U307645,2026-03-17,True,71.66,102.38,30.71,app
O904858,U307646,2026-03-12,True,140.0,233.39,93.39,app
O904859,U307647,2026-03-12,False,0.0,115.66,115.66,web
O904860,U307647,2026-03-26,False,0.0,302.28,302.28,app
O904861,U307649,2026-03-21,False,0.0,236.84,236.84,app
O904862,U307651,2026-03-22,False,0.0,275.98,275.98,app
O904863,U307652,2026-03-19,False,0.0,99.0,99.0,app
O904864,U307652,2026-03-30,False,0.0,228.02,228.02,app
O904865,U307653,2026-03-02,True,131.84,188.34,56.5,app
O904866,U307655,2026-03-03,True,113.44,162.05,48.62,app
O904867,U307656,2026-03-02,False,0.0,216.95,216.95,app
O904868,U307661,2026-03-19,True,100.31,143.3,42.99,app
O904869,U307661,2026-03-03,True,130.51,186.45,55.93,app
O904870,U307663,2026-03-02,False,0.0,219.48,219.48,app
O904871,U307664,2026-03-11,False,0.0,240.78,240.78,app
O904872,U307664,2026-03-14,False,0.0,183.27,183.27,app
O904873,U307665,2026-03-18,True,140.0,242.47,102.47,app
O904874,U307665,2026-03-28,True,69.3,99.0,29.7,app
O904875,U307669,2026-03-02,False,0.0,208.15,208.15,app
O904876,U307670,2026-03-02,False,0.0,194.92,194.92,app
O904877,U307673,2026-03-29,True,140.0,398.79,258.79,app
O904878,U307675,2026-03-24,True,140.0,260.04,120.04,app
O904879,U307677,2026-03-03,True,78.73,112.47,33.74,app
O904880,U307679,2026-03-22,True,97.97,139.95,41.99,app
O904881,U307679,2026-03-10,True,140.0,235.05,95.05,app
O904882,U307679,2026-03-22,True,140.0,351.93,211.93,web
O904883,U307679,2026-03-26,True,112.23,160.33,48.1,app
O904884,U307680,2026-03-09,False,0.0,198.06,198.06,app
O904885,U307682,2026-03-27,False,0.0,103.16,103.16,app
O904886,U307682,2026-03-28,False,0.0,241.36,241.36,app
O904887,U307683,2026-03-06,False,0.0,332.57,332.57,app
O904888,U307684,2026-03-12,True,140.0,235.51,95.51,app
O904889,U307694,2026-03-23,True,140.0,246.66,106.66,app
O904890,U307694,2026-03-17,True,140.0,237.94,97.94,app
O904891,U307695,2026-03-10,True,140.0,209.76,69.76,app
O904892,U307699,2026-03-14,False,0.0,182.24,182.24,web
O904893,U307700,2026-03-24,True,140.0,263.05,123.05,app
O904894,U307700,2026-03-15,True,69.3,99.0,29.7,app
O904895,U307703,2026-03-24,True,130.35,186.21,55.86,app
O904896,U307705,2026-03-22,False,0.0,206.32,206.32,app
O904897,U307706,2026-03-23,False,0.0,210.07,210.07,app
O904898,U307708,2026-03-21,False,0.0,240.5,240.5,app
O904899,U307708,2026-03-10,False,0.0,200.93,200.93,app
O904900,U307709,2026-03-18,False,0.0,326.66,326.66,app
O904901,U307709,2026-03-03,False,0.0,310.3,310.3,app
O904902,U307710,2026-03-02,False,0.0,196.09,196.09,app
O904903,U307710,2026-03-15,False,0.0,325.0,325.0,app
O904904,U307716,2026-03-06,False,0.0,292.8,292.8,app
O904905,U307721,2026-03-11,True,140.0,282.4,142.4,app
O904906,U307722,2026-03-18,True,140.0,246.27,106.27,app
O904907,U307722,2026-03-19,True,140.0,310.54,170.54,app
O904908,U307723,2026-03-01,False,0.0,149.79,149.79,app
O904909,U307724,2026-03-03,False,0.0,243.72,243.72,app
O904910,U307724,2026-03-02,False,0.0,157.41,157.41,app
O904911,U307727,2026-03-18,True,113.68,162.39,48.72,app
O904912,U307728,2026-03-30,True,140.0,238.9,98.9,app
O904913,U307728,2026-03-27,True,140.0,204.75,64.75,app
O904914,U307733,2026-03-17,False,0.0,215.47,215.47,app
O904915,U307734,2026-03-12,True,140.0,206.83,66.83,app
O904916,U307734,2026-03-07,True,69.3,99.0,29.7,app
O904917,U307735,2026-03-16,False,0.0,266.48,266.48,app
O904918,U307735,2026-03-05,False,0.0,175.81,175.81,web
O904919,U307736,2026-03-15,False,0.0,316.29,316.29,app
O904920,U307737,2026-03-02,False,0.0,200.35,200.35,app
O904921,U307740,2026-03-17,True,140.0,215.68,75.68,app
O904922,U307741,2026-03-12,True,140.0,219.66,79.66,app
O904923,U307743,2026-03-27,False,0.0,203.94,203.94,app
O904924,U307744,2026-03-07,False,0.0,225.43,225.43,app
O904925,U307746,2026-03-01,False,0.0,238.33,238.33,app
O904926,U307748,2026-03-26,True,140.0,265.12,125.12,app
O904927,U307749,2026-03-12,True,69.3,99.0,29.7,app
O904928,U307750,2026-03-14,False,0.0,253.9,253.9,app
O904929,U307753,2026-03-24,True,140.0,329.72,189.72,app
O904930,U307755,2026-03-08,False,0.0,218.51,218.51,app
O904931,U307757,2026-03-24,False,0.0,246.67,246.67,app
O904932,U307758,2026-03-28,True,140.0,239.25,99.25,app
O904933,U307759,2026-03-28,True,140.0,258.53,118.53,app
O904934,U307761,2026-03-05,False,0.0,384.93,384.93,app
O904935,U307763,2026-03-10,True,123.88,176.98,53.09,app
O904936,U307763,2026-03-19,True,130.4,186.29,55.89,app
O904937,U307765,2026-03-07,True,118.8,169.71,50.91,
O904938,U307767,2026-03-21,True,139.83,199.75,59.93,app
O904939,U307768,2026-03-09,True,137.66,196.66,59.0,app
O904940,U307768,2026-03-27,True,140.0,253.52,113.52,app
O904941,U307772,2026-03-26,True,140.0,275.7,135.7,app
O904942,U307772,2026-03-15,True,124.85,178.35,53.51,app
O904943,U307774,2026-03-16,True,69.3,99.0,29.7,app
O904944,U307779,2026-03-04,True,121.36,173.37,52.01,app
O904945,U307780,2026-03-04,False,0.0,296.93,296.93,app
O904946,U307782,2026-03-01,False,0.0,99.0,99.0,web
O904947,U307786,2026-03-07,False,0.0,152.78,152.78,app
O904948,U307793,2026-03-17,False,0.0,183.08,183.08,app
O904949,U307793,2026-03-03,False,0.0,268.19,268.19,app
O904950,U307795,2026-03-11,False,0.0,200.04,200.04,app
O904951,U307795,2026-03-03,False,0.0,195.84,195.84,app
O904952,U307796,2026-03-22,False,0.0,323.95,323.95,app
O904953,U307797,2026-03-11,False,0.0,310.39,310.39,app
O904954,U307801,2026-03-25,False,0.0,250.11,250.11,app
O904955,U307801,2026-03-26,False,0.0,99.0,99.0,app
O904956,U307802,2026-03-19,False,0.0,192.88,192.88,app
O904957,U307802,2026-03-18,False,0.0,159.45,159.45,app
O904958,U307802,2026-03-12,False,0.0,328.87,328.87,app
O904959,U307803,2026-03-03,True,140.0,245.3,105.3,app
O904960,U307805,2026-03-05,True,140.0,263.31,123.31,app
O904961,U307806,2026-03-15,False,0.0,100.33,100.33,app
O904962,U307807,2026-03-12,True,140.0,229.57,89.57,web
O904963,U307809,2026-03-04,False,0.0,160.14,160.14,app
O904964,U307809,2026-03-11,False,0.0,210.35,210.35,web
O904965,U307810,2026-03-29,False,0.0,251.1,251.1,app
O904966,U307810,2026-03-13,False,0.0,171.55,171.55,app
O904967,U307810,2026-03-08,False,0.0,163.58,163.58,app
O904968,U307811,2026-03-29,False,0.0,356.39,356.39,app
O904969,U307816,2026-03-05,True,69.3,99.0,29.7,app
O904970,U307819,2026-03-01,False,0.0,238.19,238.19,app
O904971,U307820,2026-03-23,True,140.0,214.55,74.55,web
O904972,U307821,2026-03-12,True,134.78,192.54,57.76,web
O904973,U307822,2026-03-06,True,80.28,114.68,34.4,app
O904974,U307823,2026-03-03,False,0.0,204.66,204.66,app
O904975,U307825,2026-03-15,True,118.19,168.84,50.65,app
O904976,U307826,2026-03-14,False,0.0,277.01,277.01,app
O904977,U307829,2026-03-25,True,140.0,244.92,104.92,app
O904978,U307830,2026-03-17,True,131.06,187.23,56.17,app
O904979,U307834,2026-03-09,True,108.83,155.47,46.64,app
O904980,U307835,2026-03-15,True,140.0,-250.23,110.23,app
O904981,U307837,2026-03-18,True,140.0,320.31,180.31,app
O904982,U307838,2026-03-02,False,0.0,166.35,166.35,app
O904983,U307838,2026-03-24,False,0.0,236.18,236.18,app
O904984,U307839,2026-03-16,True,140.0,253.59,113.59,app
O904985,U307839,2026-03-27,True,69.3,99.0,29.7,app
O904986,U307840,2026-03-01,True,140.0,291.76,151.76,app
O904987,U307842,2026-03-05,False,0.0,99.0,99.0,web
O904988,U307844,2026-03-11,True,140.0,251.02,111.02,app
O904989,U307847,2026-03-19,True,140.0,216.26,76.26,app
O904990,U307847,2026-03-06,True,115.28,164.68,49.4,app
O904991,U307853,2026-03-09,False,0.0,164.03,164.03,app
O904992,U307858,2026-03-20,True,140.0,265.31,125.31,app
O904993,U307858,2026-03-07,True,140.0,304.42,164.42,app
O904994,U307859,2026-03-18,False,0.0,238.19,238.19,app
O904995,U307860,2026-03-22,True,140.0,227.91,87.91,app
O904996,U307861,2026-03-26,True,93.42,133.45,40.04,app
O904997,U307862,2026-03-26,True,140.0,285.54,145.54,app
O904998,U307862,2026-03-04,True,140.0,251.62,111.62,web
O904999,U307864,2026-03-22,False,0.0,248.64,248.64,app
O905000,U307864,2026-03-21,False,0.0,258.86,258.86,app
O905001,U307866,2026-03-25,False,0.0,206.63,206.63,app
O905002,U307867,2026-03-26,True,140.0,309.6,169.6,app
O905003,U307871,2026-03-25,True,136.94,195.64,58.69,app
O905004,U307872,2026-03-15,True,132.17,188.82,56.65,
O905005,U307872,2026-03-08,True,140.0,221.49,81.49,app
O905006,U307877,2026-03-04,False,0.0,99.39,99.39,app
O905007,U307879,2026-03-28,True,134.43,192.04,57.61,app
O905008,U307881,2026-03-16,True,102.8,146.85,44.06,app
O905009,U307881,2026-03-15,True,107.17,153.1,45.93,app
O905010,U307881,2026-03-21,True,140.0,225.16,85.16,app
O905011,U307882,2026-03-03,False,0.0,268.84,268.84,app
O905012,U307882,2026-03-27,False,0.0,252.45,252.45,app
O905013,U307883,2026-03-24,True,140.0,215.53,75.53,app
O905014,U307885,2026-03-03,False,0.0,348.76,348.76,app
O905015,U307885,2026-03-28,False,0.0,160.18,160.18,app
O905016,U307889,2026-03-17,True,140.0,238.31,98.31,app
O905017,U307889,2026-03-16,True,140.0,262.81,122.81,web
O905018,U307892,2026-03-10,True,114.51,163.59,49.08,app
O905019,U307895,2026-03-23,False,0.0,168.11,168.11,app
O905020,U307898,2026-03-12,False,0.0,246.2,246.2,app
O905021,U307898,2026-03-14,False,0.0,205.18,205.18,web
O905022,U307899,2026-03-05,False,0.0,187.34,187.34,app
O905023,U307899,2026-03-12,False,0.0,99.0,99.0,app
O905024,U307902,2026-03-02,True,119.71,171.02,51.31,app
O905025,U307903,2026-03-25,False,0.0,180.01,180.01,app
O905026,U307904,2026-03-21,False,0.0,184.98,184.98,app
O905027,U307904,2026-03-28,False,0.0,180.01,180.01,web
O905028,U307905,2026-03-20,False,0.0,178.06,178.06,app
O905029,U307907,2026-03-20,True,140.0,304.99,164.99,app
O905030,U307908,2026-03-19,True,97.06,138.66,41.6,app
O905031,U307908,2026-03-26,True,105.8,151.14,45.34,app
O905032,U307909,2026-03-16,False,0.0,99.0,99.0,app
O905033,U307909,2026-03-16,False,0.0,206.2,206.2,app
O905034,U307911,2026-03-30,True,140.0,338.65,198.65,app
O905035,U307912,2026-03-13,True,140.0,258.45,118.45,app
O905036,U307913,2026-03-13,True,69.3,99.0,29.7,app
O905037,U307914,2026-03-12,True,140.0,209.04,69.04,app
O905038,U307914,2026-03-14,True,140.0,278.71,138.71,app
O905039,U307918,2026-03-12,False,0.0,228.61,228.61,app
O905040,U307919,2026-03-23,False,0.0,307.76,307.76,app
O905041,U307920,2026-03-22,False,0.0,253.95,253.95,app
O905042,U307920,2026-03-05,False,0.0,207.21,207.21,
O905043,U307926,2026-03-14,True,140.0,266.97,126.97,web
O905044,U307926,2026-03-02,True,138.48,197.83,59.35,app
O905045,U307929,2026-03-04,True,140.0,309.83,169.83,app
O905046,U307930,2026-03-20,False,0.0,151.13,151.13,app
O905047,U307934,2026-03-15,False,0.0,194.14,194.14,app
O905048,U307936,2026-03-09,True,140.0,270.35,130.35,app
O905049,U307937,2026-03-20,False,0.0,263.17,263.17,app
O905050,U307938,2026-03-21,True,123.38,176.25,52.88,app
O905051,U307939,2026-03-11,False,0.0,242.81,242.81,app
O905052,U307939,2026-03-11,False,0.0,250.86,250.86,app
O905053,U307944,2026-03-29,True,140.0,318.61,178.61,app
O905054,U307946,2026-03-14,True,140.0,251.45,111.45,
O905055,U307946,2026-03-17,True,140.0,217.5,77.5,app
O905056,U307951,2026-03-12,True,140.0,258.13,118.13,web
O905057,U307952,2026-03-01,True,140.0,262.85,122.85,app
O905058,U307957,2026-03-29,True,129.42,184.89,55.47,app
O905059,U307958,2026-03-01,True,140.0,201.22,61.22,app
O905060,U307960,2026-03-24,True,98.72,141.02,42.31,app
O905061,U307966,2026-03-10,True,140.0,296.05,156.05,app
O905062,U307966,2026-03-19,True,140.0,253.45,113.45,app
O905063,U307967,2026-03-25,False,0.0,126.74,126.74,app
O905064,U307969,2026-03-14,True,140.0,226.16,86.16,app
O905065,U307969,2026-03-22,True,140.0,229.1,89.1,app
O905066,U307970,2026-03-11,True,140.0,266.89,126.89,app
O905067,U307974,2026-03-24,True,140.0,241.1,101.1,app
O905068,U307976,2026-03-21,True,121.16,173.09,51.93,app
O905069,U307980,2026-03-01,False,0.0,131.59,131.59,app
O905070,U307980,2026-03-29,False,0.0,138.89,138.89,app
O905071,U307983,2026-03-25,True,140.0,256.88,116.88,app
O905072,U307984,2026-03-30,True,131.51,187.88,56.36,app
O905073,U307984,2026-03-13,True,140.0,279.2,139.2,app
O905074,U307986,2026-03-25,False,0.0,282.96,282.96,web
O905075,U307986,2026-03-20,False,0.0,314.2,314.2,app
O905076,U307989,2026-03-30,True,138.12,197.31,59.19,app
O905077,U307993,2026-03-28,False,0.0,282.74,282.74,app
O905078,U307996,2026-03-15,True,140.0,278.55,138.55,
O905079,U307999,2026-03-16,True,140.0,231.26,91.26,app
O905080,U308006,2026-03-01,True,69.3,99.0,29.7,app
O905081,U308008,2026-03-18,False,0.0,223.22,223.22,web
O905082,U308009,2026-03-17,True,140.0,233.65,93.65,app
O905083,U308011,2026-03-10,False,0.0,175.88,175.88,app
O905084,U308014,2026-03-27,True,140.0,291.03,151.03,web
O905085,U308015,2026-03-21,False,0.0,169.3,169.3,app
O905086,U308016,2026-03-23,False,0.0,148.02,148.02,app
O905087,U308017,2026-03-29,True,107.24,153.2,45.96,app
O905088,U308017,2026-03-07,True,106.26,151.8,45.54,web
O905089,U308019,2026-03-07,True,140.0,296.89,156.89,app
O905090,U308020,2026-03-04,True,140.0,214.54,74.54,app
O905091,U308021,2026-03-18,True,140.0,311.09,171.09,app
O905092,U308025,2026-03-10,True,140.0,247.88,107.88,app
O905093,U308025,2026-03-29,True,140.0,208.37,68.37,app
O905094,U308027,2026-03-26,True,124.34,177.63,53.29,app
O905095,U308030,2026-03-21,True,140.0,202.18,62.18,app
O905096,U308031,2026-03-17,True,136.65,195.22,58.57,app
O905097,U308034,2026-03-15,True,140.0,212.77,72.77,app
O905098,U308035,2026-03-04,False,0.0,224.6,224.6,web
O905099,U308036,2026-03-18,True,104.42,149.17,44.75,app
O905100,U308044,2026-03-26,True,140.0,253.73,113.73,app
O905101,U308044,2026-03-15,True,140.0,322.29,182.29,web
O905102,U308045,2026-03-11,False,0.0,254.43,254.43,app
O905103,U308046,2026-03-15,True,140.0,305.77,165.77,
O905104,U308047,2026-03-05,False,0.0,195.03,195.03,app
O905105,U308057,2026-03-22,False,0.0,304.21,304.21,app
O905106,U308065,2026-03-15,False,0.0,156.04,156.04,app
O905107,U308065,2026-03-08,False,0.0,291.72,291.72,app
O905108,U308066,2026-03-10,False,0.0,273.47,273.47,app
O905109,U308068,2026-03-08,True,120.12,171.6,51.48,app
O905110,U308070,2026-03-16,True,140.0,275.1,135.1,app
O905111,U308072,2026-03-25,True,132.84,189.77,56.93,app
O905112,U308075,2026-03-04,False,0.0,178.99,178.99,app
O905113,U308076,2026-03-15,False,0.0,174.4,174.4,app
O905114,U308076,2026-03-17,False,0.0,204.95,204.95,app
O905115,U308076,2026-03-11,False,0.0,177.41,177.41,app
O905116,U308078,2026-03-12,True,140.0,267.66,127.66,app
O905117,U308079,2026-03-09,True,140.0,273.9,133.9,app
O905118,U308088,2026-03-20,False,0.0,258.68,258.68,app
O905119,U308088,2026-03-30,False,0.0,226.13,226.13,app
O905120,U308093,2026-03-05,True,111.96,159.95,47.98,app
O905121,U308093,2026-03-18,True,140.0,222.63,82.63,app
O905122,U308096,2026-03-06,True,140.0,259.93,119.93,app
O905123,U308099,2026-03-18,True,140.0,236.37,96.37,app
O905124,U308100,2026-03-11,True,140.0,273.75,133.75,app
O905125,U308100,2026-03-05,True,140.0,221.48,81.48,app
O905126,U308102,2026-03-27,True,112.32,160.45,48.14,app
O905127,U308105,2026-03-09,True,134.74,192.48,57.74,web
O905128,U308105,2026-03-17,True,125.3,179.0,53.7,app
O905129,U308105,2026-03-03,True,131.32,187.6,56.28,app
O905130,U308105,2026-03-20,True,140.0,253.32,113.32,app
O905131,U308107,2026-03-16,False,0.0,293.9,293.9,app
O905132,U308107,2026-03-10,False,0.0,350.79,350.79,app
O905133,U308110,2026-03-17,False,0.0,152.59,152.59,app
O905134,U308114,2026-03-10,True,105.08,150.11,45.03,app
O905135,U308118,2026-03-24,False,0.0,192.65,192.65,web
O905136,U308119,2026-03-04,True,140.0,256.69,116.69,app
O905137,U308119,2026-03-30,True,131.05,187.21,56.16,app
O905138,U308120,2026-03-17,False,0.0,234.73,234.73,app
O905139,U308121,2026-03-02,True,140.0,253.01,113.01,app
O905140,U308122,2026-03-22,False,0.0,227.62,227.62,app
O905141,U308123,2026-03-05,False,0.0,205.81,205.81,app
O905142,U308125,2026-03-01,True,140.0,221.92,81.92,app
O905143,U308127,2026-03-06,False,0.0,192.07,192.07,app
O905144,U308129,2026-03-06,False,0.0,170.99,170.99,app
O905145,U308131,2026-03-28,False,0.0,163.75,163.75,app
O905146,U308131,2026-03-19,False,0.0,240.2,240.2,app
O905147,U308132,2026-03-01,False,0.0,99.0,99.0,app
O905148,U308137,2026-03-25,False,0.0,262.36,262.36,app
O905149,U308137,2026-03-25,False,0.0,180.43,180.43,app
O905150,U308140,2026-03-04,False,0.0,99.0,99.0,app
O905151,U308142,2026-03-05,False,0.0,151.82,151.82,app
O905152,U308142,2026-03-06,False,0.0,199.42,199.42,app
O905153,U308144,2026-03-26,True,73.63,105.18,31.55,app
O905154,U308146,2026-03-22,True,108.44,154.91,46.47,app
O905155,U308147,2026-03-05,False,0.0,218.21,218.21,app
O905156,U308148,2026-03-29,True,127.82,182.6,54.78,app
O905157,U308150,2026-03-29,False,0.0,242.46,242.46,app
O905158,U308150,2026-03-13,False,0.0,171.27,171.27,app
O905159,U308151,2026-03-26,False,0.0,215.13,215.13,app
O905160,U308152,2026-03-24,False,0.0,151.92,151.92,app
O905161,U308158,2026-03-10,True,140.0,310.98,170.98,app
O905162,U308159,2026-03-28,False,0.0,264.04,264.04,app
O905163,U308160,2026-03-27,True,140.0,288.11,148.11,app
O905164,U308162,2026-03-15,False,0.0,248.5,248.5,app
O905165,U308163,2026-03-10,False,0.0,254.61,254.61,web
O905166,U308169,2026-03-15,True,140.0,347.74,207.74,
O905167,U308171,2026-03-03,False,0.0,290.21,290.21,app
O905168,U308174,2026-03-03,True,140.0,303.68,163.68,app
O905169,U308176,2026-03-14,True,134.97,192.82,57.85,app
O905170,U308177,2026-03-09,True,140.0,218.11,78.11,app
O905171,U308177,2026-03-09,True,140.0,320.47,180.47,app
O905172,U308179,2026-03-18,True,123.87,176.95,53.09,app
O905173,U308179,2026-03-06,True,120.63,172.32,51.7,web
O905174,U308180,2026-03-14,False,0.0,-211.36,211.36,app
O905175,U308184,2026-03-20,False,0.0,357.7,357.7,app
O905176,U308184,2026-03-17,False,0.0,290.45,290.45,app
O905177,U308185,2026-03-27,False,0.0,164.11,164.11,app
O905178,U308186,2026-03-21,False,0.0,165.13,165.13,web
O905179,U308190,2026-03-06,True,138.68,198.11,59.43,app
O905180,U308193,2026-03-26,True,140.0,223.13,83.13,app
O905181,U308194,2026-03-19,True,132.4,189.15,56.74,app
O905182,U308195,2026-03-22,True,140.0,293.32,153.32,app
O905183,U308195,2026-03-05,True,140.0,294.22,154.22,web
O905184,U308197,2026-03-24,False,0.0,320.85,320.85,app
O905185,U308198,2026-03-03,False,0.0,244.45,244.45,app
O905186,U308198,2026-03-14,False,0.0,202.48,202.48,app
O905187,U308198,2026-03-03,False,0.0,216.41,216.41,app
O905188,U308198,2026-03-12,False,0.0,99.0,99.0,app
O905189,U308199,2026-03-01,True,108.14,154.48,46.34,app
O905190,U308200,2026-03-26,False,0.0,156.12,156.12,app
O905191,U308203,2026-03-02,True,112.91,161.29,48.39,app
O905192,U308203,2026-03-05,True,140.0,224.25,84.25,app
O905193,U308204,2026-03-27,True,98.54,140.78,42.23,app
O905194,U308206,2026-03-29,True,98.41,140.58,42.17,app
O905195,U308207,2026-03-24,False,0.0,251.05,251.05,app
O905196,U308208,2026-03-23,True,140.0,224.45,84.45,app
O905197,U308209,2026-03-04,True,140.0,230.56,90.56,app
O905198,U308209,2026-03-11,True,140.0,217.38,77.38,app
O905199,U308210,2026-03-27,False,0.0,229.77,229.77,app
O905200,U308212,2026-03-24,True,119.01,170.01,51.0,app
O905201,U308213,2026-03-15,False,0.0,227.88,227.88,app
O905202,U308214,2026-03-11,False,0.0,299.74,299.74,app
O905203,U308218,2026-03-30,False,0.0,224.53,224.53,app
O905204,U308218,2026-03-27,False,0.0,113.89,113.89,app
O905205,U308219,2026-03-01,True,124.19,177.42,53.23,app
O905206,U308221,2026-03-13,False,0.0,112.87,112.87,app
O905207,U308222,2026-03-13,True,140.0,305.99,165.99,app
O905208,U308226,2026-03-29,True,122.61,175.16,52.55,web
O905209,U308227,2026-03-11,True,140.0,246.8,106.8,app
O905210,U308229,2026-03-16,False,0.0,179.16,179.16,app
O905211,U308230,2026-03-13,True,125.65,179.5,53.85,app
O905212,U308231,2026-03-16,True,140.0,287.49,147.49,app
O905213,U308233,2026-03-13,True,140.0,265.55,125.55,app
O905214,U308234,2026-03-19,True,140.0,214.16,74.16,app
O905215,U308236,2026-03-07,True,97.36,139.08,41.73,app
O905216,U308238,2026-03-18,True,140.0,227.62,87.62,app
O905217,U308238,2026-03-12,True,92.01,131.45,39.43,app
O905218,U308239,2026-03-09,True,140.0,261.26,121.26,app
O905219,U308240,2026-03-19,False,0.0,299.96,299.96,app
O905220,U308241,2026-03-19,True,99.12,141.6,42.48,web
O905221,U308241,2026-03-29,True,131.32,187.6,56.28,app
O905222,U308241,2026-03-01,True,140.0,220.91,80.91,app
O905223,U308242,2026-03-02,True,70.39,100.55,30.17,
O905224,U308246,2026-03-05,False,0.0,211.98,211.98,app
O905225,U308246,2026-03-08,False,0.0,248.34,248.34,app
O905226,U308247,2026-03-25,True,120.38,171.97,51.59,app
O905227,U308249,2026-03-14,False,0.0,228.15,228.15,app
O905228,U308251,2026-03-16,True,122.26,174.65,52.4,
O905229,U308252,2026-03-05,False,0.0,378.54,378.54,app
O905230,U308253,2026-03-19,False,0.0,99.0,99.0,app
O905231,U308256,2026-03-12,True,140.0,230.9,90.9,app
O905232,U308257,2026-03-05,False,0.0,208.86,208.86,app
O905233,U308257,2026-03-01,False,0.0,160.08,160.08,app
O905234,U308258,2026-03-25,True,140.0,226.53,86.53,app
O905235,U308259,2026-03-28,True,140.0,219.23,79.23,app
O905236,U308260,2026-03-23,True,140.0,236.84,96.84,app
O905237,U308262,2026-03-20,False,0.0,275.3,275.3,app
O905238,U308263,2026-03-22,True,140.0,228.0,88.0,web
O905239,U308266,2026-03-25,False,0.0,216.99,216.99,app
O905240,U308267,2026-03-04,True,140.0,209.32,69.32,app
O905241,U308268,2026-03-26,False,0.0,295.63,295.63,app
O905242,U308269,2026-03-04,False,0.0,183.55,183.55,app
O905243,U308271,2026-03-22,False,0.0,284.29,284.29,app
O905244,U308272,2026-03-27,True,140.0,294.05,154.05,app
O905245,U308273,2026-03-26,True,140.0,238.59,98.59,app
O905246,U308275,2026-03-16,True,140.0,253.76,113.76,app
O905247,U308278,2026-03-05,False,0.0,264.58,264.58,app
O905248,U308280,2026-03-05,True,140.0,356.52,216.52,app
O905249,U308283,2026-03-06,True,140.0,216.34,76.34,app
O905250,U308285,2026-03-02,True,140.0,368.31,228.31,app
O905251,U308288,2026-03-21,True,140.0,209.81,69.81,app
O905252,U308291,2026-03-15,True,140.0,202.65,62.65,app
O905253,U308292,2026-03-08,True,140.0,251.49,111.49,app
O905254,U308296,2026-03-20,False,0.0,201.18,201.18,app
O905255,U308296,2026-03-20,False,0.0,175.27,175.27,app
O905256,U308304,2026-03-23,False,0.0,327.21,327.21,web
O905257,U308304,2026-03-28,False,0.0,249.75,249.75,app
O905258,U308305,2026-03-14,False,0.0,312.39,312.39,app
O905259,U308306,2026-03-19,True,140.0,248.06,108.06,
O905260,U308310,2026-03-05,True,129.29,184.7,55.41,app
O905261,U308311,2026-03-28,False,0.0,203.03,203.03,app
O905262,U308311,2026-03-03,False,0.0,189.62,189.62,app
O905263,U308311,2026-03-16,False,0.0,290.84,290.84,app
O905264,U308312,2026-03-03,True,117.34,167.63,50.29,app
O905265,U308313,2026-03-16,True,140.0,220.81,80.81,app
O905266,U308313,2026-03-22,True,140.0,238.06,98.06,app
O905267,U308315,2026-03-23,True,139.38,199.11,59.73,web
O905268,U308315,2026-03-03,True,140.0,289.2,149.2,app
O905269,U308315,2026-03-26,True,115.57,165.1,49.53,app
O905270,U308316,2026-03-23,True,140.0,214.9,74.9,app
O905271,U308317,2026-03-01,True,140.0,211.45,71.45,app
O905272,U308318,2026-03-04,False,0.0,150.84,150.84,app
O905273,U308319,2026-03-29,True,87.24,124.63,37.39,app
O905274,U308320,2026-03-06,False,0.0,99.0,99.0,app
O905275,U308320,2026-03-19,False,0.0,329.82,329.82,web
O905276,U308321,2026-03-30,False,0.0,231.77,231.77,app
O905277,U308323,2026-03-22,False,0.0,99.0,99.0,app
O905278,U308323,2026-03-13,False,0.0,199.66,199.66,app
O905279,U308327,2026-03-03,False,0.0,144.29,144.29,
O905280,U308329,2026-03-10,True,132.25,188.93,56.68,app
O905281,U308330,2026-03-20,True,140.0,206.76,66.76,app
O905282,U308331,2026-03-09,False,0.0,218.55,218.55,app
O905283,U308332,2026-03-09,False,0.0,247.12,247.12,app
O905284,U308332,2026-03-01,False,0.0,183.26,183.26,
O905285,U308333,2026-03-19,False,0.0,181.31,181.31,app
O905286,U308334,2026-03-15,False,0.0,306.04,306.04,app
O905287,U308335,2026-03-10,False,0.0,257.14,257.14,app
O905288,U308338,2026-03-10,False,0.0,143.98,143.98,app
O905289,U308341,2026-03-09,False,0.0,266.41,266.41,app
O905290,U308346,2026-03-07,False,0.0,239.17,239.17,app
O905291,U308350,2026-03-30,True,140.0,270.77,130.77,app
O905292,U308352,2026-03-26,True,140.0,289.41,149.41,app
O905293,U308354,2026-03-23,False,0.0,258.48,258.48,app
O905294,U308354,2026-03-12,False,0.0,154.1,154.1,app
O905295,U308359,2026-03-21,True,140.0,301.5,161.5,app
O905296,U308359,2026-03-28,True,140.0,222.93,82.93,app
O905297,U308360,2026-03-28,True,140.0,251.74,111.74,app
O905298,U308361,2026-03-09,True,116.0,165.71,49.71,app
O905299,U308362,2026-03-08,False,0.0,229.59,229.59,web
O905300,U308362,2026-03-02,False,0.0,250.87,250.87,app
O905301,U308363,2026-03-22,True,112.82,161.17,48.35,app
O905302,U308367,2026-03-23,False,0.0,132.08,132.08,app
O905303,U308367,2026-03-24,False,0.0,163.5,163.5,app
O905304,U308368,2026-03-14,False,0.0,299.76,299.76,app
O905305,U308369,2026-03-23,False,0.0,313.3,313.3,app
O905306,U308369,2026-03-15,False,0.0,222.21,222.21,app
O905307,U308370,2026-03-05,True,82.46,117.8,35.34,app
O905308,U308371,2026-03-10,True,116.15,165.93,49.78,app
O905309,U308371,2026-03-24,True,121.87,174.1,52.23,app
O905310,U308372,2026-03-13,False,0.0,297.04,297.04,app
O905311,U308374,2026-03-18,True,125.17,178.82,53.64,app
O905312,U308376,2026-03-24,True,140.0,218.75,78.75,app
O905313,U308377,2026-03-09,False,0.0,206.25,206.25,app
O905314,U308379,2026-03-05,False,0.0,217.2,217.2,app
O905315,U308380,2026-03-05,True,140.0,224.11,84.11,app
O905316,U308380,2026-03-10,True,140.0,229.19,89.19,app
O905317,U308383,2026-03-24,True,140.0,203.93,63.93,app
O905318,U308384,2026-03-09,True,140.0,219.48,79.48,app
O905319,U308385,2026-03-08,False,0.0,99.0,99.0,app
O905320,U308386,2026-03-08,False,0.0,243.71,243.71,app
O905321,U308386,2026-03-28,False,0.0,249.46,249.46,app
O905322,U308388,2026-03-24,False,0.0,127.07,127.07,app
O905323,U308388,2026-03-12,False,0.0,350.95,350.95,app
O905324,U308388,2026-03-21,False,0.0,99.0,99.0,app
O905325,U308393,2026-03-24,True,140.0,202.64,62.64,app
O905326,U308393,2026-03-04,True,132.08,188.68,56.6,web
O905327,U308393,2026-03-26,True,140.0,224.65,84.65,app
O905328,U308401,2026-03-30,False,0.0,219.91,219.91,
O905329,U308401,2026-03-01,False,0.0,254.33,254.33,app
O905330,U308404,2026-03-18,True,140.0,221.0,81.0,app
O905331,U308405,2026-03-28,False,0.0,191.74,191.74,app
O905332,U308407,2026-03-04,True,90.71,129.59,38.88,app
O905333,U308407,2026-03-10,True,140.0,200.22,60.22,web
O905334,U308407,2026-03-06,True,140.0,225.79,85.79,app
O905335,U308408,2026-03-02,True,140.0,250.73,110.73,app
O905336,U308410,2026-03-01,True,140.0,245.83,105.83,app
O905337,U308411,2026-03-01,True,140.0,239.28,99.28,app
O905338,U308414,2026-03-02,True,140.0,236.3,96.3,app
O905339,U308414,2026-03-07,True,140.0,244.0,104.0,web
O905340,U308416,2026-03-01,True,116.03,165.76,49.73,app
O905341,U308417,2026-03-25,True,139.52,199.32,59.8,app
O905342,U308417,2026-03-21,True,140.0,269.05,129.05,app
O905343,U308419,2026-03-11,False,0.0,152.97,152.97,app
O905344,U308421,2026-03-29,True,140.0,224.49,84.49,app
O905345,U308423,2026-03-21,True,73.75,105.36,31.61,app
O905346,U308424,2026-03-17,True,140.0,292.59,152.59,app
O905347,U308426,2026-03-09,True,116.23,166.04,49.81,app
O905348,U308427,2026-03-25,True,91.54,130.77,39.23,app
O905349,U308427,2026-03-13,True,126.22,180.32,54.1,app
O905350,U308428,2026-03-14,True,140.0,216.01,76.01,app
O905351,U308429,2026-03-20,True,140.0,363.08,223.08,app
O905352,U308430,2026-03-23,True,116.53,166.48,49.94,app
O905353,U308434,2026-03-25,True,140.0,201.52,61.52,app
O905354,U308435,2026-03-10,True,140.0,232.06,92.06,app
O905355,U308437,2026-03-05,True,69.3,99.0,29.7,app
O905356,U308439,2026-03-26,True,130.89,186.99,56.1,app
O905357,U308439,2026-03-05,True,140.0,249.73,109.73,
O905358,U308440,2026-03-28,True,140.0,251.07,111.07,app
O905359,U308441,2026-03-14,True,140.0,312.86,172.86,app
O905360,U308441,2026-03-06,True,105.96,151.37,45.41,app
O905361,U308441,2026-03-06,True,140.0,230.48,90.48,app
O905362,U308442,2026-03-16,True,140.0,329.14,189.14,app
O905363,U308445,2026-03-26,True,140.0,240.06,100.06,app
O905364,U308445,2026-03-23,True,140.0,210.38,70.38,app
O905365,U308446,2026-03-27,False,0.0,246.55,246.55,app
O905366,U308449,2026-03-17,True,140.0,236.05,96.05,app
O905367,U308450,2026-03-09,True,140.0,257.71,117.71,app
O905368,U308450,2026-03-23,True,140.0,278.02,138.02,app
O905369,U308451,2026-03-20,False,0.0,151.09,151.09,web
O905370,U308452,2026-03-08,False,0.0,99.0,99.0,app
O905371,U308455,2026-03-03,True,140.0,299.22,159.22,app
O905372,U308457,2026-03-24,False,0.0,127.47,127.47,app
O905373,U308459,2026-03-23,True,140.0,278.91,138.91,app
O905374,U308459,2026-03-17,True,140.0,339.17,199.17,app
O905375,U308460,2026-03-09,False,0.0,225.01,225.01,app
O905376,U308461,2026-03-20,True,140.0,319.6,179.6,app
O905377,U308464,2026-03-06,True,135.86,194.09,58.23,app
O905378,U308466,2026-03-21,True,138.7,198.15,59.44,app
O905379,U308467,2026-03-05,True,140.0,221.55,81.55,app
O905380,U308473,2026-03-26,False,0.0,291.13,291.13,app
O905381,U308473,2026-03-21,False,0.0,250.57,250.57,app
O905382,U308476,2026-03-11,True,140.0,210.71,70.71,app
O905383,U308480,2026-03-13,True,136.75,195.35,58.61,
O905384,U308481,2026-03-16,False,0.0,265.51,265.51,app
O905385,U308482,2026-03-17,True,136.6,195.14,58.54,app
O905386,U308484,2026-03-26,False,0.0,188.9,188.9,app
O905387,U308485,2026-03-08,True,140.0,248.01,108.01,app
O905388,U308486,2026-03-20,True,140.0,330.54,190.54,app
O905389,U308487,2026-03-30,False,0.0,153.74,153.74,app
O905390,U308488,2026-03-21,True,84.05,120.07,36.02,app
O905391,U308489,2026-03-08,True,140.0,236.99,96.99,app
O905392,U308489,2026-03-03,True,122.08,174.4,52.32,
O905393,U308491,2026-03-08,True,140.0,200.62,60.62,app
O905394,U308492,2026-03-23,False,0.0,170.14,170.14,app
O905395,U308494,2026-03-21,True,117.81,168.3,50.49,app
O905396,U308495,2026-03-26,True,140.0,229.18,89.18,app
O905397,U308499,2026-03-24,False,0.0,130.03,130.03,app
O905398,U308500,2026-03-08,True,140.0,354.83,214.83,app
O905399,U308501,2026-03-04,True,140.0,234.32,94.32,
O905400,U308501,2026-03-02,True,140.0,335.77,195.77,app
O905401,U308504,2026-03-01,False,0.0,175.8,175.8,app
O905402,U308507,2026-03-30,True,140.0,256.63,116.63,app
O905403,U308507,2026-03-28,True,140.0,213.09,73.09,app
O905404,U308507,2026-03-24,True,140.0,232.72,92.72,app
O905405,U308508,2026-03-29,False,0.0,196.88,196.88,app
O905406,U308508,2026-03-22,False,0.0,160.94,160.94,app
O905407,U308511,2026-03-07,False,0.0,99.0,99.0,app
O905408,U308511,2026-03-06,False,0.0,235.3,235.3,app
O905409,U308512,2026-03-27,True,127.8,182.57,54.77,app
O905410,U308513,2026-03-12,True,140.0,259.41,119.41,app
O905411,U308514,2026-03-27,True,140.0,208.66,68.66,app
O905412,U308515,2026-03-01,False,0.0,176.42,176.42,app
O905413,U308516,2026-03-07,True,140.0,236.44,96.44,app
O905414,U308517,2026-03-15,False,0.0,298.65,298.65,app
O905415,U308519,2026-03-23,False,0.0,208.77,208.77,app
O905416,U308521,2026-03-05,True,140.0,211.21,71.21,app
O905417,U308522,2026-03-19,True,140.0,209.68,69.68,app
O905418,U308523,2026-03-30,True,140.0,205.12,65.12,app
O905419,U308528,2026-03-12,False,0.0,200.83,200.83,app
O905420,U308529,2026-03-10,False,0.0,315.11,315.11,app
O905421,U308529,2026-03-14,False,0.0,199.45,199.45,app
O905422,U308532,2026-03-14,True,140.0,228.11,88.11,app
O905423,U308534,2026-03-06,True,140.0,351.91,211.91,app
O905424,U308535,2026-03-05,True,109.65,156.64,46.99,app
O905425,U308539,2026-03-15,True,140.0,225.86,85.86,app
O905426,U308540,2026-03-16,False,0.0,212.31,212.31,app
O905427,U308540,2026-03-29,False,0.0,147.69,147.69,app
O905428,U308543,2026-03-20,True,140.0,228.28,88.28,app
O905429,U308544,2026-03-06,True,140.0,348.55,208.55,app
O905430,U308545,2026-03-17,True,100.38,143.4,43.02,web
O905431,U308546,2026-03-22,True,140.0,221.85,81.85,app
O905432,U308547,2026-03-17,True,140.0,228.25,88.25,app
O905433,U308547,2026-03-19,True,79.52,113.6,34.08,app
O905434,U308548,2026-03-28,True,140.0,309.6,169.6,app
O905435,U308548,2026-03-09,True,140.0,296.36,156.36,app
O905436,U308549,2026-03-08,False,0.0,257.99,257.99,app
O905437,U308556,2026-03-26,True,140.0,217.45,77.45,app
O905438,U308559,2026-03-11,False,0.0,117.58,117.58,app
O905439,U308562,2026-03-03,False,0.0,379.81,379.81,app
O905440,U308567,2026-03-30,False,0.0,269.78,269.78,app
O905441,U308569,2026-03-27,True,140.0,275.34,135.34,app
O905442,U308570,2026-03-06,False,0.0,281.65,281.65,app
O905443,U308570,2026-03-16,False,0.0,248.12,248.12,app
O905444,U308571,2026-03-01,True,140.0,232.47,92.47,web
O905445,U308572,2026-03-10,False,0.0,236.49,236.49,app
O905446,U308573,2026-03-19,True,132.78,189.69,56.91,app
O905447,U308576,2026-03-22,True,140.0,215.35,75.35,app
O905448,U308577,2026-03-25,False,0.0,173.9,173.9,app
O905449,U308578,2026-03-16,True,140.0,244.86,104.86,app
O905450,U308580,2026-03-18,False,0.0,236.04,236.04,app
O905451,U308580,2026-03-29,False,0.0,176.56,176.56,app
O905452,U308581,2026-03-20,True,140.0,273.72,133.72,app
O905453,U308584,2026-03-17,True,140.0,227.8,87.8,app
O905454,U308584,2026-03-09,True,140.0,314.81,174.81,app
O905455,U308587,2026-03-07,False,0.0,210.41,210.41,app
O905456,U308587,2026-03-24,False,0.0,270.51,270.51,app
O905457,U308589,2026-03-01,True,118.08,168.69,50.61,app
O905458,U308593,2026-03-01,False,0.0,219.22,219.22,app
O905459,U308594,2026-03-13,True,140.0,286.99,146.99,
O905460,U308595,2026-03-13,True,132.5,189.28,56.78,app
O905461,U308595,2026-03-25,True,140.0,329.26,189.26,app
O905462,U308597,2026-03-19,True,140.0,213.45,73.45,app
O905463,U308597,2026-03-09,True,124.49,177.85,53.35,app
O905464,U308598,2026-03-14,True,140.0,337.17,197.17,
O905465,U308600,2026-03-13,True,140.0,222.83,82.83,app
O905466,U308603,2026-03-16,True,140.0,280.3,140.3,app
O905467,U308603,2026-03-04,True,140.0,205.8,65.8,app
O905468,U308607,2026-03-19,False,0.0,243.7,243.7,app
O905469,U308610,2026-03-22,True,126.84,181.21,54.36,app
O905470,U308610,2026-03-23,True,140.0,312.02,172.02,app
O905471,U308611,2026-03-04,True,140.0,232.42,92.42,app
O905472,U308612,2026-03-25,False,0.0,101.96,101.96,app
O905473,U308615,2026-03-01,False,0.0,232.07,232.07,app
O905474,U308616,2026-03-20,True,140.0,273.26,133.26,web
O905475,U308618,2026-03-08,True,129.55,185.07,55.52,app
O905476,U308622,2026-03-10,False,0.0,196.25,196.25,app
O905477,U308623,2026-03-03,False,0.0,148.31,148.31,app
O905478,U308623,2026-03-12,False,0.0,202.26,202.26,app
O905479,U308625,2026-03-25,True,140.0,203.48,63.48,app
O905480,U308626,2026-03-12,False,0.0,99.0,99.0,app
O905481,U308630,2026-03-06,True,108.74,155.34,46.6,app
O905482,U308630,2026-03-24,True,140.0,320.36,180.36,app
O905483,U308634,2026-03-03,True,140.0,214.85,74.85,app
O905484,U308635,2026-03-13,True,69.3,99.0,29.7,app
O905485,U308639,2026-03-05,False,0.0,201.55,201.55,app
O905486,U308641,2026-03-10,False,0.0,99.0,99.0,app
O905487,U308642,2026-03-03,False,0.0,242.45,242.45,app
O905488,U308642,2026-03-29,False,0.0,259.75,259.75,app
O905489,U308643,2026-03-16,True,140.0,214.41,74.41,app
O905490,U308644,2026-03-28,True,140.0,239.51,99.51,app
O905491,U308647,2026-03-28,True,140.0,213.38,73.38,app
O905492,U308650,2026-03-25,True,123.17,175.95,52.79,app
O905493,U308653,2026-03-29,True,140.0,202.4,62.4,app
O905494,U308653,2026-03-22,True,140.0,274.03,134.03,app
O905495,U308654,2026-03-15,False,0.0,99.0,99.0,app
O905496,U308656,2026-03-02,True,122.82,175.46,52.64,app
O905497,U308657,2026-03-25,True,140.0,277.62,137.62,app
O905498,U308659,2026-03-20,True,140.0,228.47,88.47,app
O905499,U308659,2026-03-16,True,140.0,271.26,131.26,
O905500,U308662,2026-03-17,True,140.0,222.44,82.44,app
O905501,U308662,2026-03-17,True,114.66,163.8,49.14,app
O905502,U308666,2026-03-11,False,0.0,210.19,210.19,app
O905503,U308668,2026-03-13,False,0.0,323.23,323.23,app
O905504,U308669,2026-03-15,True,140.0,317.3,177.3,app
O905505,U308670,2026-03-06,True,140.0,264.83,124.83,app
O905506,U308671,2026-03-27,True,102.01,145.73,43.72,app
O905507,U308671,2026-03-02,True,69.3,99.0,29.7,app
O905508,U308673,2026-03-10,True,131.27,187.53,56.26,app
O905509,U308680,2026-03-10,True,137.4,196.29,58.89,web
O905510,U308680,2026-03-02,True,140.0,256.04,116.04,app
O905511,U308681,2026-03-24,True,85.72,122.46,36.74,app
O905512,U308683,2026-03-09,True,140.0,337.31,197.31,app
O905513,U308683,2026-03-25,True,140.0,219.49,79.49,app
O905514,U308685,2026-03-07,True,140.0,268.7,128.7,app
O905515,U308686,2026-03-01,True,140.0,224.25,84.25,app
O905516,U308687,2026-03-27,True,140.0,228.83,88.83,app
O905517,U308688,2026-03-15,False,0.0,175.45,175.45,app
O905518,U308689,2026-03-21,True,134.9,192.72,57.82,app
O905519,U308690,2026-03-15,False,0.0,273.19,273.19,app
O905520,U308691,2026-03-15,True,140.0,222.06,82.06,app
O905521,U308692,2026-03-13,False,0.0,205.17,205.17,app
O905522,U308699,2026-03-06,True,107.74,153.92,46.18,app
O905523,U308700,2026-03-30,False,0.0,205.41,205.41,app
O905524,U308700,2026-03-19,False,0.0,99.0,99.0,web
O905525,U308701,2026-03-29,True,140.0,248.89,108.89,app
O905526,U308702,2026-03-14,True,140.0,206.13,66.13,app
O905527,U308702,2026-03-14,True,140.0,287.75,147.75,app
O905528,U308703,2026-03-11,False,0.0,291.86,291.86,app
O905529,U308707,2026-03-05,True,140.0,294.77,154.77,app
O905530,U308707,2026-03-30,True,140.0,244.41,104.41,app
O905531,U308709,2026-03-06,False,0.0,191.52,191.52,app
O905532,U308711,2026-03-21,False,0.0,159.69,159.69,app
O905533,U308713,2026-03-11,False,0.0,176.8,176.8,app
O905534,U308715,2026-03-30,True,138.07,197.24,59.17,app
O905535,U308724,2026-03-22,False,0.0,224.48,224.48,app
O905536,U308730,2026-03-24,False,0.0,147.28,147.28,app
O905537,U308731,2026-03-16,False,0.0,-316.06,316.06,app
O905538,U308739,2026-03-11,False,0.0,166.63,166.63,
O905539,U308743,2026-03-19,True,140.0,230.2,90.2,app
O905540,U308745,2026-03-12,False,0.0,245.19,245.19,web
O905541,U308745,2026-03-22,False,0.0,135.05,135.05,app
O905542,U308747,2026-03-08,False,0.0,230.21,230.21,app
O905543,U308750,2026-03-20,False,0.0,284.67,284.67,app
O905544,U308752,2026-03-19,False,0.0,260.41,260.41,app
O905545,U308754,2026-03-05,True,140.0,232.33,92.33,app
O905546,U308755,2026-03-24,True,140.0,268.86,128.86,app
O905547,U308755,2026-03-10,True,94.68,135.26,40.58,app
O905548,U308759,2026-03-18,True,83.98,119.98,35.99,app
O905549,U308761,2026-03-12,True,140.0,295.35,155.35,app
O905550,U308765,2026-03-24,False,0.0,272.65,272.65,app
O905551,U308767,2026-03-08,False,0.0,328.37,328.37,web
O905552,U308767,2026-03-30,False,0.0,225.08,225.08,app
O905553,U308768,2026-03-23,True,140.0,220.05,80.05,app
O905554,U308769,2026-03-24,False,0.0,209.46,209.46,app
O905555,U308770,2026-03-17,True,140.0,247.13,107.13,app
O905556,U308770,2026-03-27,True,140.0,281.98,141.98,app
O905557,U308776,2026-03-01,True,140.0,219.17,79.17,app
O905558,U308777,2026-03-21,False,0.0,126.85,126.85,app
O905559,U308778,2026-03-01,False,0.0,223.43,223.43,web
O905560,U308782,2026-03-22,False,0.0,289.78,289.78,app
O905561,U308782,2026-03-05,False,0.0,297.21,297.21,app
O905562,U308783,2026-03-11,True,140.0,217.37,77.37,app
O905563,U308783,2026-03-07,True,126.38,180.55,54.16,app
O905564,U308784,2026-03-10,False,0.0,147.63,147.63,app
O905565,U308786,2026-03-27,False,0.0,299.11,299.11,app
O905566,U308786,2026-03-20,False,0.0,247.32,247.32,app
O905567,U308788,2026-03-22,True,140.0,206.81,66.81,app
O905568,U308791,2026-03-04,True,140.0,368.02,228.02,app
O905569,U308795,2026-03-13,True,140.0,313.69,173.69,app
O905570,U308796,2026-03-21,False,0.0,200.41,200.41,app
O905571,U308797,2026-03-07,False,0.0,233.46,233.46,app
O905572,U308798,2026-03-19,True,140.0,225.43,85.43,web
O905573,U308801,2026-03-26,True,140.0,293.98,153.98,app
O905574,U308803,2026-03-29,True,123.68,176.68,53.0,app
O905575,U308804,2026-03-05,False,0.0,197.99,197.99,app
O905576,U308805,2026-03-10,True,140.0,250.85,110.85,app
O905577,U308805,2026-03-29,True,101.56,145.08,43.53,app
O905578,U308806,2026-03-29,False,0.0,318.63,318.63,app
O905579,U308806,2026-03-15,False,0.0,290.91,290.91,web
O905580,U308807,2026-03-02,False,0.0,238.38,238.38,app
O905581,U308807,2026-03-22,False,0.0,326.67,326.67,app
O905582,U308811,2026-03-27,True,140.0,223.01,83.01,web
O905583,U308811,2026-03-27,True,140.0,260.77,120.77,web
O905584,U308812,2026-03-08,True,140.0,283.56,143.56,app
O905585,U308814,2026-03-01,False,0.0,148.28,148.28,app
O905586,U308814,2026-03-03,False,0.0,219.9,219.9,app
O905587,U308817,2026-03-03,False,0.0,261.03,261.03,app
O905588,U308818,2026-03-14,False,0.0,320.81,320.81,app
O905589,U308818,2026-03-09,False,0.0,197.64,197.64,app
O905590,U308818,2026-03-07,False,0.0,248.88,248.88,app
O905591,U308819,2026-03-10,False,0.0,278.72,278.72,app
O905592,U308823,2026-03-09,True,138.91,198.45,59.53,app
O905593,U308829,2026-03-11,True,140.0,222.53,82.53,app
O905594,U308831,2026-03-10,False,0.0,242.11,242.11,app
O905595,U308832,2026-03-15,False,0.0,277.14,277.14,app
O905596,U308833,2026-03-25,False,0.0,294.14,294.14,web
O905597,U308835,2026-03-10,False,0.0,257.16,257.16,app
O905598,U308838,2026-03-24,True,140.0,351.85,211.85,app
O905599,U308838,2026-03-26,True,140.0,211.6,71.6,app
O905600,U308843,2026-03-25,True,129.14,184.48,55.34,app
O905601,U308843,2026-03-30,True,140.0,230.27,90.27,app
O905602,U308846,2026-03-29,False,0.0,223.29,223.29,app
O905603,U308847,2026-03-16,False,0.0,295.99,295.99,app
O905604,U308849,2026-03-25,False,0.0,246.11,246.11,app
O905605,U308849,2026-03-14,False,0.0,99.0,99.0,app
O905606,U308849,2026-03-01,False,0.0,178.8,178.8,app
O905607,U308850,2026-03-12,True,69.3,99.0,29.7,app
O905608,U308851,2026-03-03,True,140.0,238.36,98.36,app
O905609,U308855,2026-03-10,True,140.0,435.13,295.13,app
O905610,U308856,2026-03-23,False,0.0,272.47,272.47,app
O905611,U308859,2026-03-02,False,0.0,192.49,192.49,app
O905612,U308859,2026-03-13,False,0.0,251.38,251.38,app
O905613,U308859,2026-03-30,False,0.0,318.48,318.48,app
O905614,U308860,2026-03-27,True,128.5,183.58,55.07,app
O905615,U308861,2026-03-20,True,140.0,296.51,156.51,app
O905616,U308865,2026-03-08,True,140.0,267.46,127.46,app
O905617,U308868,2026-03-29,True,136.95,195.64,58.69,app
O905618,U308868,2026-03-13,True,140.0,208.91,68.91,app
O905619,U308871,2026-03-26,True,140.0,216.88,76.88,app
O905620,U308875,2026-03-12,True,140.0,262.9,122.9,app
O905621,U308878,2026-03-04,False,0.0,169.18,169.18,app
O905622,U308878,2026-03-17,False,0.0,216.82,216.82,app
O905623,U308879,2026-03-05,False,0.0,204.01,204.01,app
O905624,U308882,2026-03-04,False,0.0,138.95,138.95,app
O905625,U308882,2026-03-04,False,0.0,99.0,99.0,app
O905626,U308882,2026-03-05,False,0.0,200.84,200.84,app
O905627,U308883,2026-03-16,False,0.0,232.03,232.03,app
O905628,U308883,2026-03-08,False,0.0,240.41,240.41,
O905629,U308884,2026-03-11,True,140.0,231.63,91.63,app
O905630,U308884,2026-03-04,True,98.77,141.1,42.33,app
O905631,U308885,2026-03-24,True,121.03,172.9,51.87,app
O905632,U308885,2026-03-04,True,140.0,310.87,170.87,app
O905633,U308886,2026-03-21,True,140.0,350.82,210.82,app
O905634,U308888,2026-03-06,True,69.3,99.0,29.7,app
O905635,U308890,2026-03-08,True,124.81,178.31,53.49,app
O905636,U308891,2026-03-14,True,140.0,242.13,102.13,app
O905637,U308891,2026-03-09,True,140.0,200.7,60.7,app
O905638,U308892,2026-03-22,False,0.0,234.92,234.92,web
O905639,U308893,2026-03-08,False,0.0,193.0,193.0,app
O905640,U308894,2026-03-03,False,0.0,232.37,232.37,app
O905641,U308896,2026-03-19,True,140.0,283.54,143.54,app
O905642,U308896,2026-03-11,True,129.21,184.59,55.38,app
O905643,U308897,2026-03-22,True,140.0,294.17,154.17,app
O905644,U308897,2026-03-27,True,140.0,242.79,102.79,app
O905645,U308901,2026-03-06,True,140.0,212.66,72.66,app
O905646,U308902,2026-03-09,False,0.0,322.97,322.97,app
O905647,U308909,2026-03-14,False,0.0,130.73,130.73,app
O905648,U308911,2026-03-13,False,0.0,186.18,186.18,app
O905649,U308920,2026-03-30,True,140.0,290.17,150.17,app
O905650,U308921,2026-03-09,True,140.0,281.85,141.85,app
O905651,U308922,2026-03-08,False,0.0,230.17,230.17,app
O905652,U308922,2026-03-02,False,0.0,274.14,274.14,app
O905653,U308923,2026-03-02,False,0.0,166.03,166.03,app
O905654,U308925,2026-03-25,True,140.0,283.69,143.69,app
O905655,U308926,2026-03-12,True,103.04,147.2,44.16,app
O905656,U308934,2026-03-16,True,140.0,236.36,96.36,app
O905657,U308940,2026-03-20,True,140.0,214.29,74.29,app
O905658,U308942,2026-03-25,True,140.0,317.26,177.26,app
O905659,U308944,2026-03-04,True,135.03,192.9,57.87,app
O905660,U308944,2026-03-25,True,140.0,292.73,152.73,app
O905661,U308945,2026-03-23,True,140.0,260.13,120.13,app
O905662,U308950,2026-03-11,True,123.3,176.15,52.84,app
O905663,U308951,2026-03-06,False,0.0,230.36,230.36,app
O905664,U308953,2026-03-19,False,0.0,174.82,174.82,app
O905665,U308954,2026-03-24,True,137.42,196.31,58.89,app
O905666,U308957,2026-03-18,True,140.0,204.86,64.86,app
O905667,U308959,2026-03-07,False,0.0,290.11,290.11,app
O905668,U308959,2026-03-05,False,0.0,263.54,263.54,app
O905669,U308961,2026-03-22,True,140.0,265.62,125.62,app
O905670,U308964,2026-03-19,False,0.0,137.97,137.97,app
O905671,U308965,2026-03-08,False,0.0,178.35,178.35,app
O905672,U308966,2026-03-04,True,140.0,230.37,90.37,app
O905673,U308966,2026-03-27,True,140.0,357.66,217.66,app
O905674,U308967,2026-03-08,True,115.11,164.44,49.33,
O905675,U308967,2026-03-07,True,111.43,159.19,47.76,app
O905676,U308968,2026-03-25,False,0.0,237.75,237.75,app
O905677,U308969,2026-03-28,True,81.98,117.11,35.13,app
O905678,U308970,2026-03-16,True,140.0,291.41,151.41,app
O905679,U308971,2026-03-08,True,119.43,170.62,51.19,app
O905680,U308972,2026-03-03,True,140.0,209.18,69.18,web
O905681,U308973,2026-03-08,True,140.0,326.93,186.93,app
O905682,U308977,2026-03-06,False,0.0,164.27,164.27,app
O905683,U308983,2026-03-19,False,0.0,210.91,210.91,app
O905684,U308984,2026-03-08,True,140.0,274.77,134.77,app
O905685,U308986,2026-03-05,True,140.0,205.4,65.4,app
O905686,U308988,2026-03-01,True,140.0,282.27,142.27,app
O905687,U308990,2026-03-01,False,0.0,176.89,176.89,app
O905688,U308990,2026-03-10,False,0.0,319.61,319.61,app
O905689,U308990,2026-03-15,False,0.0,144.94,144.94,app
O905690,U308991,2026-03-28,False,0.0,126.29,126.29,app
O905691,U308991,2026-03-04,False,0.0,192.2,192.2,app
O905692,U308992,2026-03-06,False,0.0,175.54,175.54,app
O905693,U308998,2026-03-25,True,140.0,203.83,63.83,app
O900565_DUP,U300903,2026-03-17,True,140.0,266.28,126.28,app
O904109_DUP,U306442,2026-03-03,True,109.28,156.12,46.84,app
O901538_DUP,U302398,2026-03-16,True,140.0,288.62,148.62,app
O905118_DUP,U308088,2026-03-20,False,0.0,258.68,258.68,app
O902640_DUP,U304153,2026-03-24,False,0.0,187.54,187.54,app
O905551_DUP,U308767,2026-03-08,False,0.0,328.37,328.37,web
O900052_DUP,U300090,2026-03-18,False,0.0,99.39,99.39,web
O901445_DUP,U302273,2026-03-07,True,120.0,171.43,51.43,web
O904563_DUP,U307169,2026-03-11,False,0.0,199.68,199.68,
O900946_DUP,U301506,2026-03-22,True,132.93,189.9,56.97,app
O902045_DUP,U303247,2026-03-05,True,140.0,259.3,119.3,web
O904210_DUP,U306608,2026-03-28,True,140.0,201.01,61.01,app
O904277_DUP,U306716,2026-03-15,True,115.98,165.68,49.71,app
O902968_DUP,U304655,2026-03-15,False,0.0,144.66,144.66,app
O904274_DUP,U306712,2026-03-05,False,0.0,245.9,245.9,app
O902423_DUP,U303795,2026-03-11,True,140.0,215.04,75.04,app
O901226_DUP,U301919,2026-03-22,False,0.0,227.67,227.67,app
O903751_DUP,U305898,2026-03-10,False,0.0,201.26,201.26,app
O902361_DUP,U303706,2026-03-11,True,140.0,203.22,63.22,app
O903946_DUP,U306174,2026-03-30,True,140.0,314.61,174.61,app
O903810_DUP,U305993,2026-03-09,True,71.17,101.68,30.5,web
O902262_DUP,U303554,2026-03-04,False,0.0,179.23,179.23,app
O905412_DUP,U308515,2026-03-01,False,0.0,176.42,176.42,app
O902801_DUP,U304406,2026-03-05,True,140.0,252.63,112.63,app
O900542_DUP,U300868,2026-03-07,True,140.0,253.99,113.99,app
O902442_DUP,U303823,2026-03-19,True,140.0,266.47,126.47,app
O904746_DUP,U307451,2026-03-04,False,0.0,147.69,147.69,app
O903648_DUP,U305702,2026-03-13,True,140.0,245.81,105.81,app
O903056_DUP,U304808,2026-03-16,True,140.0,281.26,141.26,app
O902651_DUP,U304176,2026-03-12,True,140.0,247.03,107.03,app
O902198_DUP,U303465,2026-03-15,True,117.09,167.27,50.18,app
O905353_DUP,U308434,2026-03-25,True,140.0,201.52,61.52,
O902537_DUP,U303982,2026-03-07,False,0.0,195.89,195.89,app
O902676_DUP,U304206,2026-03-23,True,140.0,201.76,61.76,app
O902597_DUP,U304105,2026-03-03,True,140.0,279.97,139.97,app
O901560_DUP,U302430,2026-03-29,False,0.0,216.86,216.86,app
O905627_DUP,U308883,2026-03-16,False,0.0,232.03,232.03,app
O900316_DUP,U300535,2026-03-20,True,74.73,106.75,32.03,app
O900154_DUP,U300265,2026-03-29,True,140.0,222.8,82.8,app
O902258_DUP,U303545,2026-03-27,True,140.0,335.16,195.16,web
O902872_DUP,U304503,2026-03-24,True,140.0,260.71,120.71,app
O900768_DUP,U301208,2026-03-29,True,140.0,281.18,141.18,app
O903720_DUP,U305844,2026-03-11,True,140.0,294.86,154.86,app
O900387_DUP,U300664,2026-03-06,False,0.0,217.86,217.86,app
O904489_DUP,U307046,2026-03-30,True,110.42,157.74,47.32,app
O901191_DUP,U301864,2026-03-03,True,97.41,139.15,41.75,app
O903626_DUP,U305676,2026-03-21,True,140.0,226.27,86.27,app
O904540_DUP,U307127,2026-03-14,False,0.0,275.03,275.03,app
O900527_DUP,U300837,2026-03-01,True,140.0,221.02,81.02,app
O903876_DUP,U306080,2026-03-21,False,0.0,301.44,301.44,app
O901361_DUP,U302148,2026-03-01,False,0.0,247.08,247.08,app
O903132_DUP,U304955,2026-03-21,True,69.3,99.0,29.7,app
O900337_DUP,U300569,2026-03-02,True,140.0,311.4,171.4,app
O904721_DUP,U307418,2026-03-08,True,140.0,238.67,98.67,app
O905409_DUP,U308512,2026-03-27,True,127.8,182.57,54.77,app
O904050_DUP,U306343,2026-03-09,False,0.0,218.2,218.2,app
O903908_DUP,U306113,2026-03-20,True,140.0,216.28,76.28,app
O903055_DUP,U304807,2026-03-22,True,123.72,176.75,53.02,app
O900844_DUP,U301329,2026-03-18,True,136.81,195.44,58.63,app
O903032_DUP,U304766,2026-03-29,True,140.0,276.61,136.61,app
O902151_DUP,U303404,2026-03-15,True,135.06,192.94,57.88,app
O901942_DUP,U303092,2026-03-03,True,69.3,99.0,29.7,app
O904902_DUP,U307710,2026-03-02,False,0.0,196.09,196.09,app
O902835_DUP,U304451,2026-03-03,True,81.71,116.73,35.02,app
O904743_DUP,U307447,2026-03-26,False,0.0,105.92,105.92,app
O902369_DUP,U303717,2026-03-15,True,137.08,195.83,58.75,app
O905249_DUP,U308283,2026-03-06,True,140.0,216.34,76.34,app
O900034_DUP,U300056,2026-03-27,False,0.0,251.78,251.78,app
