user_id,segment,predicted_uplift
U300000,lapsed,0.26151261183603186
U300001,lapsed,0.2617632717273365
U300002,lapsed,0.2582547679670765
U300003,new,0.22759105381186867
U300004,lapsed,0.26228906941907176
U300005,high_frequency,0.02891733760385995
U300006,active,0.08367014915155169
U300007,new,0.23196342468830272
U300008,high_frequency,0.030926665479670268
U300009,lapsed,0.25807275065022584
U300010,new,0.23196342468830272
U300011,lapsed,0.2639252762368399
U300012,high_frequency,0.02945129865296303
U300013,active,0.08355061506908323
U300014,high_frequency,0.029458826206618105
U300015,lapsed,0.26257031192254804
U300016,active,0.08369152730758678
U300017,new,0.23071458292338445
U300018,high_frequency,0.030256126359079483
U300019,active,0.08331057120194474
U300020,active,0.08356148714634082
U300021,lapsed,0.2572335985509402
U300022,active,0.08380726498322422
U300023,new,0.23196342468830272
U300024,active,0.08407733479165991
U300025,active,0.08342914842471127
U300026,lapsed,0.2613370224288255
U300027,lapsed,0.2646943161555474
U300028,active,0.08341966789649757
U300029,new,0.23196342468830272
U300030,lapsed,0.2607699502682421
U300031,new,0.23196342468830272
U300032,lapsed,0.26178511918222575
U300033,active,0.08396395577932703
U300034,lapsed,0.26271906318711924
U300035,active,0.08309310347234244
U300036,active,0.08360042626980158
U300037,new,0.22759105381186867
U300038,lapsed,0.2621613605364568
U300039,active,0.08419078139993952
U300040,new,0.23196342468830272
U300041,new,0.23071458292338445
U300042,high_frequency,0.028520858690659012
U300043,lapsed,0.2622979442578022
U300044,lapsed,0.2606729469078156
U300045,active,0.0834561910498236
U300046,high_frequency,0.030355542565301596
U300047,active,0.0835443953795777
U300048,lapsed,0.26739824541170576
U300049,new,0.23196342468830272
U300050,lapsed,0.26027650626091786
U300051,high_frequency,0.03012350207404524
U300052,lapsed,0.2562709319834415
U300053,new,0.23071458292338445
U300054,lapsed,0.26174619244643144
U300055,active,0.08358806453355094
U300056,high_frequency,0.029051750096312112
U300057,new,0.23071458292338445
U300058,new,0.23071458292338445
U300059,new,0.23071458292338445
U300060,active,0.08379675777425377
U300061,high_frequency,0.02928602281131687
U300062,lapsed,0.2567783284072409
U300063,lapsed,0.26049316810875556
U300064,new,0.23071458292338445
U300065,new,0.23196342468830272
U300066,active,0.08296628242852
U300067,lapsed,0.26330323843588277
U300068,lapsed,0.2653953412213382
U300069,lapsed,0.2664867407116368
U300070,active,0.08357079352393715
U300071,new,0.23196342468830272
U300072,active,0.08354750586726234
U300073,active,0.08321159843391845
U300074,lapsed,0.26247952825401033
U300075,high_frequency,0.028920694010264425
U300076,high_frequency,0.029985873982078193
U300077,new,0.23071458292338445
U300078,lapsed,0.2628685614664845
U300079,new,0.23196342468830272
U300080,new,0.23196342468830272
U300081,lapsed,0.2622849731284278
U300082,active,0.08308322683929237
U300083,high_frequency,0.029184499645771855
U300084,lapsed,0.2626351539717574
U300085,lapsed,0.2610296004737425
U300086,lapsed,0.2642859933426355
U300087,high_frequency,0.02928602281131687
U300088,high_frequency,0.029990937003138596
U300089,new,0.23196342468830272
U300090,high_frequency,0.029954344101715158
U300091,active,0.08329452660565928
U300092,active,0.08347191149011213
U300093,high_frequency,0.02945129865296303
U300094,high_frequency,0.02981680460921088
U300095,lapsed,0.2602176811454851
U300096,lapsed,0.2588164940785728
U300097,new,0.23071458292338445
U300098,active,0.08356148714634082
U300099,high_frequency,0.02968271636452058
U300100,high_frequency,0.030798919251162293
U300101,active,0.08391223972823014
U300102,lapsed,0.2631975313652205
U300103,new,0.23196342468830272
U300104,lapsed,0.262133407588334
U300105,active,0.08355838244664582
U300106,new,0.23196342468830272
U300107,new,0.23196342468830272
U300108,lapsed,0.2552619872829178
U300109,active,0.08317883684430072
U300110,lapsed,0.26664872238872817
U300111,active,0.08356459055925669
U300112,lapsed,0.26263314641219904
U300113,active,0.08371915537120167
U300114,lapsed,0.26139990731296786
U300115,new,0.22759105381186867
U300116,lapsed,0.26670043000196736
U300117,lapsed,0.25780858750232144
U300118,new,0.23196342468830272
U300119,lapsed,0.26269798567808433
U300120,lapsed,0.264052825843991
U300121,high_frequency,0.029284340767163797
U300122,new,0.23196342468830272
U300123,active,0.08319185617377223
U300124,high_frequency,0.029823550767518747
U300125,high_frequency,0.029185388819804703
U300126,lapsed,0.2637111019495557
U300127,active,0.08347819070124207
U300128,lapsed,0.2584655396167287
U300129,active,0.08295291948927519
U300130,active,0.08343072739454005
U300131,lapsed,0.2655227425248913
U300132,high_frequency,0.029853377397188186
U300133,new,0.23071458292338445
U300134,lapsed,0.2618629697422049
U300135,high_frequency,0.02892405049263269
U300136,active,0.0833332277183032
U300137,active,0.08440319513513717
U300138,lapsed,0.25761764209729193
U300139,new,0.22759105381186867
U300140,high_frequency,0.029555449025301828
U300141,active,0.08330736482261925
U300142,lapsed,0.26494231728048667
U300143,lapsed,0.2628555953709637
U300144,new,0.22759105381186867
U300145,new,0.22759105381186867
U300146,active,0.08333482593327524
U300147,lapsed,0.26238673112547684
U300148,active,0.08330094825365275
U300149,active,0.08309639317117479
U300150,new,0.23196342468830272
U300151,active,0.08378773889816904
U300152,high_frequency,0.030256126359079483
U300153,new,0.23071458292338445
U300154,lapsed,0.260685931106455
U300155,active,0.08358032797834425
U300156,high_frequency,0.029990044320556075
U300157,high_frequency,0.02914726052027461
U300158,active,0.08330094825365275
U300159,high_frequency,0.029455458936417434
U300160,active,0.08360197003660197
U300161,lapsed,0.264461222254183
U300162,active,0.0839383048434883
U300163,active,0.08358961087830341
U300164,new,0.23196342468830272
U300165,active,0.08356148714634082
U300166,active,0.08414868333314851
U300167,new,0.22759105381186867
U300168,new,0.23071458292338445
U300169,new,0.23196342468830272
U300170,high_frequency,0.029187861778183333
U300171,active,0.08406580720033818
U300172,high_frequency,0.02915398333606256
U300173,active,0.08343861744982106
U300174,lapsed,0.26153169675068333
U300175,active,0.08395299905616238
U300176,lapsed,0.2644045664396689
U300177,active,0.08395153111107001
U300178,high_frequency,0.029818491130710778
U300179,active,0.08321322059095682
U300180,new,0.23196342468830272
U300181,active,0.08308157963498397
U300182,new,0.23071458292338445
U300183,active,0.08394124630988209
U300184,active,0.08308322683929237
U300185,lapsed,0.2596290348900125
U300186,high_frequency,0.029985873982078193
U300187,new,0.23071458292338445
U300188,lapsed,0.2633141938303662
U300189,high_frequency,0.029017012176674517
U300190,lapsed,0.2569351891847772
U300191,active,0.08356459055925669
U300192,active,0.08429380090453131
U300193,high_frequency,0.028883518004450215
U300194,active,0.08381326193716632
U300195,lapsed,0.2631926755847894
U300196,active,0.08332018271678132
U300197,lapsed,0.2587515070125971
U300198,lapsed,0.2644414151739448
U300199,lapsed,0.26260235212267674
U300200,active,0.08346719871926589
U300201,active,0.08383971159863146
U300202,new,0.23071458292338445
U300203,lapsed,0.2540834573817731
U300204,new,0.23196342468830272
U300205,active,0.0835630390136588
U300206,lapsed,0.26147367839584607
U300207,active,0.08346562715531136
U300208,active,0.08329773806442975
U300209,active,0.083455449731075
U300210,active,0.08342440959814412
U300211,lapsed,0.26486263510482266
U300212,active,0.08309310347234244
U300213,active,0.0838382186142882
U300214,high_frequency,0.03012350207404524
U300215,active,0.08402720465333602
U300216,active,0.08500739621296738
U300217,high_frequency,0.029054221008190773
U300218,high_frequency,0.029287704871694964
U300219,lapsed,0.2613438934462387
U300220,active,0.08379375278418222
U300221,active,0.08404025090556577
U300222,active,0.08406147890810844
U300223,high_frequency,0.02892237224195926
U300224,new,0.23196342468830272
U300225,high_frequency,0.028883518004450215
U300226,active,0.08395886755501325
U300227,new,0.22759105381186867
U300228,high_frequency,0.028750145696427865
U300229,lapsed,0.26478010225346493
U300230,new,0.23196342468830272
U300231,active,0.0834228293503475
U300232,new,0.23196342468830272
U300233,lapsed,0.2625962490860503
U300234,high_frequency,0.030124297455892846
U300235,active,0.08450111051782372
U300236,active,0.08307333890590185
U300237,new,0.23196342468830272
U300238,new,0.23196342468830272
U300239,new,0.23196342468830272
U300240,lapsed,0.25832865932467364
U300241,active,0.08382397569618427
U300242,active,0.08371995871045901
U300243,active,0.08266933195206683
U300244,active,0.08333482593327524
U300245,lapsed,0.2623607902924218
U300246,active,0.08294623053592565
U300247,active,0.083954466673127
U300248,high_frequency,0.02945714256406573
U300249,high_frequency,0.030529977643373396
U300250,active,0.08360351348104444
U300251,active,0.0832002344885654
U300252,active,0.08317068951034601
U300253,active,0.08403735404476198
U300254,high_frequency,0.03009026822117733
U300255,active,0.08382925385811135
U300256,active,0.08372067407111006
U300257,high_frequency,0.02945377532368676
U300258,lapsed,0.2634519131319432
U300259,new,0.23071458292338445
U300260,active,0.08393977574064004
U300261,high_frequency,0.029148941198326672
U300262,lapsed,0.2654131298021857
U300263,active,0.08381176318735883
U300264,active,0.08359270260131679
U300265,lapsed,0.2641503647610604
U300266,lapsed,0.25719046525312733
U300267,new,0.22759105381186867
U300268,active,0.08402720465333602
U300269,lapsed,0.2640855934689984
U300270,new,0.23071458292338445
U300271,active,0.08355838244664582
U300272,lapsed,0.2663445120929591
U300273,active,0.08331537838889769
U300274,lapsed,0.2633352622133002
U300275,new,0.23071458292338445
U300276,high_frequency,0.02918618070348311
U300277,lapsed,0.2643139033885701
U300278,high_frequency,0.02865735674641634
U300279,active,0.0846208362280535
U300280,active,0.084502448149686
U300281,active,0.08393141117138792
U300282,new,0.23071458292338445
U300283,active,0.08406292200213494
U300284,active,0.08367014915155169
U300285,high_frequency,0.029552080088029453
U300286,new,0.23071458292338445
U300287,new,0.22759105381186867
U300288,lapsed,0.261211331539284
U300289,high_frequency,0.030390492995727825
U300290,active,0.08294121054820414
U300291,high_frequency,0.028788963805384538
U300292,lapsed,0.2613021895268789
U300293,lapsed,0.26403987088217973
U300294,lapsed,0.2624924976911416
U300295,active,0.08381326193716632
U300296,lapsed,0.252637181701235
U300297,lapsed,0.2565831875195421
U300298,high_frequency,0.029317452666006938
U300299,high_frequency,0.02968777296222025
U300300,lapsed,0.25788459903456373
U300301,high_frequency,0.03009026822117733
U300302,new,0.23071458292338445
U300303,new,0.23071458292338445
U300304,active,0.08380126281763667
U300305,new,0.23196342468830272
U300306,lapsed,0.26257031192254804
U300307,new,0.23196342468830272
U300308,high_frequency,0.028783933818262497
U300309,new,0.23196342468830272
U300310,lapsed,0.26086970931712206
U300311,new,0.22759105381186867
U300312,high_frequency,0.02905510946488299
U300313,active,0.0834228293503475
U300314,active,0.08321646395697502
U300315,active,0.08371692068085634
U300316,lapsed,0.26162739756364684
U300317,high_frequency,0.028783933818262497
U300318,lapsed,0.26478495223235143
U300319,new,0.23071458292338445
U300320,active,0.08359424797952708
U300321,active,0.08380276384753882
U300322,active,0.0835443953795777
U300323,high_frequency,0.03025781556099949
U300324,lapsed,0.2599278225096614
U300325,lapsed,0.25746158402928876
U300326,active,0.08355216918773123
U300327,active,0.08358961087830341
U300328,active,0.08391223972823014
U300329,active,0.08318534903349584
U300330,lapsed,0.2612899672375627
U300331,active,0.08304169643963644
U300332,lapsed,0.25897656464862695
U300333,active,0.08305823012341063
U300334,lapsed,0.26214838823391123
U300335,new,0.22759105381186867
U300336,high_frequency,0.029187861778183333
U300337,new,0.23196342468830272
U300338,active,0.08334121561298902
U300339,lapsed,0.26442236914466477
U300340,active,0.08329773806442975
U300341,new,0.23196342468830272
U300342,new,0.22759105381186867
U300343,active,0.08383971159863146
U300344,active,0.08370090568560073
U300345,high_frequency,0.030526596866604083
U300346,lapsed,0.2586995158751675
U300347,active,0.08334281223774365
U300348,lapsed,0.26443532031141515
U300349,active,0.08356924326547444
U300350,active,0.08391961991224872
U300351,high_frequency,0.029416479061492695
U300352,high_frequency,0.02985754555567166
U300353,new,0.23071458292338445
U300354,active,0.08427989606300101
U300355,lapsed,0.2612640081343126
U300356,active,0.08267966634413104
U300357,active,0.08346248306704818
U300358,new,0.23071458292338445
U300359,high_frequency,0.02998924931875624
U300360,new,0.23071458292338445
U300361,lapsed,0.254226678603209
U300362,new,0.23071458292338445
U300363,active,0.08450779530458985
U300364,high_frequency,0.029553764549590356
U300365,new,0.23071458292338445
U300366,lapsed,0.260512264715834
U300367,active,0.0845091312500682
U300368,high_frequency,0.029148941198326672
U300369,active,0.08393683361845139
U300370,active,0.08394565604990778
U300371,high_frequency,0.02891733760385995
U300372,new,0.23071458292338445
U300373,active,0.0837039505408369
U300374,high_frequency,0.028885195812469955
U300375,active,0.08356769268518982
U300376,lapsed,0.259499112350133
U300377,high_frequency,0.029191223978497605
U300378,lapsed,0.259434147749791
U300379,high_frequency,0.02878728712302414
U300380,lapsed,0.26485169256116586
U300381,lapsed,0.26125914612979884
U300382,new,0.23196342468830272
U300383,high_frequency,0.02852253203999533
U300384,active,0.08294957563606398
U300385,active,0.0839603338592253
U300386,active,0.08371003636274554
U300387,active,0.08416147817876984
U300388,high_frequency,0.030357232243972687
U300389,lapsed,0.2606550988493712
U300390,active,0.08394271655119012
U300391,new,0.23071458292338445
U300392,lapsed,0.26174619244643144
U300393,lapsed,0.2605642057672042
U300394,high_frequency,0.030256126359079483
U300395,lapsed,0.26041935970000213
U300396,active,0.08341966789649757
U300397,lapsed,0.2645259748266598
U300398,new,0.23071458292338445
U300399,active,0.08317557885688798
U300400,lapsed,0.2658918491738505
U300401,lapsed,0.26440256146714647
U300402,high_frequency,0.02982186420987809
U300403,new,0.23071458292338445
U300404,high_frequency,0.028746793283698335
U300405,active,0.08356769268518982
U300406,new,0.23196342468830272
U300407,active,0.0839500628378741
U300408,lapsed,0.2618110698009629
U300409,active,0.08318209356990736
U300410,active,0.08428824297180049
U300411,high_frequency,0.029548711207413314
U300412,active,0.08309474847880127
U300413,high_frequency,0.028883518004450215
U300414,active,0.08335397970216274
U300415,new,0.23071458292338445
U300416,active,0.08371763634701335
U300417,lapsed,0.2643118982756626
U300418,active,0.08406292200213494
U300419,active,0.08405425848968096
U300420,lapsed,0.26251843622421667
U300421,high_frequency,0.030256126359079483
U300422,lapsed,0.25758752039675636
U300423,lapsed,0.26139580868043405
U300424,active,0.08307663613893557
U300425,lapsed,0.2572404841015746
U300426,lapsed,0.2603994986600896
U300427,new,0.23071458292338445
U300428,high_frequency,0.029686087416538554
U300429,active,0.08309803754943601
U300430,active,0.08331057120194474
U300431,active,0.08318209356990736
U300432,lapsed,0.2598929610857836
U300433,active,0.08308322683929237
U300434,lapsed,0.26468136761399363
U300435,active,0.08343704007803243
U300436,active,0.08407301442061055
U300437,active,0.08404748728972622
U300438,new,0.22759105381186867
U300439,new,0.23196342468830272
U300440,lapsed,0.2593103270188707
U300441,new,0.23196342468830272
U300442,lapsed,0.2655037130557307
U300443,high_frequency,0.02971758187480611
U300444,high_frequency,0.029184499645771855
U300445,new,0.23196342468830272
U300446,active,0.08309310347234244
U300447,lapsed,0.25386210495765005
U300448,active,0.0839559339619399
U300449,active,0.08333802140921909
U300450,high_frequency,0.029148941198326672
U300451,new,0.23196342468830272
U300452,high_frequency,0.029993419710054203
U300453,lapsed,0.2561928624508075
U300454,new,0.23071458292338445
U300455,active,0.08344177123431618
U300456,active,0.08295291948927519
U300457,high_frequency,0.03012350207404524
U300458,new,0.23071458292338445
U300459,high_frequency,0.030489944549935033
U300460,new,0.23196342468830272
U300461,active,0.08342756913535176
U300462,new,0.23071458292338445
U300463,high_frequency,0.029458826206618105
U300464,high_frequency,0.03062776961003255
U300465,active,0.08290741224825438
U300466,lapsed,0.2664806561896408
U300467,new,0.23071458292338445
U300468,lapsed,0.26155765153979804
U300469,active,0.08342124878312329
U300470,lapsed,0.2641762723842488
U300471,active,0.0839269919068315
U300472,lapsed,0.26131592592653835
U300473,active,0.0834813283849174
U300474,active,0.08345776453415266
U300475,active,0.08343388437550237
U300476,active,0.08316579732593232
U300477,active,0.0840679285098549
U300478,lapsed,0.2631456782647029
U300479,lapsed,0.26243174527038526
U300480,new,0.22759105381186867
U300481,lapsed,0.26455997397827535
U300482,new,0.23071458292338445
U300483,lapsed,0.26443532031141515
U300484,lapsed,0.25544420458429357
U300485,lapsed,0.26338710827912654
U300486,lapsed,0.25654004308855816
U300487,active,0.08356614178310862
U300488,high_frequency,0.03009195652051555
U300489,high_frequency,0.02985675096894569
U300490,active,0.08370475559471102
U300491,active,0.08329934331774758
U300492,high_frequency,0.029722639277911966
U300493,lapsed,0.26093948474426065
U300494,new,0.22759105381186867
U300495,active,0.08359270260131679
U300496,new,0.23196342468830272
U300497,active,0.0845051224016915
U300498,active,0.08383373770393465
U300499,new,0.23071458292338445
U300500,lapsed,0.2592892063147245
U300501,active,0.08448411507976017
U300502,high_frequency,0.028788963805384538
U300503,lapsed,0.2591154076545982
U300504,active,0.08359424797952708
U300505,active,0.08381176318735883
U300506,new,0.23071458292338445
U300507,active,0.0834750517362387
U300508,lapsed,0.2612311830547004
U300509,new,0.23071458292338445
U300510,lapsed,0.26260235212267674
U300511,active,0.08380876471036303
U300512,new,0.23071458292338445
U300513,new,0.22759105381186867
U300514,active,0.08382247927814479
U300515,lapsed,0.26604907010318585
U300516,active,0.08356459055925669
U300517,lapsed,0.26763075048376705
U300518,active,0.0828257760635831
U300519,active,0.08341966789649757
U300520,high_frequency,0.03075717514619425
U300521,high_frequency,0.029287704871694964
U300522,active,0.08283255393077948
U300523,active,0.08347348177330294
U300524,lapsed,0.2603804008205279
U300525,active,0.08345776453415266
U300526,active,0.08369000240049962
U300527,high_frequency,0.029150621893650364
U300528,lapsed,0.25921048205538727
U300529,high_frequency,0.028654006616229744
U300530,active,0.08427989606300101
U300531,lapsed,0.256153826852902
U300532,active,0.08359733776922829
U300533,lapsed,0.2634587744031232
U300534,active,0.08333961867013884
U300535,new,0.23196342468830272
U300536,high_frequency,0.029418162340384968
U300537,high_frequency,0.03009195652051555
U300538,new,0.23196342468830272
U300539,high_frequency,0.029421528943775588
U300540,active,0.08318046536484303
U300541,new,0.23071458292338445
U300542,active,0.08471603414777817
U300543,new,0.23196342468830272
U300544,active,0.08342598952648761
U300545,high_frequency,0.029853377397188186
U300546,active,0.08342124878312329
U300547,lapsed,0.2603674084308113
U300548,active,0.08358578917984738
U300549,new,0.23196342468830272
U300550,high_frequency,0.029419845634483632
U300551,high_frequency,0.029454665849425687
U300552,new,0.23071458292338445
U300553,active,0.08309639317117479
U300554,active,0.08379375278418222
U300555,lapsed,0.26257031192254804
U300556,active,0.0832961324937248
U300557,new,0.23196342468830272
U300558,active,0.08358961087830341
U300559,lapsed,0.25715144469928297
U300560,high_frequency,0.02945209172588581
U300561,new,0.22759105381186867
U300562,lapsed,0.25595175173214135
U300563,lapsed,0.2600317372734039
U300564,active,0.08296628242852
U300565,active,0.08406360167384985
U300566,new,0.23071458292338445
U300567,active,0.08296628242852
U300568,lapsed,0.2649662047674849
U300569,active,0.08334919555528542
U300570,lapsed,0.2663574427027519
U300571,lapsed,0.26448227255993206
U300572,new,0.23071458292338445
U300573,active,0.08406292200213494
U300574,active,0.08309474847880127
U300575,active,0.08282068941092924
U300576,lapsed,0.26210135733874684
U300577,new,0.22759105381186867
U300578,active,0.083906329686664
U300579,lapsed,0.2652448857717445
U300580,active,0.0832261864686612
U300581,new,0.23196342468830272
U300582,high_frequency,0.029722639277911966
U300583,high_frequency,0.028883518004450215
U300584,active,0.0836050566031038
U300585,high_frequency,0.02928602281131687
U300586,active,0.0838322434147909
U300587,new,0.23196342468830272
U300588,lapsed,0.2630808592073605
U300589,new,0.23196342468830272
U300590,active,0.0834609105427907
U300591,lapsed,0.26258328056152913
U300592,active,0.08371611699857007
U300593,new,0.23071458292338445
U300594,high_frequency,0.02945714256406573
U300595,active,0.08367014915155169
U300596,active,0.08383892194237186
U300597,active,0.08429657786840283
U300598,high_frequency,0.03119573486966365
U300599,active,0.08321808516590212
U300600,active,0.08304335121796691
U300601,lapsed,0.26289449330679426
U300602,high_frequency,0.03026030049635675
U300603,lapsed,0.26128510531054294
U300604,high_frequency,0.028520858690659012
U300605,active,0.08360124286766069
U300606,active,0.08344177123431618
U300607,new,0.23196342468830272
U300608,active,0.08322456684044732
U300609,active,0.08309639317117479
U300610,high_frequency,0.029823550767518747
U300611,high_frequency,0.029013653630993286
U300612,new,0.23196342468830272
U300613,lapsed,0.2640916899673392
U300614,high_frequency,0.02971758187480611
U300615,high_frequency,0.02879064050771485
U300616,active,0.08417804830314901
U300617,lapsed,0.26464252119589926
U300618,lapsed,0.2637159559043333
U300619,new,0.23071458292338445
U300620,new,0.23071458292338445
U300621,lapsed,0.2643446594160096
U300622,active,0.08378773889816904
U300623,lapsed,0.26282765553887877
U300624,new,0.23071458292338445
U300625,new,0.23071458292338445
U300626,lapsed,0.25929121789586757
U300627,active,0.08355993495732794
U300628,active,0.08414868333314851
U300629,lapsed,0.26290745905136353
U300630,new,0.23071458292338445
U300631,new,0.23196342468830272
U300632,active,0.0828257760635831
U300633,lapsed,0.2586085282311948
U300634,active,0.0846195288760524
U300635,active,0.08391666882120352
U300636,lapsed,0.2613500014487598
U300637,high_frequency,0.029419845634483632
U300638,active,0.08428824297180049
U300639,lapsed,0.25841765256303617
U300640,active,0.08343230604481233
U300641,active,0.08355993495732794
U300642,lapsed,0.2631975313652205
U300643,active,0.08320510664618486
U300644,lapsed,0.26027851086664866
U300645,active,0.0834609105427907
U300646,lapsed,0.2644632271354209
U300647,active,0.0832961324937248
U300648,active,0.08414156348688395
U300649,new,0.23071458292338445
U300650,active,0.08329452660565928
U300651,lapsed,0.259297333000031
U300652,new,0.23071458292338445
U300653,lapsed,0.26266108998791865
U300654,high_frequency,0.028788173982393972
U300655,high_frequency,0.028524205411251558
U300656,active,0.08335557378121572
U300657,active,0.08355372298483676
U300658,active,0.0834561910498236
U300659,lapsed,0.2612919765477062
U300660,high_frequency,0.03012350207404524
U300661,lapsed,0.26375482982996795
U300662,lapsed,0.26233685697318976
U300663,lapsed,0.264461222254183
U300664,active,0.0829612736655767
U300665,new,0.23071458292338445
U300666,high_frequency,0.028389521045385835
U300667,active,0.08355993495732794
U300668,active,0.08379375278418222
U300669,active,0.08371003636274554
U300670,lapsed,0.25903542857307643
U300671,active,0.08347662137889356
U300672,active,0.0839617998351887
U300673,active,0.08344019450192408
U300674,lapsed,0.26105556327813223
U300675,active,0.08395886755501325
U300676,high_frequency,0.02958771754631262
U300677,high_frequency,0.02982017766427092
U300678,high_frequency,0.030926665479670268
U300679,active,0.0833507905891715
U300680,active,0.08405859173032482
U300681,lapsed,0.2647351654386333
U300682,lapsed,0.2617591681325758
U300683,active,0.0835443953795777
U300684,active,0.08441000193586456
U300685,new,0.23071458292338445
U300686,high_frequency,0.02971758187480611
U300687,new,0.23071458292338445
U300688,high_frequency,0.02981680460921088
U300689,active,0.0842910226056024
U300690,lapsed,0.26297228601395956
U300691,new,0.22759105381186867
U300692,active,0.08307498767930088
U300693,active,0.08356924326547444
U300694,lapsed,0.25704537910571645
U300695,new,0.23196342468830272
U300696,high_frequency,0.029550395640632887
U300697,high_frequency,0.029853377397188186
U300698,active,0.08367320705715509
U300699,new,0.23071458292338445
U300700,active,0.0839255181632157
U300701,active,0.08371540117967768
U300702,lapsed,0.26297228601395956
U300703,high_frequency,0.029052541324424586
U300704,lapsed,0.2626870255436079
U300705,lapsed,0.2630739960802313
U300706,high_frequency,0.02945377532368676
U300707,lapsed,0.26258328056152913
U300708,active,0.08440864124701675
U300709,new,0.23071458292338445
U300710,active,0.08343072739454005
U300711,lapsed,0.26013975365991476
U300712,active,0.08381026411174952
U300713,active,0.08307498767930088
U300714,lapsed,0.26033456598072163
U300715,high_frequency,0.0297234334043619
U300716,active,0.0841401385238103
U300717,high_frequency,0.030222878289700272
U300718,lapsed,0.25752660949204265
U300719,active,0.08342914842471127
U300720,active,0.08343861744982106
U300721,new,0.23071458292338445
U300722,lapsed,0.26215935233851195
U300723,high_frequency,0.030222878289700272
U300724,lapsed,0.2602655236323049
U300725,new,0.22759105381186867
U300726,high_frequency,0.029818491130710778
U300727,active,0.08381326193716632
U300728,lapsed,0.2652918076713267
U300729,active,0.08345776453415266
U300730,active,0.08369000240049962
U300731,active,0.08406869107858295
U300732,new,0.23071458292338445
U300733,lapsed,0.26338710827912654
U300734,active,0.08440319513513717
U300735,lapsed,0.2634826890055686
U300736,active,0.08416812619917313
U300737,high_frequency,0.02865735674641634
U300738,lapsed,0.26698477886606176
U300739,lapsed,0.2548714863955109
U300740,active,0.0839617998351887
U300741,high_frequency,0.029950969213676015
U300742,lapsed,0.26269999314850134
U300743,lapsed,0.2640548313533744
U300744,new,0.23071458292338445
U300745,active,0.08282747099504506
U300746,new,0.23196342468830272
U300747,new,0.23071458292338445
U300748,lapsed,0.2655227425248913
U300749,active,0.08345230150110139
U300750,high_frequency,0.029455458936417434
U300751,high_frequency,0.02835082211795359
U300752,new,0.23196342468830272
U300753,active,0.0840228499733936
U300754,lapsed,0.26031136026365664
U300755,active,0.08332018271678132
U300756,high_frequency,0.029725119237093867
U300757,high_frequency,0.028788963805384538
U300758,high_frequency,0.028482118767797604
U300759,lapsed,0.25528801898017306
U300760,active,0.08383892194237186
U300761,active,0.08404025090556577
U300762,new,0.23071458292338445
U300763,lapsed,0.26365926812671064
U300764,new,0.23196342468830272
U300765,active,0.08358032797834425
U300766,new,0.23196342468830272
U300767,new,0.22759105381186867
U300768,lapsed,0.2636531696587521
U300769,active,0.08379976146210522
U300770,lapsed,0.2648059971781297
U300771,active,0.08334919555528542
U300772,active,0.08380726498322422
U300773,high_frequency,0.030124297455892846
U300774,active,0.08344334764697148
U300775,active,0.08371155700795929
U300776,high_frequency,0.03039556252219422
U300777,active,0.08335397970216274
U300778,lapsed,0.2607398768916642
U300779,high_frequency,0.02968271636452058
U300780,active,0.08370090568560073
U300781,active,0.0839617998351887
U300782,lapsed,0.26465061965837855
U300783,lapsed,0.2550468350186115
U300784,active,0.08307498767930088
U300785,active,0.08418512556536406
U300786,active,0.08356924326547444
U300787,lapsed,0.260895674605109
U300788,lapsed,0.26255734316921664
U300789,active,0.08322132663546011
U300790,new,0.23071458292338445
U300791,lapsed,0.25895057212810985
U300792,active,0.08371003636274554
U300793,lapsed,0.26272592801183714
U300794,active,0.08322780578065314
U300795,active,0.08369152730758678
U300796,active,0.08367014915155169
U300797,active,0.08341966789649757
U300798,lapsed,0.2652898041175832
U300799,new,0.23071458292338445
U300800,new,0.23071458292338445
U300801,active,0.08341966789649757
U300802,lapsed,0.25725349054502455
U300803,active,0.08343230604481233
U300804,high_frequency,0.028620250699035177
U300805,new,0.23071458292338445
U300806,active,0.0842733719181078
U300807,high_frequency,0.029050861658659666
U300808,high_frequency,0.029818491130710778
U300809,new,0.22759105381186867
U300810,active,0.08329773806442975
U300811,active,0.08307333890590185
U300812,active,0.0837039505408369
U300813,high_frequency,0.028389521045385835
U300814,lapsed,0.26615053541355327
U300815,active,0.08366861971352402
U300816,active,0.08329452660565928
U300817,high_frequency,0.029020370795432182
U300818,active,0.08334281223774365
U300819,high_frequency,0.02865233158257441
U300820,high_frequency,0.02945714256406573
U300821,high_frequency,0.028520858690659012
U300822,new,0.23071458292338445
U300823,active,0.08321322059095682
U300824,high_frequency,0.029552080088029453
U300825,active,0.08332018271678132
U300826,high_frequency,0.029985873982078193
U300827,active,0.08416670742883325
U300828,lapsed,0.26488852832590337
U300829,new,0.23196342468830272
U300830,lapsed,0.2609476039770274
U300831,active,0.0835459507841404
U300832,high_frequency,0.02892237224195926
U300833,lapsed,0.2631716050538479
U300834,lapsed,0.2653484233182122
U300835,lapsed,0.25100197886952447
U300836,high_frequency,0.0300885799317121
U300837,new,0.23071458292338445
U300838,lapsed,0.26263314641219904
U300839,high_frequency,0.029318245159578593
U300840,new,0.22759105381186867
U300841,active,0.08295459094821556
U300842,active,0.08427850374403201
U300843,lapsed,0.26303711003273433
U300844,active,0.0833057611566278
U300845,active,0.08321970605873918
U300846,lapsed,0.2624276493707505
U300847,new,0.22759105381186867
U300848,lapsed,0.2664160086792222
U300849,new,0.23071458292338445
U300850,new,0.23071458292338445
U300851,lapsed,0.25844365180726164
U300852,active,0.0833057611566278
U300853,active,0.08368542573652948
U300854,active,0.08330415717311879
U300855,lapsed,0.2674757527424436
U300856,high_frequency,0.029284340767163797
U300857,high_frequency,0.03053246432459522
U300858,lapsed,0.26141489498516834
U300859,new,0.22759105381186867
U300860,high_frequency,0.02995771903364275
U300861,new,0.22759105381186867
U300862,high_frequency,0.02915230260623325
U300863,active,0.08367779148905352
U300864,lapsed,0.26389936369976386
U300865,new,0.23071458292338445
U300866,new,0.23196342468830272
U300867,lapsed,0.26096058606852834
U300868,active,0.08379224980087552
U300869,active,0.08320185885693998
U300870,lapsed,0.25757862856018937
U300871,lapsed,0.2571624380602079
U300872,active,0.08367014915155169
U300873,high_frequency,0.02914726052027461
U300874,active,0.08358806453355094
U300875,high_frequency,0.03062946034501035
U300876,lapsed,0.26188891906296274
U300877,high_frequency,0.029956031562199614
U300878,new,0.23196342468830272
U300879,active,0.0834561910498236
U300880,new,0.23071458292338445
U300881,active,0.0833121739152265
U300882,high_frequency,0.02891733760385995
U300883,high_frequency,0.028748469479928818
U300884,high_frequency,0.030358921930328187
U300885,lapsed,0.2594861196068957
U300886,high_frequency,0.02914726052027461
U300887,lapsed,0.26231701948571806
U300888,active,0.0838374287854663
U300889,new,0.22759105381186867
U300890,lapsed,0.26294434845360426
U300891,high_frequency,0.030085203382456016
U300892,new,0.23071458292338445
U300893,active,0.08371915537120167
U300894,high_frequency,0.02914726052027461
U300895,lapsed,0.26051712887971246
U300896,lapsed,0.2637677875565252
U300897,active,0.08342598952648761
U300898,new,0.23196342468830272
U300899,lapsed,0.26491442101063273
U300900,lapsed,0.2600427213339987
U300901,high_frequency,0.028655681670848088
U300902,lapsed,0.25599767898391407
U300903,lapsed,0.26164848996277756
U300904,lapsed,0.2610754107697184
U300905,new,0.23071458292338445
U300906,active,0.08384041477302873
U300907,lapsed,0.2648318915692729
U300908,new,0.23071458292338445
U300909,high_frequency,0.02901869147692515
U300910,high_frequency,0.0293249747300246
U300911,active,0.08368237300854264
U300912,active,0.08333482593327524
U300913,high_frequency,0.029686087416538554
U300914,active,0.08360042626980158
U300915,lapsed,0.25412864565585624
U300916,lapsed,0.26092163949203373
U300917,high_frequency,0.029416479061492695
U300918,active,0.08335557378121572
U300919,lapsed,0.26442437408640346
U300920,high_frequency,0.029686087416538554
U300921,high_frequency,0.029020370795432182
U300922,active,0.08366708995204575
U300923,active,0.08355061506908323
U300924,lapsed,0.2640289213421928
U300925,lapsed,0.26735948964194606
U300926,active,0.08472628069797261
U300927,lapsed,0.2580926353912873
U300928,active,0.08290068947482865
U300929,lapsed,0.2652788653574333
U300930,lapsed,0.2657576384985351
U300931,high_frequency,0.030523216114935248
U300932,high_frequency,0.030125985951295897
U300933,new,0.23071458292338445
U300934,new,0.23071458292338445
U300935,active,0.08334121561298902
U300936,active,0.08342598952648761
U300937,new,0.23196342468830272
U300938,active,0.0835443953795777
U300939,lapsed,0.2665384557814686
U300940,new,0.23196342468830272
U300941,lapsed,0.2655227425248913
U300942,lapsed,0.26444342008604516
U300943,new,0.23071458292338445
U300944,lapsed,0.26521415172861273
U300945,active,0.08404025090556577
U300946,new,0.22759105381186867
U300947,active,0.08393899776735203
U300948,high_frequency,0.0299926246981983
U300949,high_frequency,0.029280976727585895
U300950,lapsed,0.25950322134320275
U300951,new,0.22759105381186867
U300952,active,0.08317557885688798
U300953,new,0.23196342468830272
U300954,high_frequency,0.030126879065403123
U300955,new,0.23196342468830272
U300956,lapsed,0.2606100345699418
U300957,lapsed,0.26147978590615323
U300958,high_frequency,0.029322499797363566
U300959,high_frequency,0.029449615077149383
U300960,new,0.22759105381186867
U300961,high_frequency,0.02905758042967721
U300962,active,0.08359733776922829
U300963,lapsed,0.26602119948532615
U300964,high_frequency,0.02785399266676225
U300965,new,0.23196342468830272
U300966,new,0.23071458292338445
U300967,active,0.08371540117967768
U300968,lapsed,0.26456482479923976
U300969,lapsed,0.2555572226220313
U300970,lapsed,0.26454501931920216
U300971,active,0.08342124878312329
U300972,lapsed,0.2659435910172855
U300973,active,0.08381326193716632
U300974,lapsed,0.2638216230769007
U300975,lapsed,0.2643378026920802
U300976,active,0.08346719871926589
U300977,active,0.08451313706235297
U300978,new,0.23196342468830272
U300979,new,0.23071458292338445
U300980,lapsed,0.2657576384985351
U300981,high_frequency,0.02852253203999533
U300982,lapsed,0.2621873048087465
U300983,active,0.08427197803725917
U300984,lapsed,0.2615904758666494
U300985,lapsed,0.26510859896024275
U300986,active,0.0839269919068315
U300987,lapsed,0.26681676336293153
U300988,active,0.08403735404476198
U300989,lapsed,0.25519001641785843
U300990,high_frequency,0.03022456732140355
U300991,lapsed,0.26569779698218743
U300992,high_frequency,0.029956031562199614
U300993,lapsed,0.2620227620408989
U300994,active,0.08345776453415266
U300995,high_frequency,0.029414795797820248
U300996,active,0.0842951895533608
U300997,new,0.23196342468830272
U300998,high_frequency,0.028783933818262497
U300999,active,0.08355216918773123
U301000,high_frequency,0.02865735674641634
U301001,lapsed,0.2625423666180014
U301002,active,0.0831739493900705
U301003,lapsed,0.2589854507077948
U301004,active,0.08356459055925669
U301005,active,0.08305162041031244
U301006,lapsed,0.25525787094444213
U301007,active,0.08416670742883325
U301008,active,0.08440047006562112
U301009,new,0.23196342468830272
U301010,active,0.08334919555528542
U301011,lapsed,0.25734453367939003
U301012,active,0.08355216918773123
U301013,active,0.08309803754943601
U301014,active,0.08308816656872098
U301015,high_frequency,0.029553764549590356
U301016,new,0.23071458292338445
U301017,lapsed,0.26820571329322107
U301018,new,0.23071458292338445
U301019,new,0.23196342468830272
U301020,high_frequency,0.029050861658659666
U301021,active,0.08355061506908323
U301022,active,0.08379375278418222
U301023,high_frequency,0.030392182830492942
U301024,active,0.08342756913535176
U301025,active,0.08334281223774365
U301026,high_frequency,0.03026119399033811
U301027,high_frequency,0.028748469479928818
U301028,high_frequency,0.028524205411251558
U301029,new,0.23196342468830272
U301030,lapsed,0.2600686930334061
U301031,high_frequency,0.029187861778183333
U301032,new,0.23071458292338445
U301033,active,0.08405425848968096
U301034,active,0.08369866527379388
U301035,high_frequency,0.02982186420987809
U301036,new,0.23196342468830272
U301037,active,0.08333003033448916
U301038,new,0.23071458292338445
U301039,lapsed,0.2562380208310963
U301040,lapsed,0.26057518652289796
U301041,active,0.0832961324937248
U301042,high_frequency,0.02931992752825574
U301043,high_frequency,0.029419845634483632
U301044,new,0.23071458292338445
U301045,lapsed,0.2632315642887349
U301046,high_frequency,0.03009026822117733
U301047,lapsed,0.26229107744450575
U301048,new,0.22759105381186867
U301049,new,0.23071458292338445
U301050,new,0.23071458292338445
U301051,active,0.08329292040025926
U301052,active,0.08366708995204575
U301053,high_frequency,0.030129362970836127
U301054,high_frequency,0.030758866254005812
U301055,high_frequency,0.029414795797820248
U301056,lapsed,0.2637888489607648
U301057,lapsed,0.2546302718888387
U301058,new,0.22759105381186867
U301059,active,0.0840715736366785
U301060,high_frequency,0.029954344101715158
U301061,active,0.08359270260131679
U301062,high_frequency,0.02838784947800177
U301063,lapsed,0.26436370659100283
U301064,lapsed,0.2633611854883187
U301065,high_frequency,0.029318245159578593
U301066,lapsed,0.26290545186905295
U301067,lapsed,0.2620056856179659
U301068,lapsed,0.2614607003720846
U301069,lapsed,0.2644414151739448
U301070,active,0.08358342356661452
U301071,active,0.08404169884162849
U301072,active,0.08335557378121572
U301073,new,0.22759105381186867
U301074,lapsed,0.26564604435589295
U301075,lapsed,0.2600625804477585
U301076,high_frequency,0.028520858690659012
U301077,lapsed,0.2635815136870329
U301078,lapsed,0.25579559273357333
U301079,active,0.08359424797952708
U301080,new,0.22759105381186867
U301081,high_frequency,0.029416479061492695
U301082,active,0.0838382186142882
U301083,high_frequency,0.02905510946488299
U301084,active,0.0834813283849174
U301085,high_frequency,0.029550395640632887
U301086,active,0.08371611699857007
U301087,active,0.0833137763108861
U301088,new,0.23196342468830272
U301089,high_frequency,0.029987561645064997
U301090,lapsed,0.2583396529211892
U301091,lapsed,0.2671786109358035
U301092,active,0.08333482593327524
U301093,lapsed,0.25998464625329243
U301094,new,0.23196342468830272
U301095,active,0.08346719871926589
U301096,high_frequency,0.0298541719728298
U301097,active,0.08356614178310862
U301098,active,0.08394928607898444
U301099,active,0.0834609105427907
U301100,high_frequency,0.02915398333606256
U301101,active,0.08343230604481233
U301102,active,0.08403300628221866
U301103,lapsed,0.26545195203034566
U301104,high_frequency,0.029187861778183333
U301105,high_frequency,0.029052541324424586
U301106,new,0.23196342468830272
U301107,new,0.23196342468830272
U301108,active,0.08359579303550613
U301109,new,0.22759105381186867
U301110,new,0.23196342468830272
U301111,high_frequency,0.0309300484198215
U301112,active,0.08320673006700241
U301113,high_frequency,0.028751821933183597
U301114,high_frequency,0.02985754555567166
U301115,active,0.08343861744982106
U301116,active,0.08317068951034601
U301117,high_frequency,0.029550395640632887
U301118,new,0.23196342468830272
U301119,new,0.23071458292338445
U301120,new,0.23196342468830272
U301121,new,0.22759105381186867
U301122,active,0.08393683361845139
U301123,new,0.23071458292338445
U301124,lapsed,0.25938217448320877
U301125,lapsed,0.2630610318495228
U301126,active,0.08303838594332846
U301127,new,0.23071458292338445
U301128,active,0.08380876471036303
U301129,active,0.0833460045328619
U301130,lapsed,0.2629962089206016
U301131,active,0.08404459372495576
U301132,high_frequency,0.029191223978497605
U301133,active,0.08329452660565928
U301134,new,0.23196342468830272
U301135,new,0.22759105381186867
U301136,high_frequency,0.029455458936417434
U301137,active,0.08419078139993952
U301138,active,0.08333961867013884
U301139,high_frequency,0.029458826206618105
U301140,new,0.23196342468830272
U301141,high_frequency,0.029858437772463664
U301142,high_frequency,0.029017012176674517
U301143,high_frequency,0.0292826587392494
U301144,active,0.08366708995204575
U301145,high_frequency,0.029421528943775588
U301146,high_frequency,0.02914726052027461
U301147,new,0.23196342468830272
U301148,lapsed,0.25934730293949015
U301149,new,0.23196342468830272
U301150,active,0.08293953659573472
U301151,high_frequency,0.029191223978497605
U301152,new,0.23071458292338445
U301153,high_frequency,0.029555449025301828
U301154,high_frequency,0.028750145696427865
U301155,high_frequency,0.02999510742079614
U301156,new,0.23196342468830272
U301157,active,0.08342598952648761
U301158,lapsed,0.2634519131319432
U301159,lapsed,0.2642280860938124
U301160,active,0.0833507905891715
U301161,lapsed,0.2680637111093958
U301162,new,0.23071458292338445
U301163,lapsed,0.26267405782337705
U301164,active,0.08355993495732794
U301165,active,0.08356924326547444
U301166,high_frequency,0.0293249747300246
U301167,high_frequency,0.02892405049263269
U301168,lapsed,0.256010691638347
U301169,high_frequency,0.02982186420987809
U301170,active,0.08394124630988209
U301171,new,0.22759105381186867
U301172,high_frequency,0.02981680460921088
U301173,lapsed,0.26182814837276575
U301174,high_frequency,0.028123939149161337
U301175,high_frequency,0.030392978849149488
U301176,lapsed,0.25721035760162836
U301177,lapsed,0.2585435346168363
U301178,active,0.08305492589373986
U301179,new,0.23071458292338445
U301180,new,0.23071458292338445
U301181,high_frequency,0.028654006616229744
U301182,high_frequency,0.03079553684280545
U301183,lapsed,0.26719153184711336
U301184,active,0.08393683361845139
U301185,active,0.0837952554419833
U301186,new,0.22759105381186867
U301187,active,0.08356924326547444
U301188,new,0.23196342468830272
U301189,lapsed,0.2558736732931278
U301190,lapsed,0.25545721969352747
U301191,active,0.08384120425671304
U301192,active,0.08309310347234244
U301193,lapsed,0.2616744428403379
U301194,lapsed,0.2612721257718804
U301195,active,0.08307004041791655
U301196,new,0.23196342468830272
U301197,high_frequency,0.028751821933183597
U301198,new,0.23071458292338445
U301199,active,0.08303838594332846
U301200,high_frequency,0.029985873982078193
U301201,new,0.23071458292338445
U301202,active,0.08343072739454005
U301203,active,0.08404459372495576
U301204,active,0.0841472600265214
U301205,new,0.23071458292338445
U301206,high_frequency,0.029719267662997373
U301207,high_frequency,0.03012012512109874
U301208,new,0.23196342468830272
U301209,lapsed,0.2602594117181877
U301210,active,0.08357877970119143
U301211,new,0.23071458292338445
U301212,active,0.0835630390136588
U301213,lapsed,0.25585453585435197
U301214,active,0.08308652030618746
U301215,high_frequency,0.029187861778183333
U301216,lapsed,0.26264611449557823
U301217,high_frequency,0.02999173200996963
U301218,high_frequency,0.029956031562199614
U301219,lapsed,0.2631667491838664
U301220,high_frequency,0.029416479061492695
U301221,lapsed,0.26226513495532683
U301222,new,0.22759105381186867
U301223,active,0.08357959868470555
U301224,active,0.08345933769848368
U301225,high_frequency,0.028881840215698618
U301226,lapsed,0.2606100345699418
U301227,active,0.0833507905891715
U301228,active,0.0842910226056024
U301229,high_frequency,0.02985675096894569
U301230,active,0.08382476707748254
U301231,lapsed,0.26557041429209155
U301232,active,0.08355838244664582
U301233,lapsed,0.26331620043219267
U301234,high_frequency,0.029191223978497605
U301235,lapsed,0.2630630388128973
U301236,high_frequency,0.028613552392224628
U301237,active,0.08358032797834425
U301238,new,0.22759105381186867
U301239,new,0.23196342468830272
U301240,new,0.23071458292338445
U301241,active,0.08395740092257675
U301242,new,0.23196342468830272
U301243,new,0.23196342468830272
U301244,active,0.08356769268518982
U301245,high_frequency,0.029553764549590356
U301246,active,0.08393683361845139
U301247,high_frequency,0.029823550767518747
U301248,active,0.08294623053592565
U301249,high_frequency,0.02852253203999533
U301250,high_frequency,0.029055900709946014
U301251,high_frequency,0.029855064177182644
U301252,lapsed,0.2648905325314413
U301253,active,0.08357877970119143
U301254,active,0.08355527646037475
U301255,lapsed,0.2569673327758143
U301256,active,0.08308981251727554
U301257,high_frequency,0.029555449025301828
U301258,active,0.08335397970216274
U301259,new,0.23196342468830272
U301260,new,0.22759105381186867
U301261,active,0.08356924326547444
U301262,high_frequency,0.028881840215698618
U301263,lapsed,0.2605771907865803
U301264,active,0.08307498767930088
U301265,lapsed,0.26505682114967144
U301266,high_frequency,0.028487137349579084
U301267,active,0.08366708995204575
U301268,lapsed,0.25630996591246225
U301269,new,0.23071458292338445
U301270,active,0.08357079352393715
U301271,active,0.08345461724552194
U301272,active,0.08320673006700241
U301273,active,0.0838352316669152
U301274,active,0.08346248306704818
U301275,new,0.23196342468830272
U301276,high_frequency,0.030085203382456016
U301277,lapsed,0.26473316098522337
U301278,new,0.23196342468830272
U301279,lapsed,0.26147091228398145
U301280,new,0.22759105381186867
U301281,active,0.08342914842471127
U301282,new,0.23196342468830272
U301283,high_frequency,0.029317452666006938
U301284,active,0.08322132663546011
U301285,lapsed,0.2630739960802313
U301286,lapsed,0.265250976699899
U301287,new,0.23071458292338445
U301288,high_frequency,0.029015332894692936
U301289,new,0.23196342468830272
U301290,new,0.23196342468830272
U301291,active,0.08391371642004286
U301292,active,0.083676263668655
U301293,high_frequency,0.029421528943775588
U301294,lapsed,0.26344581374024534
U301295,high_frequency,0.029552080088029453
U301296,active,0.08344019450192408
U301297,active,0.08331057120194474
U301298,active,0.08428128804843671
U301299,active,0.08331537838889769
U301300,active,0.0844059188623294
U301301,new,0.23196342468830272
U301302,lapsed,0.2615884669297592
U301303,new,0.23071458292338445
U301304,new,0.23071458292338445
U301305,high_frequency,0.03026119399033811
U301306,lapsed,0.26473316098522337
U301307,active,0.08428267970031533
U301308,lapsed,0.26743092051559925
U301309,active,0.08322456684044732
U301310,new,0.23071458292338445
U301311,active,0.08334440854437652
U301312,new,0.23071458292338445
U301313,active,0.08343546238658428
U301314,new,0.23071458292338445
U301315,active,0.0834797597032586
U301316,lapsed,0.26618324726241
U301317,lapsed,0.26559428948003716
U301318,high_frequency,0.029191223978497605
U301319,lapsed,0.2548865131152477
U301320,lapsed,0.2653872476235957
U301321,lapsed,0.2649940998767463
U301322,high_frequency,0.02982017766427092
U301323,lapsed,0.26231701948571806
U301324,lapsed,0.2665513841784453
U301325,high_frequency,0.02968945852099969
U301326,lapsed,0.26290545186905295
U301327,high_frequency,0.029280976727585895
U301328,lapsed,0.2635604490653005
U301329,new,0.22759105381186867
U301330,high_frequency,0.02981680460921088
U301331,lapsed,0.26245158123221185
U301332,active,0.0833057611566278
U301333,lapsed,0.26620911197769026
U301334,active,0.08369305189084775
U301335,high_frequency,0.028520858690659012
U301336,active,0.08383294735750346
U301337,lapsed,0.26174418370782615
U301338,active,0.08355372298483676
U301339,lapsed,0.26223107938985724
U301340,new,0.23071458292338445
U301341,new,0.23196342468830272
U301342,active,0.08333482593327524
U301343,active,0.08317557885688798
U301344,lapsed,0.25936029662291504
U301345,active,0.08372371049798699
U301346,lapsed,0.2562709319834415
U301347,active,0.08320835317191488
U301348,lapsed,0.2622720018871133
U301349,active,0.0832961324937248
U301350,active,0.0834228293503475
U301351,new,0.23071458292338445
U301352,active,0.08482068927092168
U301353,active,0.0838382186142882
U301354,new,0.23196342468830272
U301355,lapsed,0.26387345066015977
U301356,new,0.23196342468830272
U301357,active,0.08383145289584937
U301358,active,0.08317231960788107
U301359,high_frequency,0.029322499797363566
U301360,active,0.08417096274478408
U301361,new,0.22759105381186867
U301362,active,0.08307663613893557
U301363,active,0.08380576493035741
U301364,new,0.23071458292338445
U301365,high_frequency,0.03009026822117733
U301366,new,0.23196342468830272
U301367,active,0.08428267970031533
U301368,new,0.23071458292338445
U301369,active,0.08371155700795929
U301370,new,0.23196342468830272
U301371,active,0.08384489130726258
U301372,lapsed,0.26342599155551627
U301373,active,0.0832002344885654
U301374,lapsed,0.2659565261205166
U301375,high_frequency,0.029187861778183333
U301376,lapsed,0.2669072364299734
U301377,new,0.23071458292338445
U301378,high_frequency,0.02918618070348311
U301379,high_frequency,0.02905758042967721
U301380,high_frequency,0.03012181359276367
U301381,active,0.08381026411174952
U301382,high_frequency,0.02968777296222025
U301383,active,0.08428128804843671
U301384,active,0.08406648656117943
U301385,active,0.08333003033448916
U301386,lapsed,0.26505882508388867
U301387,active,0.0835630390136588
U301388,active,0.08344334764697148
U301389,active,0.08370475559471102
U301390,new,0.23071458292338445
U301391,lapsed,0.2620835250615518
U301392,lapsed,0.26294635558141055
U301393,active,0.08309639317117479
U301394,high_frequency,0.028785610460645983
U301395,lapsed,0.26116627628646016
U301396,active,0.08330094825365275
U301397,lapsed,0.26221324863657164
U301398,active,0.08280371377915852
U301399,new,0.23196342468830272
U301400,active,0.08429796584963467
U301401,lapsed,0.2572083440798488
U301402,active,0.08344019450192408
U301403,new,0.23196342468830272
U301404,active,0.08359115690090058
U301405,active,0.08290909216405529
U301406,active,0.08344019450192408
U301407,new,0.23196342468830272
U301408,active,0.08383892194237186
U301409,active,0.08345461724552194
U301410,active,0.08395740092257675
U301411,lapsed,0.26290745905136353
U301412,high_frequency,0.029054221008190773
U301413,active,0.08368389953438671
U301414,active,0.08439501590034171
U301415,lapsed,0.26114232471516585
U301416,lapsed,0.2572335985509402
U301417,active,0.08356924326547444
U301418,active,0.08304831367334298
U301419,new,0.22759105381186867
U301420,lapsed,0.2621873048087465
U301421,active,0.08380726498322422
U301422,high_frequency,0.030526596866604083
U301423,active,0.08344649951296823
U301424,active,0.08331057120194474
U301425,high_frequency,0.029184499645771855
U301426,new,0.23071458292338445
U301427,active,0.08426779439439147
U301428,active,0.08296294356518163
U301429,active,0.08369305189084775
U301430,lapsed,0.2642491401890568
U301431,lapsed,0.25867351981393005
U301432,lapsed,0.25910728021479046
U301433,active,0.08345461724552194
U301434,active,0.08296461315283832
U301435,new,0.23071458292338445
U301436,new,0.23196342468830272
U301437,new,0.23196342468830272
U301438,lapsed,0.26006182279194556
U301439,active,0.08342756913535176
U301440,active,0.08428407101861402
U301441,lapsed,0.26353452953519996
U301442,lapsed,0.26039338130538675
U301443,lapsed,0.2593951679316158
U301444,active,0.0833332277183032
U301445,lapsed,0.2659177203814469
U301446,new,0.23196342468830272
U301447,lapsed,0.25790372107625215
U301448,active,0.08332018271678132
U301449,new,0.22759105381186867
U301450,lapsed,0.26042547105975244
U301451,high_frequency,0.02915398333606256
U301452,new,0.23196342468830272
U301453,new,0.23071458292338445
U301454,active,0.08344019450192408
U301455,active,0.08439910702754805
U301456,new,0.23071458292338445
U301457,active,0.08320673006700241
U301458,active,0.08367014915155169
U301459,new,0.23071458292338445
U301460,lapsed,0.25953121193015605
U301461,new,0.22759105381186867
U301462,lapsed,0.25929121789586757
U301463,lapsed,0.26257031192254804
U301464,lapsed,0.2640657806788616
U301465,high_frequency,0.02968945852099969
U301466,high_frequency,0.029725119237093867
U301467,lapsed,0.2587296222100404
U301468,lapsed,0.2579236073331382
U301469,lapsed,0.2622849731284278
U301470,active,0.08321808516590212
U301471,lapsed,0.25270919964043487
U301472,lapsed,0.26234982765370884
U301473,lapsed,0.26325748949178873
U301474,new,0.22759105381186867
U301475,lapsed,0.25891846301440596
U301476,active,0.08344492373986401
U301477,lapsed,0.2615836059056496
U301478,high_frequency,0.029150621893650364
U301479,active,0.08367473552468052
U301480,lapsed,0.2665840845146786
U301481,new,0.23196342468830272
U301482,high_frequency,0.030256126359079483
U301483,active,0.08367931898585101
U301484,new,0.23071458292338445
U301485,active,0.08355682961431954
U301486,new,0.23196342468830272
U301487,active,0.0832961324937248
U301488,active,0.08321484243198463
U301489,high_frequency,0.02931992752825574
U301490,high_frequency,0.029956031562199614
U301491,active,0.08355682961431954
U301492,lapsed,0.2635037548220327
U301493,active,0.08316742836934499
U301494,lapsed,0.25450898707948305
U301495,high_frequency,0.029050861658659666
U301496,new,0.22759105381186867
U301497,active,0.08317557885688798
U301498,new,0.23071458292338445
U301499,new,0.22759105381186867
U301500,active,0.08383074879950836
U301501,new,0.22759105381186867
U301502,high_frequency,0.02861857609048779
U301503,lapsed,0.2645729237558546
U301504,new,0.23196342468830272
U301505,lapsed,0.26627985684684086
U301506,high_frequency,0.028785610460645983
U301507,active,0.08320348290948865
U301508,active,0.08391666882120352
U301509,lapsed,0.2615235804199063
U301510,high_frequency,0.029050861658659666
U301511,lapsed,0.2664738115742573
U301512,active,0.08347034088669192
U301513,new,0.23196342468830272
U301514,active,0.08344019450192408
U301515,active,0.082951247718549
U301516,high_frequency,0.028480445951612143
U301517,lapsed,0.26567392386816163
U301518,new,0.23196342468830272
U301519,new,0.23196342468830272
U301520,new,0.23071458292338445
U301521,active,0.08382027736271247
U301522,lapsed,0.26418437377413617
U301523,high_frequency,0.029052541324424586
U301524,active,0.08344334764697148
U301525,new,0.23071458292338445
U301526,high_frequency,0.028485464466793342
U301527,lapsed,0.26273889527006017
U301528,new,0.23071458292338445
U301529,new,0.23071458292338445
U301530,high_frequency,0.029990044320556075
U301531,high_frequency,0.029317452666006938
U301532,lapsed,0.26194081640038286
U301533,new,0.23196342468830272
U301534,lapsed,0.26300307242353993
U301535,active,0.08368389953438671
U301536,high_frequency,0.028885195812469955
U301537,new,0.23071458292338445
U301538,active,0.0832261864686612
U301539,active,0.08451180212897202
U301540,lapsed,0.25688239747443586
U301541,active,0.08382995810806937
U301542,active,0.0841472600265214
U301543,high_frequency,0.02892405049263269
U301544,active,0.08317883684430072
U301545,active,0.08317720800830686
U301546,lapsed,0.2576306464635659
U301547,active,0.08345933769848368
U301548,active,0.08330094825365275
U301549,active,0.08440183276815816
U301550,active,0.08342756913535176
U301551,new,0.23196342468830272
U301552,active,0.08439365152035261
U301553,lapsed,0.2627907631440918
U301554,active,0.08342124878312329
U301555,new,0.23196342468830272
U301556,lapsed,0.2581706439654538
U301557,high_frequency,0.02838784947800177
U301558,new,0.22759105381186867
U301559,high_frequency,0.029320817404282384
U301560,high_frequency,0.030261989719265747
U301561,lapsed,0.26449321829219347
U301562,high_frequency,0.030126879065403123
U301563,active,0.08354906062891865
U301564,lapsed,0.2652319429601089
U301565,active,0.08382626299707407
U301566,new,0.23071458292338445
U301567,high_frequency,0.029591087076400457
U301568,active,0.083906329686664
U301569,high_frequency,0.029055900709946014
U301570,active,0.08359733776922829
U301571,new,0.23196342468830272
U301572,high_frequency,0.02915398333606256
U301573,lapsed,0.2598150196609332
U301574,high_frequency,0.028482118767797604
U301575,lapsed,0.25489752124195214
U301576,high_frequency,0.029589402304420642
U301577,lapsed,0.2579886137384627
U301578,new,0.23196342468830272
U301579,high_frequency,0.029187861778183333
U301580,new,0.23071458292338445
U301581,lapsed,0.2581275282640409
U301582,new,0.23196342468830272
U301583,active,0.0835459507841404
U301584,new,0.22759105381186867
U301585,new,0.23196342468830272
U301586,high_frequency,0.029050861658659666
U301587,lapsed,0.26527077098346497
U301588,active,0.08320835317191488
U301589,active,0.08360197003660197
U301590,lapsed,0.26441551283282083
U301591,active,0.08293786233169609
U301592,new,0.23071458292338445
U301593,high_frequency,0.029416479061492695
U301594,lapsed,0.2567002738210699
U301595,active,0.08417238052000842
U301596,lapsed,0.2622570224657559
U301597,new,0.22759105381186867
U301598,lapsed,0.2594731267751352
U301599,active,0.08318046536484303
U301600,active,0.08282068941092924
U301601,lapsed,0.2612830959919134
U301602,high_frequency,0.029015332894692936
U301603,active,0.08368237300854264
U301604,new,0.23071458292338445
U301605,new,0.23196342468830272
U301606,lapsed,0.2629313830427902
U301607,lapsed,0.2637029976808352
U301608,high_frequency,0.029720061777358198
U301609,active,0.08369152730758678
U301610,high_frequency,0.029988356641826974
U301611,active,0.08333961867013884
U301612,high_frequency,0.029184499645771855
U301613,active,0.08333642383025608
U301614,new,0.23196342468830272
U301615,lapsed,0.2582876515775475
U301616,active,0.08293953659573472
U301617,lapsed,0.26471536261347056
U301618,lapsed,0.2640337741447233
U301619,high_frequency,0.029720061777358198
U301620,lapsed,0.2648367413482786
U301621,lapsed,0.26342599155551627
U301622,new,0.23071458292338445
U301623,high_frequency,0.03012181359276367
U301624,new,0.22759105381186867
U301625,new,0.23196342468830272
U301626,high_frequency,0.02968271636452058
U301627,lapsed,0.2555743531650104
U301628,active,0.08347034088669192
U301629,active,0.08345461724552194
U301630,high_frequency,0.0300885799317121
U301631,lapsed,0.2601137770785934
U301632,high_frequency,0.028920694010264425
U301633,high_frequency,0.029148941198326672
U301634,active,0.08367167826610378
U301635,high_frequency,0.027988048651750308
U301636,active,0.08307333890590185
U301637,high_frequency,0.02999510742079614
U301638,high_frequency,0.030222878289700272
U301639,active,0.0829292268819295
U301640,new,0.23071458292338445
U301641,new,0.23071458292338445
U301642,active,0.08267105511892103
U301643,lapsed,0.26351061583471397
U301644,lapsed,0.2621613605364568
U301645,high_frequency,0.02865065656989363
U301646,active,0.08367167826610378
U301647,high_frequency,0.029318245159578593
U301648,active,0.08309639317117479
U301649,active,0.0841501063084158
U301650,active,0.08369305189084775
U301651,new,0.23071458292338445
U301652,active,0.08347117167920748
U301653,active,0.08332843116569921
U301654,new,0.23071458292338445
U301655,new,0.23196342468830272
U301656,active,0.08333482593327524
U301657,active,0.08381326193716632
U301658,new,0.23071458292338445
U301659,high_frequency,0.030530773923895582
U301660,active,0.08419286008389659
U301661,active,0.0837952554419833
U301662,high_frequency,0.029418162340384968
U301663,active,0.08334281223774365
U301664,active,0.08355527646037475
U301665,lapsed,0.26508271032646447
U301666,new,0.23196342468830272
U301667,active,0.08345461724552194
U301668,high_frequency,0.030758866254005812
U301669,high_frequency,0.029318245159578593
U301670,new,0.23071458292338445
U301671,new,0.23196342468830272
U301672,high_frequency,0.029586032802089712
U301673,active,0.08306153309911057
U301674,lapsed,0.2605382354360753
U301675,active,0.0840715736366785
U301676,new,0.23196342468830272
U301677,lapsed,0.25588056241076157
U301678,lapsed,0.2636463093617557
U301679,new,0.23071458292338445
U301680,lapsed,0.264461222254183
U301681,active,0.0840715736366785
U301682,lapsed,0.26490347892013766
U301683,lapsed,0.2613110640771755
U301684,lapsed,0.26177214371121027
U301685,active,0.08392109496641742
U301686,lapsed,0.26040637350298557
U301687,new,0.23196342468830272
U301688,lapsed,0.25611479070440796
U301689,high_frequency,0.028118935892646135
U301690,lapsed,0.26627377121846424
U301691,new,0.23196342468830272
U301692,active,0.08309639317117479
U301693,lapsed,0.2571063022543636
U301694,active,0.08394712530726889
U301695,new,0.23071458292338445
U301696,lapsed,0.26380665998868946
U301697,new,0.23196342468830272
U301698,active,0.08309803754943601
U301699,active,0.08346248306704818
U301700,new,0.23071458292338445
U301701,new,0.23196342468830272
U301702,new,0.23071458292338445
U301703,lapsed,0.2561017785330501
U301704,high_frequency,0.030928356948312086
U301705,active,0.08416812619917313
U301706,active,0.08296628242852
U301707,lapsed,0.26042547105975244
U301708,lapsed,0.2674757527424436
U301709,lapsed,0.26060115629889335
U301710,new,0.23071458292338445
U301711,active,0.0838382186142882
U301712,active,0.08355216918773123
U301713,active,0.08296294356518163
U301714,high_frequency,0.02985754555567166
U301715,high_frequency,0.02945209172588581
U301716,high_frequency,0.029818491130710778
U301717,high_frequency,0.02945209172588581
U301718,active,0.08307498767930088
U301719,active,0.08322294689603815
U301720,active,0.08367320705715509
U301721,new,0.23196342468830272
U301722,high_frequency,0.03009195652051555
U301723,lapsed,0.2635604490653005
U301724,new,0.23071458292338445
U301725,lapsed,0.2672044526044529
U301726,active,0.08330736482261925
U301727,active,0.0833332277183032
U301728,lapsed,0.2598758629117305
U301729,high_frequency,0.029456349470048493
U301730,lapsed,0.2583587709864056
U301731,new,0.23196342468830272
U301732,active,0.0835459507841404
U301733,lapsed,0.2622570224657559
U301734,active,0.08451046685820318
U301735,active,0.08316905909749195
U301736,active,0.0834750517362387
U301737,active,0.0834228293503475
U301738,active,0.0828088097183568
U301739,new,0.22759105381186867
U301740,active,0.0839255181632157
U301741,active,0.08305988176802037
U301742,lapsed,0.26226513495532683
U301743,active,0.08403155636910986
U301744,active,0.08309639317117479
U301745,new,0.23196342468830272
U301746,lapsed,0.26228906941907176
U301747,new,0.22759105381186867
U301748,active,0.08417804830314901
U301749,lapsed,0.26418922600390726
U301750,lapsed,0.26133091437736494
U301751,high_frequency,0.02915398333606256
U301752,active,0.08359424797952708
U301753,new,0.22759105381186867
U301754,active,0.0832002344885654
U301755,active,0.08295626209534268
U301756,high_frequency,0.02968777296222025
U301757,new,0.23071458292338445
U301758,active,0.08343230604481233
U301759,high_frequency,0.029416479061492695
U301760,lapsed,0.2631456782647029
U301761,new,0.22759105381186867
U301762,active,0.08317557885688798
U301763,lapsed,0.26294635558141055
U301764,active,0.08372371049798699
U301765,lapsed,0.2643507547062838
U301766,lapsed,0.26233484900904624
U301767,active,0.08395886755501325
U301768,active,0.08381026411174952
U301769,new,0.23196342468830272
U301770,lapsed,0.2637957085350122
U301771,high_frequency,0.030392978849149488
U301772,high_frequency,0.029416479061492695
U301773,lapsed,0.2610254950117281
U301774,active,0.08427850374403201
U301775,new,0.22759105381186867
U301776,active,0.08290909216405529
U301777,lapsed,0.2646117722998427
U301778,active,0.0838419072774127
U301779,active,0.08358961087830341
U301780,new,0.23071458292338445
U301781,active,0.08307993211680376
U301782,active,0.08322456684044732
U301783,new,0.23071458292338445
U301784,high_frequency,0.029419845634483632
U301785,new,0.23071458292338445
U301786,active,0.08360351348104444
U301787,active,0.08309310347234244
U301788,high_frequency,0.029191223978497605
U301789,lapsed,0.26256830427427275
U301790,new,0.23071458292338445
U301791,high_frequency,0.030353852894328792
U301792,high_frequency,0.029418162340384968
U301793,lapsed,0.2652788653574333
U301794,lapsed,0.26188891906296274
U301795,high_frequency,0.030126879065403123
U301796,high_frequency,0.028219668260389796
U301797,lapsed,0.2635296749339322
U301798,active,0.08334121561298902
U301799,lapsed,0.2539272099159482
U301800,high_frequency,0.02865735674641634
U301801,active,0.08371084073093127
U301802,high_frequency,0.02891733760385995
U301803,lapsed,0.2617202407520496
U301804,active,0.08321646395697502
U301805,lapsed,0.2645061687452764
U301806,lapsed,0.26536336832727114
U301807,new,0.23071458292338445
U301808,active,0.08359270260131679
U301809,new,0.23071458292338445
U301810,active,0.08372147723883328
U301811,lapsed,0.2609196297312905
U301812,active,0.08307498767930088
U301813,lapsed,0.2628685614664845
U301814,active,0.08332843116569921
U301815,high_frequency,0.028253315354974884
U301816,lapsed,0.2592193670646318
U301817,active,0.08307004041791655
U301818,active,0.08320835317191488
U301819,high_frequency,0.02958523918876932
U301820,active,0.08355682961431954
U301821,active,0.08342756913535176
U301822,new,0.22759105381186867
U301823,active,0.08322294689603815
U301824,high_frequency,0.029054221008190773
U301825,active,0.08402575342267526
U301826,active,0.08368695161494588
U301827,new,0.23071458292338445
U301828,active,0.08382177426027715
U301829,new,0.23071458292338445
U301830,new,0.23071458292338445
U301831,lapsed,0.2640337741447233
U301832,lapsed,0.2643916149641738
U301833,high_frequency,0.029990044320556075
U301834,high_frequency,0.029020370795432182
U301835,high_frequency,0.029020370795432182
U301836,active,0.08380726498322422
U301837,active,0.08417663185507418
U301838,active,0.08344334764697148
U301839,high_frequency,0.029721747584445568
U301840,high_frequency,0.029421528943775588
U301841,high_frequency,0.028088662946947007
U301842,new,0.23071458292338445
U301843,new,0.23071458292338445
U301844,lapsed,0.259499112350133
U301845,lapsed,0.2634130305848428
U301846,high_frequency,0.02959277186223852
U301847,new,0.23071458292338445
U301848,new,0.23071458292338445
U301849,new,0.23071458292338445
U301850,new,0.22759105381186867
U301851,new,0.23071458292338445
U301852,high_frequency,0.03012519056492957
U301853,active,0.08294623053592565
U301854,high_frequency,0.030488254310500063
U301855,lapsed,0.26232187819876196
U301856,new,0.23071458292338445
U301857,high_frequency,0.029421528943775588
U301858,high_frequency,0.02878728712302414
U301859,new,0.23071458292338445
U301860,lapsed,0.25793660994821593
U301861,active,0.08331858159187133
U301862,active,0.08294623053592565
U301863,active,0.08372451332260211
U301864,active,0.08383971159863146
U301865,active,0.08402720465333602
U301866,lapsed,0.2623997013728604
U301867,new,0.23071458292338445
U301868,high_frequency,0.03012350207404524
U301869,high_frequency,0.02915398333606256
U301870,new,0.23071458292338445
U301871,active,0.0832261864686612
U301872,active,0.08359042866931832
U301873,active,0.08417379796348057
U301874,active,0.0833507905891715
U301875,new,0.23071458292338445
U301876,lapsed,0.2579756173386134
U301877,new,0.22759105381186867
U301878,high_frequency,0.029280976727585895
U301879,lapsed,0.2640855934689984
U301880,active,0.08383373770393465
U301881,lapsed,0.26617031468686614
U301882,active,0.08321808516590212
U301883,high_frequency,0.029015332894692936
U301884,new,0.23196342468830272
U301885,new,0.22759105381186867
U301886,active,0.082951247718549
U301887,lapsed,0.2617332166528863
U301888,active,0.08368847716961103
U301889,high_frequency,0.02959277186223852
U301890,new,0.23196342468830272
U301891,active,0.08383593530233657
U301892,high_frequency,0.02838784947800177
U301893,lapsed,0.2590025568319282
U301894,new,0.23196342468830272
U301895,lapsed,0.2641973273136891
U301896,new,0.22759105381186867
U301897,new,0.23071458292338445
U301898,new,0.22759105381186867
U301899,high_frequency,0.02995771903364275
U301900,active,0.08322456684044732
U301901,active,0.0833507905891715
U301902,active,0.08380576493035741
U301903,active,0.0833057611566278
U301904,active,0.08405425848968096
U301905,active,0.08394859423659895
U301906,lapsed,0.2610774203426006
U301907,lapsed,0.2637697934941283
U301908,high_frequency,0.03106626969257309
U301909,lapsed,0.2651862615945975
U301910,high_frequency,0.02982017766427092
U301911,new,0.23196342468830272
U301912,active,0.08379976146210522
U301913,active,0.0833169801492345
U301914,active,0.08330094825365275
U301915,active,0.08417804830314901
U301916,lapsed,0.2570775153569269
U301917,active,0.08321159843391845
U301918,new,0.23196342468830272
U301919,active,0.08368695161494588
U301920,high_frequency,0.02892405049263269
U301921,high_frequency,0.029686087416538554
U301922,high_frequency,0.029548711207413314
U301923,high_frequency,0.029987561645064997
U301924,active,0.08407589499812529
U301925,high_frequency,0.03012350207404524
U301926,new,0.23196342468830272
U301927,new,0.23071458292338445
U301928,high_frequency,0.028256654750399846
U301929,lapsed,0.26302414546514435
U301930,high_frequency,0.028918225262756114
U301931,active,0.083954466673127
U301932,lapsed,0.2672242132243609
U301933,lapsed,0.26060802444073977
U301934,lapsed,0.2665016711879676
U301935,high_frequency,0.029013653630993286
U301936,high_frequency,0.02999510742079614
U301937,new,0.23071458292338445
U301938,high_frequency,0.028920694010264425
U301939,active,0.08371611699857007
U301940,new,0.23196342468830272
U301941,high_frequency,0.030626078880480412
U301942,active,0.0834228293503475
U301943,lapsed,0.26260235212267674
U301944,new,0.23071458292338445
U301945,high_frequency,0.029419845634483632
U301946,active,0.083676263668655
U301947,high_frequency,0.02959277186223852
U301948,lapsed,0.26373701811724903
U301949,high_frequency,0.029586032802089712
U301950,lapsed,0.26372406009547167
U301951,high_frequency,0.028746793283698335
U301952,new,0.22759105381186867
U301953,new,0.23071458292338445
U301954,new,0.23071458292338445
U301955,high_frequency,0.029719267662997373
U301956,high_frequency,0.028520858690659012
U301957,active,0.08416005785522973
U301958,new,0.22759105381186867
U301959,active,0.08343704007803243
U301960,active,0.08295793293063014
U301961,high_frequency,0.029418162340384968
U301962,active,0.08343230604481233
U301963,active,0.08406147890810844
U301964,lapsed,0.2625504775535757
U301965,high_frequency,0.02891733760385995
U301966,active,0.08428824297180049
U301967,lapsed,0.2591592608210935
U301968,high_frequency,0.029421528943775588
U301969,active,0.0837085153934013
U301970,lapsed,0.2637827510768895
U301971,active,0.0833121739152265
U301972,lapsed,0.26083076063505095
U301973,lapsed,0.26516037459519837
U301974,new,0.23196342468830272
U301975,new,0.23071458292338445
U301976,new,0.23196342468830272
U301977,active,0.08394124630988209
U301978,lapsed,0.2599189408266709
U301979,new,0.23071458292338445
U301980,new,0.23196342468830272
U301981,lapsed,0.2622521635430235
U301982,active,0.08371611699857007
U301983,high_frequency,0.02982017766427092
U301984,high_frequency,0.02982017766427092
U301985,lapsed,0.259308321365411
U301986,active,0.08381176318735883
U301987,active,0.08305657816530809
U301988,lapsed,0.26540627893186386
U301989,new,0.23071458292338445
U301990,lapsed,0.25713643004181297
U301991,lapsed,0.26174619244643144
U301992,lapsed,0.26036129686892023
U301993,lapsed,0.2568693890747931
U301994,lapsed,0.2602956052252882
U301995,active,0.08318372145946695
U301996,new,0.23071458292338445
U301997,lapsed,0.26462472155121936
U301998,high_frequency,0.03012350207404524
U301999,lapsed,0.2642730406826699
U302000,active,0.08419078139993952
U302001,active,0.0839500628378741
U302002,high_frequency,0.030392182830492942
U302003,active,0.08379224980087552
U302004,high_frequency,0.030126879065403123
U302005,active,0.08384418859399312
U302006,lapsed,0.26114232471516585
U302007,active,0.0835630390136588
U302008,new,0.23196342468830272
U302009,active,0.08318860323485466
U302010,active,0.08317883684430072
U302011,high_frequency,0.030085203382456016
U302012,lapsed,0.2645061687452764
U302013,high_frequency,0.028916547078011723
U302014,active,0.08405425848968096
U302015,active,0.08333482593327524
U302016,lapsed,0.2603953916827306
U302017,active,0.08322132663546011
U302018,lapsed,0.254161578724067
U302019,active,0.08371236120469006
U302020,lapsed,0.2569153005318179
U302021,active,0.08381026411174952
U302022,high_frequency,0.029050861658659666
U302023,high_frequency,0.029456349470048493
U302024,active,0.08283255393077948
U302025,active,0.08343388437550237
U302026,new,0.23196342468830272
U302027,active,0.08334760020317344
U302028,lapsed,0.26442846406845716
U302029,active,0.0838382186142882
U302030,active,0.08355838244664582
U302031,new,0.22759105381186867
U302032,new,0.22759105381186867
U302033,lapsed,0.26071390921554805
U302034,high_frequency,0.029952656652202703
U302035,active,0.08303673022540481
U302036,active,0.08346876996306796
U302037,active,0.08405570323305955
U302038,active,0.08334121561298902
U302039,new,0.23196342468830272
U302040,active,0.0833137763108861
U302041,lapsed,0.2644952231234909
U302042,lapsed,0.2622181076846251
U302043,lapsed,0.2548584688960259
U302044,active,0.08391223972823014
U302045,new,0.23196342468830272
U302046,lapsed,0.26404187641120713
U302047,lapsed,0.26038928021813323
U302048,high_frequency,0.030222878289700272
U302049,new,0.23196342468830272
U302050,active,0.08368237300854264
U302051,new,0.22759105381186867
U302052,new,0.23196342468830272
U302053,high_frequency,0.029954344101715158
U302054,active,0.08358032797834425
U302055,new,0.23196342468830272
U302056,high_frequency,0.029583554464995943
U302057,active,0.08335557378121572
U302058,new,0.23071458292338445
U302059,new,0.22759105381186867
U302060,active,0.08308322683929237
U302061,high_frequency,0.02915398333606256
U302062,high_frequency,0.029418162340384968
U302063,lapsed,0.2634826890055686
U302064,active,0.08293953659573472
U302065,lapsed,0.2608437436289419
U302066,active,0.08330736482261925
U302067,active,0.08383294735750346
U302068,lapsed,0.2615515443272808
U302069,lapsed,0.2627498550137086
U302070,active,0.0832261864686612
U302071,lapsed,0.26403987088217973
U302072,lapsed,0.2582506564378292
U302073,high_frequency,0.029548711207413314
U302074,new,0.22759105381186867
U302075,high_frequency,0.029858437772463664
U302076,high_frequency,0.03026030049635675
U302077,lapsed,0.26076584417193005
U302078,lapsed,0.2592884483460559
U302079,high_frequency,0.029414795797820248
U302080,active,0.08355061506908323
U302081,lapsed,0.25955719671149424
U302082,high_frequency,0.02891733760385995
U302083,active,0.08414583638855777
U302084,lapsed,0.2652898041175832
U302085,new,0.23196342468830272
U302086,new,0.23071458292338445
U302087,active,0.08354750586726234
U302088,active,0.08293953659573472
U302089,active,0.08395153111107001
U302090,lapsed,0.2627498550137086
U302091,new,0.23196342468830272
U302092,active,0.08332843116569921
U302093,new,0.22759105381186867
U302094,high_frequency,0.02981680460921088
U302095,high_frequency,0.03009026822117733
U302096,lapsed,0.2645061687452764
U302097,new,0.23071458292338445
U302098,high_frequency,0.0297234334043619
U302099,lapsed,0.2614607003720846
U302100,active,0.0837039505408369
U302101,lapsed,0.26169428862893784
U302102,active,0.08355372298483676
U302103,lapsed,0.26051913911455926
U302104,active,0.0831739493900705
U302105,new,0.23196342468830272
U302106,new,0.23196342468830272
U302107,lapsed,0.26566098566291474
U302108,new,0.23071458292338445
U302109,high_frequency,0.02931992752825574
U302110,high_frequency,0.029317452666006938
U302111,high_frequency,0.02985675096894569
U302112,active,0.0826813876671667
U302113,lapsed,0.26195379046241396
U302114,lapsed,0.265043876357922
U302115,new,0.23196342468830272
U302116,high_frequency,0.03012350207404524
U302117,high_frequency,0.0299926246981983
U302118,new,0.23196342468830272
U302119,high_frequency,0.029182026737403333
U302120,active,0.08321484243198463
U302121,new,0.23196342468830272
U302122,lapsed,0.26698477886606176
U302123,active,0.083713077329018
U302124,lapsed,0.2626481220373422
U302125,lapsed,0.2550338182123477
U302126,active,0.08294957563606398
U302127,lapsed,0.26465547013405866
U302128,active,0.08329452660565928
U302129,high_frequency,0.02982186420987809
U302130,lapsed,0.2593042119556439
U302131,new,0.23071458292338445
U302132,lapsed,0.2597890384547998
U302133,active,0.0833460045328619
U302134,new,0.23071458292338445
U302135,active,0.08417946441937774
U302136,new,0.22759105381186867
U302137,lapsed,0.266971855506495
U302138,lapsed,0.2623607902924218
U302139,active,0.08343546238658428
U302140,active,0.08460119034366265
U302141,new,0.23071458292338445
U302142,active,0.0835443953795777
U302143,high_frequency,0.029990937003138596
U302144,high_frequency,0.02931992752825574
U302145,new,0.23196342468830272
U302146,new,0.23071458292338445
U302147,new,0.23196342468830272
U302148,active,0.08282916561675013
U302149,lapsed,0.2634000694926761
U302150,new,0.23071458292338445
U302151,lapsed,0.2524418082073069
U302152,lapsed,0.2581706439654538
U302153,new,0.23196342468830272
U302154,high_frequency,0.029552080088029453
U302155,high_frequency,0.0297234334043619
U302156,lapsed,0.26507661856352394
U302157,active,0.0839269919068315
U302158,lapsed,0.2600317372734039
U302159,new,0.23196342468830272
U302160,lapsed,0.26351671493916967
U302161,high_frequency,0.029280976727585895
U302162,new,0.23071458292338445
U302163,active,0.08367320705715509
U302164,active,0.08356769268518982
U302165,high_frequency,0.0292826587392494
U302166,new,0.23196342468830272
U302167,active,0.08395886755501325
U302168,lapsed,0.26302414546514435
U302169,lapsed,0.26112733453515624
U302170,new,0.22759105381186867
U302171,lapsed,0.2552681126496796
U302172,new,0.23196342468830272
U302173,new,0.23071458292338445
U302174,high_frequency,0.028920694010264425
U302175,active,0.08321484243198463
U302176,active,0.0833507905891715
U302177,lapsed,0.26141975652227123
U302178,active,0.08439365152035261
U302179,high_frequency,0.02985675096894569
U302180,lapsed,0.26375482982996795
U302181,active,0.08407733479165991
U302182,lapsed,0.2625054670145802
U302183,new,0.23196342468830272
U302184,high_frequency,0.02891733760385995
U302185,high_frequency,0.029458826206618105
U302186,new,0.23071458292338445
U302187,new,0.23071458292338445
U302188,lapsed,0.2639880497677392
U302189,high_frequency,0.029284340767163797
U302190,active,0.08390928536226139
U302191,active,0.08343861744982106
U302192,new,0.23196342468830272
U302193,high_frequency,0.029017012176674517
U302194,active,0.08381878013920574
U302195,high_frequency,0.028620250699035177
U302196,high_frequency,0.029187861778183333
U302197,active,0.08333003033448916
U302198,new,0.23196342468830272
U302199,active,0.08360351348104444
U302200,new,0.22759105381186867
U302201,high_frequency,0.029950969213676015
U302202,active,0.08296461315283832
U302203,lapsed,0.26760491909956075
U302204,active,0.08294455751832652
U302205,active,0.08346248306704818
U302206,active,0.08295291948927519
U302207,lapsed,0.26277779634963244
U302208,high_frequency,0.029284340767163797
U302209,new,0.23196342468830272
U302210,active,0.0833507905891715
U302211,lapsed,0.26213541582057776
U302212,new,0.23196342468830272
U302213,high_frequency,0.028485464466793342
U302214,lapsed,0.2637111019495557
U302215,active,0.08358342356661452
U302216,active,0.08333162918536596
U302217,active,0.08416147817876984
U302218,new,0.23071458292338445
U302219,lapsed,0.26104258192668506
U302220,active,0.08307333890590185
U302221,new,0.23071458292338445
U302222,active,0.08318209356990736
U302223,active,0.08317883684430072
U302224,active,0.08371003636274554
U302225,new,0.23196342468830272
U302226,active,0.08347191149011213
U302227,high_frequency,0.02931992752825574
U302228,high_frequency,0.028783933818262497
U302229,lapsed,0.2628037298223359
U302230,new,0.23071458292338445
U302231,active,0.08343072739454005
U302232,new,0.23196342468830272
U302233,active,0.084365355846446
U302234,high_frequency,0.030489944549935033
U302235,high_frequency,0.029321609912897673
U302236,high_frequency,0.02945377532368676
U302237,active,0.08322294689603815
U302238,active,0.08450378544431603
U302239,active,0.08334760020317344
U302240,active,0.08413728760403083
U302241,lapsed,0.2623757686771746
U302242,active,0.08333642383025608
U302243,lapsed,0.2652448857717445
U302244,active,0.08391814453050273
U302245,new,0.23071458292338445
U302246,high_frequency,0.030122608970086007
U302247,lapsed,0.2560428405337958
U302248,lapsed,0.2653484233182122
U302249,active,0.0838322434147909
U302250,active,0.08382846299418811
U302251,active,0.08344334764697148
U302252,high_frequency,0.02905758042967721
U302253,active,0.08303838594332846
U302254,active,0.08308487372970252
U302255,active,0.08440864124701675
U302256,active,0.08346719871926589
U302257,new,0.22759105381186867
U302258,new,0.22759105381186867
U302259,active,0.08425242870865468
U302260,lapsed,0.26304806750030924
U302261,new,0.23071458292338445
U302262,new,0.23196342468830272
U302263,new,0.23196342468830272
U302264,new,0.23196342468830272
U302265,high_frequency,0.02892237224195926
U302266,lapsed,0.2636463093617557
U302267,active,0.08345776453415266
U302268,high_frequency,0.029414795797820248
U302269,active,0.0834561910498236
U302270,active,0.08379976146210522
U302271,lapsed,0.25729250945412885
U302272,active,0.08281220546392365
U302273,active,0.08369152730758678
U302274,high_frequency,0.028885195812469955
U302275,high_frequency,0.028253315354974884
U302276,new,0.23071458292338445
U302277,lapsed,0.2643398077649634
U302278,new,0.23196342468830272
U302279,high_frequency,0.030085203382456016
U302280,high_frequency,0.029148941198326672
U302281,high_frequency,0.02981680460921088
U302282,high_frequency,0.029013653630993286
U302283,active,0.08379675777425377
U302284,high_frequency,0.030263678950644746
U302285,active,0.08318209356990736
U302286,new,0.23071458292338445
U302287,active,0.08356148714634082
U302288,new,0.23071458292338445
U302289,lapsed,0.2657576384985351
U302290,new,0.23196342468830272
U302291,active,0.0834609105427907
U302292,high_frequency,0.02968440188396737
U302293,lapsed,0.2647351654386333
U302294,active,0.08345933769848368
U302295,high_frequency,0.028788963805384538
U302296,new,0.23196342468830272
U302297,active,0.08316416596727993
U302298,high_frequency,0.0289190157975604
U302299,active,0.08295960345405051
U302300,active,0.08366861971352402
U302301,active,0.08378924285784428
U302302,high_frequency,0.03008689165213385
U302303,active,0.08378924285784428
U302304,high_frequency,0.029853377397188186
U302305,lapsed,0.25483855992323867
U302306,active,0.08395740092257675
U302307,active,0.0837145973258967
U302308,active,0.08491319513755669
U302309,active,0.082951247718549
U302310,lapsed,0.2636122866516625
U302311,active,0.08347819070124207
U302312,lapsed,0.261317935204579
U302313,active,0.08317883684430072
U302314,new,0.23071458292338445
U302315,high_frequency,0.030126879065403123
U302316,active,0.08407013252266127
U302317,new,0.23071458292338445
U302318,high_frequency,0.029853377397188186
U302319,active,0.08407589499812529
U302320,high_frequency,0.02852253203999533
U302321,new,0.23071458292338445
U302322,high_frequency,0.0297234334043619
U302323,lapsed,0.2585866419142624
U302324,lapsed,0.2649014747353675
U302325,active,0.08307168981876467
U302326,high_frequency,0.02982017766427092
U302327,active,0.08395299905616238
U302328,new,0.23071458292338445
U302329,lapsed,0.26465061965837855
U302330,active,0.08329452660565928
U302331,active,0.08347034088669192
U302332,lapsed,0.2589984467839468
U302333,lapsed,0.2628296628297391
U302334,new,0.23071458292338445
U302335,lapsed,0.2592624599288913
U302336,active,0.08334919555528542
U302337,new,0.23071458292338445
U302338,lapsed,0.2605771907865803
U302339,high_frequency,0.029013653630993286
U302340,active,0.08334760020317344
U302341,lapsed,0.2584326587481186
U302342,active,0.08394124630988209
U302343,active,0.08344649951296823
U302344,active,0.08309474847880127
U302345,lapsed,0.26301603718318556
U302346,high_frequency,0.0289190157975604
U302347,new,0.23071458292338445
U302348,lapsed,0.2662479079594152
U302349,active,0.08345933769848368
U302350,new,0.23071458292338445
U302351,active,0.08360351348104444
U302352,new,0.23071458292338445
U302353,high_frequency,0.02928602281131687
U302354,active,0.08394859423659895
U302355,high_frequency,0.029818491130710778
U302356,high_frequency,0.029548711207413314
U302357,new,0.23196342468830272
U302358,active,0.08393141117138792
U302359,high_frequency,0.028883518004450215
U302360,active,0.08335238530480604
U302361,lapsed,0.26320363184534296
U302362,new,0.23071458292338445
U302363,active,0.08342756913535176
U302364,active,0.08307004041791655
U302365,active,0.0834813283849174
U302366,active,0.0834813283849174
U302367,active,0.08322780578065314
U302368,new,0.23071458292338445
U302369,high_frequency,0.029414795797820248
U302370,active,0.08395886755501325
U302371,new,0.22759105381186867
U302372,lapsed,0.2629333901887815
U302373,new,0.23071458292338445
U302374,lapsed,0.260551220650333
U302375,high_frequency,0.02838784947800177
U302376,active,0.08294455751832652
U302377,high_frequency,0.03012519056492957
U302378,lapsed,0.26123318653581395
U302379,active,0.08329773806442975
U302380,high_frequency,0.02968271636452058
U302381,new,0.23196342468830272
U302382,active,0.08346562715531136
U302383,high_frequency,0.029952656652202703
U302384,high_frequency,0.030793845644626172
U302385,new,0.23071458292338445
U302386,active,0.0828257760635831
U302387,lapsed,0.2591065221757804
U302388,high_frequency,0.02875349819018347
U302389,new,0.23071458292338445
U302390,lapsed,0.2612660174764912
U302391,high_frequency,0.03012519056492957
U302392,active,0.08331537838889769
U302393,active,0.083676263668655
U302394,new,0.23071458292338445
U302395,lapsed,0.25499065079960037
U302396,active,0.08439228680494126
U302397,lapsed,0.2592583504221917
U302398,active,0.08372371049798699
U302399,lapsed,0.2617960858735433
U302400,active,0.08347431222704804
U302401,new,0.23071458292338445
U302402,new,0.23071458292338445
U302403,high_frequency,0.030355542565301596
U302404,new,0.23071458292338445
U302405,active,0.08344649951296823
U302406,new,0.23196342468830272
U302407,active,0.08309145815182495
U302408,active,0.08347819070124207
U302409,lapsed,0.2624856317739117
U302410,new,0.23071458292338445
U302411,active,0.08329452660565928
U302412,high_frequency,0.02995771903364275
U302413,active,0.08380126281763667
U302414,new,0.22759105381186867
U302415,active,0.08329773806442975
U302416,active,0.08341966789649757
U302417,lapsed,0.26243174527038526
U302418,new,0.23071458292338445
U302419,high_frequency,0.029416479061492695
U302420,active,0.08342598952648761
U302421,lapsed,0.2637179619189058
U302422,active,0.08394859423659895
U302423,new,0.23071458292338445
U302424,lapsed,0.2639641440982814
U302425,active,0.08334281223774365
U302426,active,0.08347662137889356
U302427,lapsed,0.2623279823647127
U302428,high_frequency,0.028258324483857677
U302429,active,0.08372371049798699
U302430,high_frequency,0.02968945852099969
U302431,active,0.0835981547080561
U302432,active,0.08308157963498397
U302433,new,0.22759105381186867
U302434,lapsed,0.2603803949160795
U302435,high_frequency,0.028785610460645983
U302436,lapsed,0.256225009240353
U302437,new,0.23196342468830272
U302438,lapsed,0.2598888529491228
U302439,active,0.08332018271678132
U302440,lapsed,0.2578907182700879
U302441,active,0.08329292040025926
U302442,lapsed,0.26281468907536243
U302443,active,0.08304169643963644
U302444,high_frequency,0.029952656652202703
U302445,active,0.08308487372970252
U302446,new,0.23071458292338445
U302447,new,0.23196342468830272
U302448,high_frequency,0.0282549850407684
U302449,active,0.08307993211680376
U302450,high_frequency,0.028750145696427865
U302451,new,0.23071458292338445
U302452,high_frequency,0.030799715914651582
U302453,new,0.23196342468830272
U302454,new,0.23071458292338445
U302455,active,0.08309474847880127
U302456,active,0.08309145815182495
U302457,lapsed,0.25774768245213797
U302458,new,0.22759105381186867
U302459,high_frequency,0.029318245159578593
U302460,high_frequency,0.02918618070348311
U302461,new,0.23196342468830272
U302462,high_frequency,0.029990937003138596
U302463,lapsed,0.26523803395279166
U302464,lapsed,0.2626542248578383
U302465,new,0.23196342468830272
U302466,high_frequency,0.03008689165213385
U302467,active,0.08439501590034171
U302468,high_frequency,0.0299926246981983
U302469,lapsed,0.26492937129477145
U302470,lapsed,0.2612202065841283
U302471,active,0.0835919745215048
U302472,active,0.08406147890810844
U302473,active,0.08358187593349364
U302474,active,0.08417663185507418
U302475,lapsed,0.25984988256177466
U302476,high_frequency,0.02995771903364275
U302477,new,0.22759105381186867
U302478,lapsed,0.2626850180553287
U302479,high_frequency,0.029052541324424586
U302480,lapsed,0.25912639704110646
U302481,lapsed,0.25963314360102413
U302482,high_frequency,0.029555449025301828
U302483,active,0.08309474847880127
U302484,active,0.08344492373986401
U302485,high_frequency,0.03025781556099949
U302486,new,0.23071458292338445
U302487,lapsed,0.2581706439654538
U302488,lapsed,0.2664738115742573
U302489,active,0.08307004041791655
U302490,new,0.23071458292338445
U302491,active,0.08402430186268639
U302492,new,0.23071458292338445
U302493,active,0.08307168981876467
U302494,lapsed,0.2618370199879138
U302495,active,0.08316416596727993
U302496,new,0.23071458292338445
U302497,lapsed,0.263575414871116
U302498,active,0.08368695161494588
U302499,high_frequency,0.02968777296222025
U302500,high_frequency,0.029287704871694964
U302501,lapsed,0.26468337214947807
U302502,active,0.08307168981876467
U302503,active,0.08370699409995175
U302504,active,0.08379074649208806
U302505,lapsed,0.26138006376019784
U302506,lapsed,0.25722059200042924
U302507,active,0.0834750517362387
U302508,active,0.08358651786666849
U302509,new,0.23071458292338445
U302510,new,0.23196342468830272
U302511,new,0.23071458292338445
U302512,active,0.08343388437550237
U302513,new,0.23071458292338445
U302514,high_frequency,0.029851690628975414
U302515,new,0.22759105381186867
U302516,active,0.08347348177330294
U302517,active,0.083593520051497
U302518,active,0.08307004041791655
U302519,lapsed,0.2656589827236415
U302520,new,0.23071458292338445
U302521,high_frequency,0.029552080088029453
U302522,new,0.22759105381186867
U302523,new,0.23071458292338445
U302524,high_frequency,0.028385390541192712
U302525,active,0.08320348290948865
U302526,active,0.08331858159187133
U302527,high_frequency,0.029416479061492695
U302528,active,0.08356148714634082
U302529,lapsed,0.2616014439139418
U302530,high_frequency,0.03079553684280545
U302531,active,0.0834228293503475
U302532,high_frequency,0.02892405049263269
U302533,active,0.08355993495732794
U302534,new,0.22759105381186867
U302535,active,0.08321970605873918
U302536,new,0.23196342468830272
U302537,new,0.23071458292338445
U302538,high_frequency,0.0300885799317121
U302539,high_frequency,0.02959029344346298
U302540,lapsed,0.2615515443272808
U302541,high_frequency,0.029860919185507595
U302542,active,0.08329934331774758
U302543,lapsed,0.25616683878018787
U302544,high_frequency,0.029455458936417434
U302545,new,0.23071458292338445
U302546,lapsed,0.26267405782337705
U302547,high_frequency,0.03009195652051555
U302548,active,0.0839500628378741
U302549,high_frequency,0.0300885799317121
U302550,high_frequency,0.02968945852099969
U302551,high_frequency,0.029017012176674517
U302552,lapsed,0.2635604490653005
U302553,active,0.08346876996306796
U302554,high_frequency,0.02958523918876932
U302555,lapsed,0.26312785868724275
U302556,active,0.0829612736655767
U302557,new,0.23196342468830272
U302558,active,0.08379976146210522
U302559,active,0.0840672493044673
U302560,active,0.08342756913535176
U302561,high_frequency,0.029954344101715158
U302562,high_frequency,0.02915398333606256
U302563,high_frequency,0.02891733760385995
U302564,high_frequency,0.02892237224195926
U302565,new,0.23071458292338445
U302566,active,0.08290405148353142
U302567,active,0.08368084615902238
U302568,active,0.08335557378121572
U302569,lapsed,0.26427504585548545
U302570,active,0.08440047006562112
U302571,high_frequency,0.0282549850407684
U302572,high_frequency,0.02928602281131687
U302573,lapsed,0.2582705395534973
U302574,high_frequency,0.02968945852099969
U302575,active,0.08440319513513717
U302576,active,0.0833169801492345
U302577,lapsed,0.2645081735563303
U302578,high_frequency,0.029818491130710778
U302579,high_frequency,0.029548711207413314
U302580,active,0.08417663185507418
U302581,high_frequency,0.030392182830492942
U302582,active,0.08333802140921909
U302583,new,0.23071458292338445
U302584,active,0.08417238052000842
U302585,lapsed,0.26156452161298016
U302586,lapsed,0.25805974883343324
U302587,lapsed,0.2635604490653005
U302588,lapsed,0.26325748949178873
U302589,lapsed,0.2548584688960259
U302590,lapsed,0.2625423666180014
U302591,lapsed,0.2664479528563755
U302592,lapsed,0.26271906318711924
U302593,active,0.08342756913535176
U302594,active,0.08321159843391845
U302595,high_frequency,0.02915230260623325
U302596,lapsed,0.2602436562183257
U302597,lapsed,0.2598758629117305
U302598,active,0.08368237300854264
U302599,lapsed,0.26311975099866547
U302600,active,0.08333961867013884
U302601,high_frequency,0.02985675096894569
U302602,high_frequency,0.028654006616229744
U302603,active,0.08281729676087757
U302604,new,0.23196342468830272
U302605,active,0.0833169801492345
U302606,lapsed,0.26041935379568476
U302607,active,0.08319185617377223
U302608,lapsed,0.26076584417193005
U302609,high_frequency,0.02959277186223852
U302610,high_frequency,0.029454665849425687
U302611,new,0.23071458292338445
U302612,active,0.08316905909749195
U302613,lapsed,0.2618629697422049
U302614,active,0.08307993211680376
U302615,high_frequency,0.03012350207404524
U302616,high_frequency,0.029456349470048493
U302617,high_frequency,0.029454665849425687
U302618,active,0.08380726498322422
U302619,lapsed,0.2645729237558546
U302620,active,0.08347902064672952
U302621,new,0.23196342468830272
U302622,lapsed,0.2661056496345778
U302623,new,0.23196342468830272
U302624,lapsed,0.2611293440448795
U302625,lapsed,0.25712954419651013
U302626,high_frequency,0.02982186420987809
U302627,lapsed,0.2594922340916882
U302628,active,0.08359424797952708
U302629,new,0.23071458292338445
U302630,lapsed,0.26590478484906266
U302631,high_frequency,0.029818491130710778
U302632,high_frequency,0.029720061777358198
U302633,active,0.08321484243198463
U302634,new,0.23071458292338445
U302635,lapsed,0.26462957212575977
U302636,active,0.08417946441937774
U302637,active,0.08367014915155169
U302638,lapsed,0.26442437408640346
U302639,active,0.08295626209534268
U302640,lapsed,0.26057107995987505
U302641,high_frequency,0.030392182830492942
U302642,new,0.23196342468830272
U302643,active,0.08316905909749195
U302644,lapsed,0.25291758684045534
U302645,active,0.08367931898585101
U302646,high_frequency,0.02851918536325504
U302647,new,0.23071458292338445
U302648,lapsed,0.25429177734167485
U302649,new,0.23071458292338445
U302650,high_frequency,0.02982017766427092
U302651,new,0.22759105381186867
U302652,active,0.08334440854437652
U302653,new,0.23071458292338445
U302654,high_frequency,0.029284340767163797
U302655,high_frequency,0.029952656652202703
U302656,lapsed,0.2627518624125068
U302657,lapsed,0.25537912820880626
U302658,active,0.08380426455178736
U302659,active,0.08360351348104444
U302660,lapsed,0.264396466420985
U302661,active,0.08391519278437543
U302662,high_frequency,0.028748469479928818
U302663,new,0.22759105381186867
U302664,lapsed,0.264396466420985
U302665,high_frequency,0.028788963805384538
U302666,lapsed,0.26508271032646447
U302667,lapsed,0.25889934419676064
U302668,high_frequency,0.029550395640632887
U302669,high_frequency,0.029280976727585895
U302670,high_frequency,0.02982186420987809
U302671,active,0.08317883684430072
U302672,active,0.08418579190278697
U302673,active,0.083713077329018
U302674,active,0.08390928536226139
U302675,high_frequency,0.02958692392644713
U302676,high_frequency,0.029686087416538554
U302677,high_frequency,0.03012519056492957
U302678,high_frequency,0.02865233158257441
U302679,active,0.08403445586587954
U302680,high_frequency,0.02982017766427092
U302681,active,0.08344019450192408
U302682,high_frequency,0.029148941198326672
U302683,active,0.08403445586587954
U302684,active,0.08391223972823014
U302685,lapsed,0.2639880497677392
U302686,lapsed,0.26376293378794635
U302687,active,0.08318046536484303
U302688,new,0.23071458292338445
U302689,lapsed,0.26139990731296786
U302690,active,0.08357079352393715
U302691,new,0.22759105381186867
U302692,active,0.08321970605873918
U302693,active,0.08382327083187535
U302694,lapsed,0.26049115784387566
U302695,active,0.0835630390136588
U302696,active,0.08292252028942637
U302697,active,0.08282916561675013
U302698,new,0.23196342468830272
U302699,lapsed,0.2627709317702501
U302700,active,0.08429241192193748
U302701,active,0.08347662137889356
U302702,lapsed,0.2641584663109512
U302703,new,0.23071458292338445
U302704,high_frequency,0.029721747584445568
U302705,lapsed,0.26289449330679426
U302706,high_frequency,0.02892405049263269
U302707,lapsed,0.2631926755847894
U302708,lapsed,0.2595831811363807
U302709,high_frequency,0.029013653630993286
U302710,active,0.08366708995204575
U302711,active,0.08368237300854264
U302712,lapsed,0.260642114417242
U302713,active,0.08407301442061055
U302714,high_frequency,0.029553764549590356
U302715,high_frequency,0.03012181359276367
U302716,high_frequency,0.02968440188396737
U302717,lapsed,0.2583197704452629
U302718,lapsed,0.262983243980511
U302719,lapsed,0.26374187197901
U302720,active,0.08428824297180049
U302721,high_frequency,0.0292826587392494
U302722,lapsed,0.26134188420036814
U302723,lapsed,0.25711653709003407
U302724,high_frequency,0.030495015307671736
U302725,active,0.0835826945763607
U302726,new,0.22759105381186867
U302727,high_frequency,0.029414795797820248
U302728,lapsed,0.26616346821099773
U302729,lapsed,0.2622849731284278
U302730,active,0.08368237300854264
U302731,active,0.08344649951296823
U302732,active,0.08394046851004089
U302733,new,0.23196342468830272
U302734,active,0.08296628242852
U302735,high_frequency,0.030124297455892846
U302736,active,0.08341966789649757
U302737,new,0.23071458292338445
U302738,active,0.08417096274478408
U302739,new,0.23071458292338445
U302740,lapsed,0.2622262203835365
U302741,active,0.08451713983794507
U302742,active,0.08304335121796691
U302743,active,0.08369000240049962
U302744,lapsed,0.2666357951119893
U302745,lapsed,0.26694600833128734
U302746,active,0.0837054724824221
U302747,high_frequency,0.03012519056492957
U302748,lapsed,0.2617591681325758
U302749,active,0.0839617998351887
U302750,high_frequency,0.030661050586911043
U302751,lapsed,0.2664806561896408
U302752,high_frequency,0.02999510742079614
U302753,active,0.08369000240049962
U302754,lapsed,0.256010691638347
U302755,new,0.23071458292338445
U302756,active,0.08382327083187535
U302757,new,0.23071458292338445
U302758,active,0.08367931898585101
U302759,active,0.08355838244664582
U302760,active,0.08357079352393715
U302761,active,0.0837085153934013
U302762,new,0.23196342468830272
U302763,high_frequency,0.028783933818262497
U302764,lapsed,0.26315378580424703
U302765,active,0.08394124630988209
U302766,active,0.08269514718271676
U302767,active,0.08418371077675357
U302768,active,0.08395299905616238
U302769,lapsed,0.26277779634963244
U302770,active,0.08355527646037475
U302771,active,0.08296294356518163
U302772,lapsed,0.26556156121492835
U302773,active,0.08316742836934499
U302774,active,0.08382027736271247
U302775,active,0.08360124286766069
U302776,high_frequency,0.029017012176674517
U302777,active,0.08381878013920574
U302778,active,0.08380276384753882
U302779,lapsed,0.2622262203835365
U302780,high_frequency,0.02915230260623325
U302781,active,0.08332843116569921
U302782,high_frequency,0.027858983657776615
U302783,active,0.08282068941092924
U302784,lapsed,0.2568433720746143
U302785,high_frequency,0.029189542869858975
U302786,active,0.08316742836934499
U302787,active,0.08381878013920574
U302788,high_frequency,0.02931992752825574
U302789,new,0.22759105381186867
U302790,lapsed,0.26201054532816975
U302791,lapsed,0.2596290348900125
U302792,active,0.08343388437550237
U302793,lapsed,0.2539532515973988
U302794,active,0.0833507905891715
U302795,new,0.22759105381186867
U302796,high_frequency,0.02945714256406573
U302797,lapsed,0.26477400901176595
U302798,high_frequency,0.029187861778183333
U302799,high_frequency,0.029052541324424586
U302800,active,0.08307993211680376
U302801,active,0.08294623053592565
U302802,high_frequency,0.029020370795432182
U302803,new,0.23196342468830272
U302804,lapsed,0.2643446594160096
U302805,active,0.08382177426027715
U302806,high_frequency,0.029686087416538554
U302807,new,0.23071458292338445
U302808,high_frequency,0.028751821933183597
U302809,high_frequency,0.02958692392644713
U302810,new,0.23071458292338445
U302811,high_frequency,0.029150621893650364
U302812,lapsed,0.2638216230769007
U302813,lapsed,0.26092163949203373
U302814,active,0.08321970605873918
U302815,lapsed,0.2577346787487222
U302816,new,0.22759105381186867
U302817,active,0.083954466673127
U302818,new,0.23071458292338445
U302819,high_frequency,0.02931577032083854
U302820,active,0.08334919555528542
U302821,lapsed,0.2638216230769007
U302822,active,0.08317883684430072
U302823,lapsed,0.2624726622766368
U302824,lapsed,0.2594252637256831
U302825,new,0.23196342468830272
U302826,high_frequency,0.029414795797820248
U302827,new,0.23071458292338445
U302828,new,0.23196342468830272
U302829,new,0.23071458292338445
U302830,lapsed,0.2565051270703874
U302831,active,0.0837145973258967
U302832,high_frequency,0.0302569220760035
U302833,active,0.08439774365396213
U302834,new,0.23071458292338445
U302835,active,0.08440455716653505
U302836,active,0.08321484243198463
U302837,high_frequency,0.02834915108366698
U302838,lapsed,0.26036941883786874
U302839,lapsed,0.2618110698009629
U302840,lapsed,0.2630091737427367
U302841,lapsed,0.26627377121846424
U302842,active,0.08381026411174952
U302843,new,0.23071458292338445
U302844,high_frequency,0.029189542869858975
U302845,new,0.23196342468830272
U302846,active,0.08333802140921909
U302847,lapsed,0.2631906688057337
U302848,active,0.08406869107858295
U302849,new,0.23196342468830272
U302850,high_frequency,0.030489944549935033
U302851,new,0.23071458292338445
U302852,active,0.08416812619917313
U302853,active,0.08345776453415266
U302854,new,0.23071458292338445
U302855,lapsed,0.26503093143075224
U302856,new,0.22759105381186867
U302857,new,0.23071458292338445
U302858,active,0.08345461724552194
U302859,lapsed,0.26149076061577436
U302860,lapsed,0.2552550967454441
U302861,new,0.23196342468830272
U302862,active,0.08309145815182495
U302863,lapsed,0.2634697285676722
U302864,high_frequency,0.02834748007254806
U302865,lapsed,0.26421028072506825
U302866,active,0.08343546238658428
U302867,high_frequency,0.02932329231349151
U302868,high_frequency,0.028389521045385835
U302869,active,0.0833507905891715
U302870,active,0.08319185617377223
U302871,active,0.08368695161494588
U302872,new,0.23071458292338445
U302873,active,0.08355527646037475
U302874,lapsed,0.26651460000660515
U302875,active,0.08321159843391845
U302876,high_frequency,0.029858437772463664
U302877,lapsed,0.2569153005318179
U302878,lapsed,0.26109450672241485
U302879,new,0.23071458292338445
U302880,active,0.08358342356661452
U302881,high_frequency,0.030358921930328187
U302882,active,0.08403735404476198
U302883,active,0.08379675777425377
U302884,lapsed,0.2614347440096661
U302885,new,0.22759105381186867
U302886,active,0.08294957563606398
U302887,high_frequency,0.03039466869478835
U302888,new,0.22759105381186867
U302889,lapsed,0.26109526392537263
U302890,active,0.08380876471036303
U302891,active,0.08407657327055518
U302892,active,0.08342914842471127
U302893,new,0.23071458292338445
U302894,new,0.23196342468830272
U302895,active,0.08334919555528542
U302896,new,0.22759105381186867
U302897,lapsed,0.2643446594160096
U302898,new,0.23196342468830272
U302899,high_frequency,0.029017012176674517
U302900,lapsed,0.26381961721654046
U302901,active,0.08403155636910986
U302902,high_frequency,0.028483791606195297
U302903,active,0.08330255287211841
U302904,high_frequency,0.030259504771423695
U302905,lapsed,0.2647024142872164
U302906,high_frequency,0.02982017766427092
U302907,active,0.08402575342267526
U302908,new,0.23071458292338445
U302909,active,0.08417379796348057
U302910,active,0.08305657816530809
U302911,high_frequency,0.030256126359079483
U302912,active,0.08320997596089563
U302913,lapsed,0.2587385093516385
U302914,active,0.08396249028628144
U302915,lapsed,0.26209649791694334
U302916,new,0.23196342468830272
U302917,active,0.08405859173032482
U302918,high_frequency,0.02798971439626241
U302919,new,0.23071458292338445
U302920,active,0.08295459094821556
U302921,active,0.08342598952648761
U302922,new,0.23071458292338445
U302923,lapsed,0.2562839433553837
U302924,new,0.23071458292338445
U302925,lapsed,0.26042547105975244
U302926,active,0.08309803754943601
U302927,new,0.23071458292338445
U302928,new,0.23196342468830272
U302929,new,0.22759105381186867
U302930,lapsed,0.26070092522931737
U302931,active,0.08391371642004286
U302932,lapsed,0.2590805313499399
U302933,high_frequency,0.029591087076400457
U302934,new,0.23196342468830272
U302935,new,0.23071458292338445
U302936,active,0.08407301442061055
U302937,new,0.22759105381186867
U302938,new,0.23196342468830272
U302939,active,0.08356614178310862
U302940,new,0.23071458292338445
U302941,active,0.08332843116569921
U302942,lapsed,0.25820964720559336
U302943,lapsed,0.254161578724067
U302944,active,0.08417238052000842
U302945,new,0.23071458292338445
U302946,lapsed,0.2655506249157551
U302947,active,0.0828088097183568
U302948,lapsed,0.2583676597035991
U302949,high_frequency,0.030523216114935248
U302950,active,0.0840578279399431
U302951,lapsed,0.26326844524546567
U302952,active,0.08355993495732794
U302953,active,0.0832261864686612
U302954,lapsed,0.2612250687045772
U302955,active,0.08371236120469006
U302956,active,0.08308487372970252
U302957,active,0.0839500628378741
U302958,active,0.08343072739454005
U302959,lapsed,0.2603564322715794
U302960,new,0.23196342468830272
U302961,high_frequency,0.0293249747300246
U302962,high_frequency,0.0297234334043619
U302963,active,0.08439910702754805
U302964,new,0.23071458292338445
U302965,new,0.23071458292338445
U302966,active,0.08370699409995175
U302967,active,0.0839255181632157
U302968,new,0.22759105381186867
U302969,lapsed,0.26132890511540086
U302970,active,0.08333802140921909
U302971,new,0.23196342468830272
U302972,high_frequency,0.030125985951295897
U302973,high_frequency,0.031062886385088362
U302974,high_frequency,0.02968271636452058
U302975,active,0.08330255287211841
U302976,active,0.08359115690090058
U302977,active,0.08405859173032482
U302978,lapsed,0.2567783284072409
U302979,active,0.08343388437550237
U302980,high_frequency,0.029550395640632887
U302981,active,0.08356769268518982
U302982,high_frequency,0.029182026737403333
U302983,new,0.23071458292338445
U302984,new,0.23071458292338445
U302985,active,0.08321970605873918
U302986,lapsed,0.25952509757060666
U302987,lapsed,0.26403987088217973
U302988,active,0.08372147723883328
U302989,active,0.08368084615902238
U302990,lapsed,0.2567262922800755
U302991,lapsed,0.26240170924981393
U302992,active,0.08321484243198463
U302993,active,0.0840715736366785
U302994,lapsed,0.26549077300816426
U302995,high_frequency,0.029319135027159215
U302996,lapsed,0.2659694610804736
U302997,active,0.08358651786666849
U302998,high_frequency,0.028251645693031735
U302999,active,0.08381026411174952
U303000,lapsed,0.26407873538668125
U303001,lapsed,0.25687627564101845
U303002,active,0.0833057611566278
U303003,lapsed,0.25616683878018787
U303004,new,0.23071458292338445
U303005,active,0.08355838244664582
U303006,lapsed,0.2619388079130554
U303007,lapsed,0.2643916149641738
U303008,high_frequency,0.028750145696427865
U303009,lapsed,0.2594402624008642
U303010,lapsed,0.26460367358998366
U303011,high_frequency,0.029855064177182644
U303012,lapsed,0.2617133713554256
U303013,new,0.23071458292338445
U303014,high_frequency,0.029818491130710778
U303015,high_frequency,0.030085203382456016
U303016,high_frequency,0.0292826587392494
U303017,active,0.08307498767930088
U303018,lapsed,0.2642859933426355
U303019,lapsed,0.2629333901887815
U303020,lapsed,0.2598239018456442
U303021,lapsed,0.26033456598072163
U303022,lapsed,0.26349079458263125
U303023,active,0.08460643670452939
U303024,high_frequency,0.029416479061492695
U303025,active,0.08417096274478408
U303026,active,0.08439910702754805
U303027,active,0.08329773806442975
U303028,active,0.08359424797952708
U303029,new,0.23196342468830272
U303030,new,0.22759105381186867
U303031,new,0.23071458292338445
U303032,lapsed,0.26272592801183714
U303033,high_frequency,0.029458826206618105
U303034,high_frequency,0.02945714256406573
U303035,high_frequency,0.02875349819018347
U303036,lapsed,0.2569933484914434
U303037,active,0.0845051224016915
U303038,active,0.08418371077675357
U303039,active,0.08334121561298902
U303040,high_frequency,0.030523216114935248
U303041,high_frequency,0.030926665479670268
U303042,active,0.08346719871926589
U303043,new,0.22759105381186867
U303044,high_frequency,0.02888016244622782
U303045,new,0.22759105381186867
U303046,lapsed,0.26365926812671064
U303047,high_frequency,0.02945377532368676
U303048,new,0.23071458292338445
U303049,lapsed,0.25722747758809417
U303050,new,0.23196342468830272
U303051,active,0.08355838244664582
U303052,active,0.08371915537120167
U303053,high_frequency,0.029054221008190773
U303054,lapsed,0.26031136026365664
U303055,new,0.23196342468830272
U303056,lapsed,0.2571234170580722
U303057,new,0.23196342468830272
U303058,active,0.08308487372970252
U303059,new,0.23196342468830272
U303060,active,0.08395886755501325
U303061,high_frequency,0.029416479061492695
U303062,lapsed,0.25923034996170347
U303063,lapsed,0.26418437377413617
U303064,active,0.08380876471036303
U303065,high_frequency,0.030254437165677328
U303066,active,0.08344177123431618
U303067,lapsed,0.26616346821099773
U303068,lapsed,0.25402448260758836
U303069,active,0.08342124878312329
U303070,new,0.23196342468830272
U303071,active,0.08382476707748254
U303072,active,0.08280711138137631
U303073,lapsed,0.2673207324733065
U303074,high_frequency,0.02865233158257441
U303075,active,0.08405638368176205
U303076,high_frequency,0.030664432269785658
U303077,new,0.23196342468830272
U303078,lapsed,0.26188891906296274
U303079,active,0.08283085992867079
U303080,new,0.23196342468830272
U303081,active,0.08369866527379388
U303082,active,0.08330094825365275
U303083,active,0.08367167826610378
U303084,active,0.083954466673127
U303085,lapsed,0.2675471758404905
U303086,high_frequency,0.029855064177182644
U303087,active,0.08309803754943601
U303088,active,0.08407013252266127
U303089,high_frequency,0.02892237224195926
U303090,new,0.23071458292338445
U303091,new,0.23071458292338445
U303092,high_frequency,0.03022456732140355
U303093,lapsed,0.26436370659100283
U303094,lapsed,0.2594382568826115
U303095,lapsed,0.25498864159193657
U303096,new,0.23196342468830272
U303097,new,0.23071458292338445
U303098,high_frequency,0.03052490648762507
U303099,lapsed,0.2645211238583391
U303100,active,0.08395299905616238
U303101,high_frequency,0.029418162340384968
U303102,high_frequency,0.02865233158257441
U303103,lapsed,0.26527686178240606
U303104,high_frequency,0.029148941198326672
U303105,active,0.08343388437550237
U303106,lapsed,0.2626870255436079
U303107,active,0.08295459094821556
U303108,new,0.23071458292338445
U303109,active,0.08344019450192408
U303110,active,0.08371763634701335
U303111,active,0.08329292040025926
U303112,active,0.08392846532274811
U303113,high_frequency,0.030355542565301596
U303114,high_frequency,0.029421528943775588
U303115,active,0.0834750517362387
U303116,high_frequency,0.029823550767518747
U303117,new,0.22759105381186867
U303118,high_frequency,0.029458826206618105
U303119,new,0.23071458292338445
U303120,lapsed,0.2602265613596869
U303121,high_frequency,0.030762248482563703
U303122,lapsed,0.25737054536715787
U303123,high_frequency,0.02905510946488299
U303124,active,0.08335397970216274
U303125,active,0.08317231960788107
U303126,lapsed,0.26171823198022787
U303127,new,0.23071458292338445
U303128,active,0.08321484243198463
U303129,lapsed,0.25888558935713735
U303130,active,0.08303507419433731
U303131,active,0.08307004041791655
U303132,active,0.0837054724824221
U303133,lapsed,0.2561408148644396
U303134,lapsed,0.26527686178240606
U303135,high_frequency,0.028920694010264425
U303136,lapsed,0.26367222676807844
U303137,lapsed,0.2652121480474251
U303138,active,0.08482068927092168
U303139,high_frequency,0.029017012176674517
U303140,high_frequency,0.028783933818262497
U303141,lapsed,0.2610384764967464
U303142,lapsed,0.2642928503401164
U303143,new,0.22759105381186867
U303144,active,0.08371540117967768
U303145,high_frequency,0.03066274142578307
U303146,lapsed,0.26204460583436784
U303147,new,0.23071458292338445
U303148,new,0.23196342468830272
U303149,active,0.08331537838889769
U303150,high_frequency,0.030226256361883697
U303151,active,0.08383892194237186
U303152,new,0.23196342468830272
U303153,active,0.08394928607898444
U303154,lapsed,0.2620575790201547
U303155,active,0.08342124878312329
U303156,lapsed,0.2633421240626909
U303157,high_frequency,0.02982017766427092
U303158,high_frequency,0.029956031562199614
U303159,active,0.08383074879950836
U303160,new,0.23196342468830272
U303161,lapsed,0.2615904758666494
U303162,high_frequency,0.029184499645771855
U303163,lapsed,0.2638345801604458
U303164,lapsed,0.26096058606852834
U303165,high_frequency,0.029414795797820248
U303166,new,0.23071458292338445
U303167,high_frequency,0.029818491130710778
U303168,high_frequency,0.028751821933183597
U303169,new,0.22759105381186867
U303170,active,0.08360197003660197
U303171,lapsed,0.25604972924113467
U303172,active,0.08404604067217247
U303173,lapsed,0.263514708628364
U303174,active,0.08371692068085634
U303175,active,0.08405281341650339
U303176,lapsed,0.26230404852116246
U303177,active,0.08318534903349584
U303178,active,0.08295291948927519
U303179,active,0.0839255181632157
U303180,active,0.08450779530458985
U303181,high_frequency,0.028524205411251558
U303182,lapsed,0.264849688293428
U303183,active,0.08381176318735883
U303184,active,0.08428407101861402
U303185,lapsed,0.26337414694430394
U303186,active,0.08322456684044732
U303187,high_frequency,0.028746793283698335
U303188,new,0.22759105381186867
U303189,active,0.08358651786666849
U303190,lapsed,0.25792972646207984
U303191,new,0.23196342468830272
U303192,active,0.08382775859062519
U303193,new,0.23071458292338445
U303194,new,0.23071458292338445
U303195,lapsed,0.26115530528312136
U303196,high_frequency,0.029418162340384968
U303197,active,0.08450111051782372
U303198,active,0.08407589499812529
U303199,lapsed,0.26155765153979804
U303200,new,0.23071458292338445
U303201,high_frequency,0.030355542565301596
U303202,active,0.08296628242852
U303203,lapsed,0.2561278028149063
U303204,active,0.0839383048434883
U303205,high_frequency,0.02945377532368676
U303206,new,0.23071458292338445
U303207,high_frequency,0.027986382932950082
U303208,high_frequency,0.028354164255981473
U303209,high_frequency,0.029818491130710778
U303210,high_frequency,0.02928602281131687
U303211,active,0.08329773806442975
U303212,lapsed,0.26171823198022787
U303213,high_frequency,0.029015332894692936
U303214,high_frequency,0.030489944549935033
U303215,high_frequency,0.02928602281131687
U303216,active,0.08396249028628144
U303217,high_frequency,0.029956031562199614
U303218,active,0.08357805025587817
U303219,active,0.08384269658850851
U303220,active,0.08322456684044732
U303221,lapsed,0.2625423666180014
U303222,lapsed,0.26657724052703746
U303223,lapsed,0.2631327146912408
U303224,new,0.23196342468830272
U303225,lapsed,0.2621613605364568
U303226,new,0.23196342468830272
U303227,active,0.08342598952648761
U303228,lapsed,0.2653027463152279
U303229,high_frequency,0.028881840215698618
U303230,lapsed,0.2626351539717574
U303231,active,0.08417521507517689
U303232,new,0.23071458292338445
U303233,new,0.23071458292338445
U303234,lapsed,0.2605642057672042
U303235,lapsed,0.2622979442578022
U303236,lapsed,0.2584655396167287
U303237,active,0.08322132663546011
U303238,new,0.23071458292338445
U303239,lapsed,0.2612980847456776
U303240,active,0.08356148714634082
U303241,high_frequency,0.02905758042967721
U303242,lapsed,0.2664608822891329
U303243,lapsed,0.2598669809772889
U303244,high_frequency,0.029189542869858975
U303245,new,0.23071458292338445
U303246,active,0.08317557885688798
U303247,active,0.08391814453050273
U303248,active,0.08379976146210522
U303249,lapsed,0.25708440134821353
U303250,lapsed,0.2633851017797424
U303251,new,0.23196342468830272
U303252,high_frequency,0.029189542869858975
U303253,high_frequency,0.02995771903364275
U303254,active,0.08380126281763667
U303255,new,0.23071458292338445
U303256,active,0.08320510664618486
U303257,active,0.08366861971352402
U303258,new,0.23071458292338445
U303259,active,0.08321322059095682
U303260,new,0.23196342468830272
U303261,lapsed,0.2629962089206016
U303262,new,0.22759105381186867
U303263,active,0.08368847716961103
U303264,new,0.23071458292338445
U303265,lapsed,0.25925634471511466
U303266,new,0.23196342468830272
U303267,high_frequency,0.028352493175395677
U303268,high_frequency,0.02968777296222025
U303269,new,0.23196342468830272
U303270,active,0.08383444149300745
U303271,active,0.08382925385811135
U303272,active,0.0833057611566278
U303273,lapsed,0.2604542108735565
U303274,new,0.23196342468830272
U303275,active,0.08331537838889769
U303276,high_frequency,0.02905758042967721
U303277,high_frequency,0.02875349819018347
U303278,active,0.08266933195206683
U303279,lapsed,0.2603304588518255
U303280,active,0.08426500363244271
U303281,active,0.08357079352393715
U303282,high_frequency,0.02852253203999533
U303283,high_frequency,0.029421528943775588
U303284,lapsed,0.26184999491919647
U303285,new,0.23071458292338445
U303286,lapsed,0.261317935204579
U303287,new,0.22759105381186867
U303288,active,0.08391666882120352
U303289,high_frequency,0.030393872672653033
U303290,new,0.23196342468830272
U303291,active,0.0833169801492345
U303292,lapsed,0.2552229334147071
U303293,high_frequency,0.029015332894692936
U303294,high_frequency,0.029182026737403333
U303295,active,0.08342914842471127
U303296,high_frequency,0.0305282872518583
U303297,lapsed,0.2572233642071243
U303298,lapsed,0.2647412588680564
U303299,new,0.23196342468830272
U303300,lapsed,0.2620835250615518
U303301,active,0.08342598952648761
U303302,active,0.08391223972823014
U303303,lapsed,0.26544510138035265
U303304,lapsed,0.26743699977955027
U303305,new,0.23196342468830272
U303306,lapsed,0.263514708628364
U303307,lapsed,0.25933430326089013
U303308,high_frequency,0.0298541719728298
U303309,active,0.08355372298483676
U303310,active,0.08383593530233657
U303311,active,0.08318046536484303
U303312,lapsed,0.25915439307721055
U303313,new,0.23071458292338445
U303314,high_frequency,0.029321609912897673
U303315,high_frequency,0.03012519056492957
U303316,lapsed,0.2631408223053358
U303317,active,0.0839603338592253
U303318,high_frequency,0.030355542565301596
U303319,lapsed,0.2638216230769007
U303320,new,0.23196342468830272
U303321,active,0.08332843116569921
U303322,active,0.08357079352393715
U303323,high_frequency,0.028781467410575745
U303324,high_frequency,0.030926665479670268
U303325,high_frequency,0.029015332894692936
U303326,high_frequency,0.029050861658659666
U303327,active,0.08368389953438671
U303328,high_frequency,0.029419845634483632
U303329,lapsed,0.2572335985509402
U303330,new,0.23071458292338445
U303331,lapsed,0.26448227255993206
U303332,lapsed,0.26272592801183714
U303333,high_frequency,0.028487137349579084
U303334,new,0.23196342468830272
U303335,new,0.22759105381186867
U303336,lapsed,0.2586995158751675
U303337,active,0.08417521507517689
U303338,active,0.0840744548744341
U303339,active,0.08318860323485466
U303340,high_frequency,0.029720953464037025
U303341,new,0.23196342468830272
U303342,high_frequency,0.02879064050771485
U303343,lapsed,0.2631667491838664
U303344,active,0.08316416596727993
U303345,active,0.08355216918773123
U303346,new,0.23196342468830272
U303347,active,0.08368389953438671
U303348,high_frequency,0.029050861658659666
U303349,high_frequency,0.028655681670848088
U303350,active,0.08320997596089563
U303351,lapsed,0.2610254950117281
U303352,high_frequency,0.030928356948312086
U303353,active,0.08359969894901875
U303354,active,0.08383373770393465
U303355,new,0.23196342468830272
U303356,new,0.23196342468830272
U303357,lapsed,0.26435275975912903
U303358,active,0.08367014915155169
U303359,high_frequency,0.030254437165677328
U303360,lapsed,0.25884248832484513
U303361,lapsed,0.2623948429127961
U303362,high_frequency,0.030254437165677328
U303363,active,0.0829612736655767
U303364,new,0.23071458292338445
U303365,lapsed,0.261278997063837
U303366,lapsed,0.2606749569610535
U303367,lapsed,0.26080479434821
U303368,active,0.0835443953795777
U303369,lapsed,0.25731852170809666
U303370,active,0.08355682961431954
U303371,lapsed,0.2566311121743014
U303372,new,0.23196342468830272
U303373,active,0.08402865555464456
U303374,new,0.23071458292338445
U303375,active,0.08358651786666849
U303376,new,0.23071458292338445
U303377,active,0.0835443953795777
U303378,lapsed,0.2612202065841283
U303379,active,0.08428267970031533
U303380,lapsed,0.2576436507566154
U303381,lapsed,0.25863863589177793
U303382,lapsed,0.2570515005245189
U303383,lapsed,0.2623730041790512
U303384,lapsed,0.253711976777528
U303385,active,0.08321646395697502
U303386,high_frequency,0.029722639277911966
U303387,active,0.08369000240049962
U303388,active,0.08360197003660197
U303389,active,0.08343388437550237
U303390,active,0.08406580720033818
U303391,lapsed,0.2626092174960018
U303392,high_frequency,0.030793845644626172
U303393,new,0.23196342468830272
U303394,high_frequency,0.02905758042967721
U303395,active,0.08356614178310862
U303396,active,0.08394712530726889
U303397,active,0.08307333890590185
U303398,active,0.08319022986213187
U303399,active,0.08316416596727993
U303400,lapsed,0.26127623061857486
U303401,new,0.23071458292338445
U303402,new,0.23071458292338445
U303403,active,0.0832002344885654
U303404,high_frequency,0.029586032802089712
U303405,high_frequency,0.02878728712302414
U303406,new,0.23196342468830272
U303407,high_frequency,0.02865233158257441
U303408,new,0.23196342468830272
U303409,new,0.23071458292338445
U303410,high_frequency,0.03009195652051555
U303411,active,0.08322456684044732
U303412,active,0.08406504428250317
U303413,high_frequency,0.029583554464995943
U303414,active,0.08359115690090058
U303415,lapsed,0.26481084705715896
U303416,high_frequency,0.029418162340384968
U303417,lapsed,0.26228296509483734
U303418,active,0.08356459055925669
U303419,active,0.08379825978096933
U303420,new,0.23196342468830272
U303421,lapsed,0.26406778616858395
U303422,active,0.08368695161494588
U303423,lapsed,0.26304806750030924
U303424,lapsed,0.2533994470390921
U303425,active,0.08415721621352812
U303426,active,0.08368389953438671
U303427,new,0.23071458292338445
U303428,active,0.08430074081057448
U303429,new,0.23196342468830272
U303430,active,0.08370090568560073
U303431,new,0.23071458292338445
U303432,active,0.08358032797834425
U303433,new,0.22759105381186867
U303434,high_frequency,0.029287704871694964
U303435,lapsed,0.2590894169454157
U303436,active,0.08415863720014127
U303437,lapsed,0.2632364199345313
U303438,high_frequency,0.02999510742079614
U303439,lapsed,0.2665453000049577
U303440,lapsed,0.2572596114419335
U303441,high_frequency,0.02999173200996963
U303442,lapsed,0.2624078130895778
U303443,lapsed,0.2632493825511286
U303444,new,0.23071458292338445
U303445,high_frequency,0.028751821933183597
U303446,high_frequency,0.030226256361883697
U303447,active,0.0833460045328619
U303448,high_frequency,0.02891733760385995
U303449,active,0.08367320705715509
U303450,lapsed,0.2582677686198426
U303451,lapsed,0.2593343091686927
U303452,active,0.08304500568304607
U303453,active,0.08392109496641742
U303454,new,0.23071458292338445
U303455,active,0.08344019450192408
U303456,active,0.08367931898585101
U303457,lapsed,0.2628795202265694
U303458,active,0.08344177123431618
U303459,high_frequency,0.028788963805384538
U303460,high_frequency,0.029182026737403333
U303461,active,0.08370171108223967
U303462,high_frequency,0.029050861658659666
U303463,active,0.08368847716961103
U303464,lapsed,0.25996679124047445
U303465,high_frequency,0.029188750970184252
U303466,high_frequency,0.03049332504853497
U303467,high_frequency,0.030898445883460135
U303468,high_frequency,0.0293249747300246
U303469,active,0.08334760020317344
U303470,lapsed,0.2603735258759453
U303471,active,0.08404025090556577
U303472,high_frequency,0.02958771754631262
U303473,active,0.08404604067217247
U303474,active,0.08329452660565928
U303475,lapsed,0.262816696384255
U303476,lapsed,0.2604124849080353
U303477,active,0.08318534903349584
U303478,lapsed,0.2616034528344012
U303479,active,0.08371084073093127
U303480,high_frequency,0.02852253203999533
U303481,lapsed,0.2666438800291242
U303482,active,0.08369305189084775
U303483,lapsed,0.26034831024272787
U303484,lapsed,0.2616034528344012
U303485,active,0.08308322683929237
U303486,lapsed,0.26294635558141055
U303487,active,0.08418795414667168
U303488,new,0.23071458292338445
U303489,lapsed,0.2581405296790123
U303490,new,0.23071458292338445
U303491,active,0.08346248306704818
U303492,lapsed,0.25887259255185696
U303493,active,0.08418795414667168
U303494,active,0.08347191149011213
U303495,high_frequency,0.03009026822117733
U303496,high_frequency,0.0293249747300246
U303497,active,0.0828189932407134
U303498,new,0.23196342468830272
U303499,high_frequency,0.029548711207413314
U303500,high_frequency,0.029552080088029453
U303501,lapsed,0.2640548313533744
U303502,active,0.08372371049798699
U303503,lapsed,0.25840465282133257
U303504,new,0.22759105381186867
U303505,high_frequency,0.029456349470048493
U303506,high_frequency,0.029052541324424586
U303507,new,0.23071458292338445
U303508,active,0.0835630390136588
U303509,high_frequency,0.0300885799317121
U303510,active,0.083593520051497
U303511,high_frequency,0.02928602281131687
U303512,new,0.23071458292338445
U303513,new,0.22759105381186867
U303514,new,0.23196342468830272
U303515,active,0.0828189932407134
U303516,lapsed,0.26169227982396737
U303517,active,0.08382696755423069
U303518,active,0.0841893679393223
U303519,active,0.08382177426027715
U303520,lapsed,0.2607829337282713
U303521,active,0.0843881906463998
U303522,high_frequency,0.029855858758369713
U303523,new,0.22759105381186867
U303524,active,0.08394418646454016
U303525,active,0.0838322434147909
U303526,active,0.08354750586726234
U303527,new,0.23071458292338445
U303528,active,0.08334281223774365
U303529,lapsed,0.258066626004517
U303530,active,0.08355216918773123
U303531,high_frequency,0.03012350207404524
U303532,new,0.23071458292338445
U303533,high_frequency,0.029055900709946014
U303534,high_frequency,0.029591087076400457
U303535,lapsed,0.25893145952431884
U303536,active,0.08405493909374728
U303537,new,0.23071458292338445
U303538,new,0.23196342468830272
U303539,active,0.08403590512006864
U303540,new,0.23196342468830272
U303541,lapsed,0.2623089072762261
U303542,lapsed,0.260551220650333
U303543,active,0.08343388437550237
U303544,lapsed,0.26606000177911593
U303545,active,0.08414441241928139
U303546,new,0.22759105381186867
U303547,high_frequency,0.029280976727585895
U303548,new,0.23071458292338445
U303549,new,0.23071458292338445
U303550,new,0.22759105381186867
U303551,active,0.08333162918536596
U303552,new,0.23196342468830272
U303553,active,0.08344492373986401
U303554,high_frequency,0.029956031562199614
U303555,active,0.08356924326547444
U303556,new,0.23196342468830272
U303557,active,0.08334121561298902
U303558,new,0.23196342468830272
U303559,high_frequency,0.02852253203999533
U303560,active,0.08447605656129886
U303561,high_frequency,0.029055900709946014
U303562,lapsed,0.25820352294374327
U303563,new,0.22759105381186867
U303564,lapsed,0.2616423831000165
U303565,active,0.08406071546670735
U303566,new,0.23196342468830272
U303567,active,0.08395153111107001
U303568,new,0.23196342468830272
U303569,active,0.08344019450192408
U303570,new,0.23071458292338445
U303571,active,0.08394565604990778
U303572,active,0.08343861744982106
U303573,high_frequency,0.029418162340384968
U303574,active,0.0834561910498236
U303575,new,0.22759105381186867
U303576,high_frequency,0.029553764549590356
U303577,active,0.08309474847880127
U303578,new,0.23196342468830272
U303579,lapsed,0.266590168478429
U303580,lapsed,0.26231701948571806
U303581,lapsed,0.26077681773252603
U303582,new,0.23196342468830272
U303583,new,0.23196342468830272
U303584,lapsed,0.26057107995987505
U303585,active,0.08382696755423069
U303586,active,0.08415437324582209
U303587,active,0.08332843116569921
U303588,active,0.08342914842471127
U303589,new,0.23071458292338445
U303590,high_frequency,0.029721747584445568
U303591,active,0.083676263668655
U303592,lapsed,0.2621662197510311
U303593,new,0.23071458292338445
U303594,active,0.08406436476621959
U303595,active,0.08347348177330294
U303596,active,0.08417663185507418
U303597,active,0.08403880263993568
U303598,high_frequency,0.02928602281131687
U303599,lapsed,0.2576046376579002
U303600,active,0.0831739493900705
U303601,high_frequency,0.02878728712302414
U303602,lapsed,0.2637179619189058
U303603,high_frequency,0.028654006616229744
U303604,new,0.22759105381186867
U303605,active,0.08460905785125705
U303606,lapsed,0.26203649216667646
U303607,high_frequency,0.030491634795951295
U303608,new,0.23071458292338445
U303609,new,0.23071458292338445
U303610,high_frequency,0.029280976727585895
U303611,high_frequency,0.029583554464995943
U303612,active,0.08355061506908323
U303613,lapsed,0.26451911906754594
U303614,active,0.08368389953438671
U303615,new,0.22759105381186867
U303616,lapsed,0.2651235469023127
U303617,lapsed,0.26229107744450575
U303618,high_frequency,0.02968945852099969
U303619,high_frequency,0.029553764549590356
U303620,new,0.23196342468830272
U303621,high_frequency,0.029421528943775588
U303622,active,0.0835630390136588
U303623,new,0.23196342468830272
U303624,active,0.08370242827522156
U303625,high_frequency,0.027857319967486305
U303626,active,0.08407589499812529
U303627,active,0.08355061506908323
U303628,new,0.23196342468830272
U303629,lapsed,0.2646943161555474
U303630,active,0.08316416596727993
U303631,new,0.22759105381186867
U303632,lapsed,0.2681282599891853
U303633,active,0.08367931898585101
U303634,new,0.23071458292338445
U303635,high_frequency,0.029191223978497605
U303636,active,0.08355527646037475
U303637,active,0.08343230604481233
U303638,high_frequency,0.029726805082627705
U303639,lapsed,0.2610254950117281
U303640,active,0.08372219244671342
U303641,lapsed,0.2528325477815415
U303642,active,0.08406215873524325
U303643,high_frequency,0.029725119237093867
U303644,new,0.23196342468830272
U303645,active,0.08406003548416374
U303646,lapsed,0.2611922369415192
U303647,active,0.0834797597032586
U303648,active,0.08295793293063014
U303649,lapsed,0.26213541582057776
U303650,lapsed,0.26212730263560036
U303651,high_frequency,0.029990937003138596
U303652,new,0.23071458292338445
U303653,active,0.08381326193716632
U303654,high_frequency,0.029414795797820248
U303655,high_frequency,0.028482118767797604
U303656,active,0.0833460045328619
U303657,high_frequency,0.030489944549935033
U303658,high_frequency,0.02888016244622782
U303659,lapsed,0.2637758914366456
U303660,lapsed,0.261224311561396
U303661,new,0.23071458292338445
U303662,lapsed,0.2581637612098932
U303663,active,0.08356459055925669
U303664,active,0.0826882698850302
U303665,active,0.0834228293503475
U303666,new,0.23196342468830272
U303667,lapsed,0.2601616223465272
U303668,high_frequency,0.028785610460645983
U303669,high_frequency,0.03052490648762507
U303670,high_frequency,0.029322499797363566
U303671,lapsed,0.2640337741447233
U303672,high_frequency,0.02931992752825574
U303673,lapsed,0.2613500014487598
U303674,active,0.08355993495732794
U303675,lapsed,0.2661893333705919
U303676,active,0.08322294689603815
U303677,new,0.23196342468830272
U303678,high_frequency,0.029589402304420642
U303679,new,0.23196342468830272
U303680,lapsed,0.26344581374024534
U303681,new,0.23071458292338445
U303682,active,0.08346562715531136
U303683,lapsed,0.25913327068914227
U303684,active,0.08391961991224872
U303685,new,0.23196342468830272
U303686,active,0.08343546238658428
U303687,high_frequency,0.028920694010264425
U303688,high_frequency,0.028788963805384538
U303689,high_frequency,0.029280976727585895
U303690,high_frequency,0.030393872672653033
U303691,lapsed,0.2530738713540549
U303692,new,0.23071458292338445
U303693,high_frequency,0.030256126359079483
U303694,high_frequency,0.030488254310500063
U303695,high_frequency,0.02945714256406573
U303696,active,0.08303507419433731
U303697,new,0.23196342468830272
U303698,active,0.08309639317117479
U303699,high_frequency,0.03066691961458967
U303700,lapsed,0.26174418370782615
U303701,new,0.22759105381186867
U303702,new,0.23196342468830272
U303703,new,0.22759105381186867
U303704,new,0.23071458292338445
U303705,new,0.23071458292338445
U303706,active,0.0835459507841404
U303707,high_frequency,0.028751821933183597
U303708,active,0.08320997596089563
U303709,high_frequency,0.029421528943775588
U303710,active,0.08367167826610378
U303711,new,0.23071458292338445
U303712,new,0.22759105381186867
U303713,lapsed,0.26264611449557823
U303714,active,0.08379375278418222
U303715,high_frequency,0.031062886385088362
U303716,new,0.23196342468830272
U303717,high_frequency,0.030360611624354106
U303718,active,0.08320835317191488
U303719,active,0.08319185617377223
U303720,active,0.08394124630988209
U303721,new,0.23071458292338445
U303722,active,0.0839617998351887
U303723,high_frequency,0.030488254310500063
U303724,high_frequency,0.028386177933508727
U303725,high_frequency,0.03021950025268083
U303726,lapsed,0.26132203993560493
U303727,new,0.23196342468830272
U303728,new,0.22759105381186867
U303729,lapsed,0.2641973273136891
U303730,lapsed,0.2592583504221917
U303731,high_frequency,0.03062776961003255
U303732,lapsed,0.2582287664266001
U303733,active,0.08405281341650339
U303734,active,0.08402575342267526
U303735,lapsed,0.2645061687452764
U303736,new,0.23196342468830272
U303737,lapsed,0.25914139802197134
U303738,active,0.08402865555464456
U303739,high_frequency,0.029458826206618105
U303740,high_frequency,0.029548711207413314
U303741,active,0.0837145973258967
U303742,active,0.08334919555528542
U303743,high_frequency,0.029858437772463664
U303744,high_frequency,0.028785610460645983
U303745,lapsed,0.26263314641219904
U303746,high_frequency,0.02968945852099969
U303747,lapsed,0.25397929310510264
U303748,active,0.08346876996306796
U303749,active,0.08345776453415266
U303750,active,0.08369152730758678
U303751,active,0.08354906062891865
U303752,new,0.22759105381186867
U303753,lapsed,0.26450007418984167
U303754,lapsed,0.2656589827236415
U303755,lapsed,0.25829654059005513
U303756,lapsed,0.2662689272553141
U303757,high_frequency,0.02865065656989363
U303758,active,0.0833169801492345
U303759,active,0.08368084615902238
U303760,new,0.23196342468830272
U303761,high_frequency,0.027986382932950082
U303762,lapsed,0.2634069310214217
U303763,active,0.0833169801492345
U303764,active,0.08321646395697502
U303765,high_frequency,0.030526596866604083
U303766,lapsed,0.25770455857984936
U303767,high_frequency,0.030390492995727825
U303768,active,0.08417096274478408
U303769,active,0.08334440854437652
U303770,active,0.0832261864686612
U303771,active,0.08344019450192408
U303772,active,0.08319022986213187
U303773,lapsed,0.2661893333705919
U303774,high_frequency,0.029321609912897673
U303775,active,0.0837145973258967
U303776,high_frequency,0.029458826206618105
U303777,lapsed,0.26315378580424703
U303778,new,0.23071458292338445
U303779,active,0.08344649951296823
U303780,lapsed,0.2641503647610604
U303781,lapsed,0.26236279822174025
U303782,active,0.08426360775152653
U303783,high_frequency,0.028480445951612143
U303784,active,0.08391519278437543
U303785,lapsed,0.2605970497976526
U303786,active,0.08382696755423069
U303787,new,0.22759105381186867
U303788,lapsed,0.2647461089964172
U303789,high_frequency,0.0300885799317121
U303790,active,0.08309474847880127
U303791,new,0.23196342468830272
U303792,high_frequency,0.029990937003138596
U303793,active,0.08330255287211841
U303794,active,0.08355527646037475
U303795,active,0.0839603338592253
U303796,lapsed,0.2587775020870727
U303797,active,0.08331057120194474
U303798,active,0.08294790324184709
U303799,active,0.0839603338592253
U303800,lapsed,0.2592494655902507
U303801,lapsed,0.2579817363247414
U303802,active,0.08382626299707407
U303803,lapsed,0.2625423666180014
U303804,lapsed,0.2608567265230018
U303805,lapsed,0.2665643124270055
U303806,lapsed,0.258755617562205
U303807,lapsed,0.2553099341907873
U303808,lapsed,0.26042547105975244
U303809,active,0.0836050566031038
U303810,active,0.083713077329018
U303811,lapsed,0.261635513364074
U303812,high_frequency,0.02985754555567166
U303813,new,0.23196342468830272
U303814,lapsed,0.2579756173386134
U303815,active,0.08415863720014127
U303816,active,0.08429380090453131
U303817,high_frequency,0.03022456732140355
U303818,active,0.08304665983484716
U303819,lapsed,0.2604152527691662
U303820,high_frequency,0.029823550767518747
U303821,active,0.08322780578065314
U303822,lapsed,0.25934319361244945
U303823,active,0.08318372145946695
U303824,active,0.08382327083187535
U303825,lapsed,0.25982801012717294
U303826,active,0.08404169884162849
U303827,high_frequency,0.02905758042967721
U303828,active,0.0833332277183032
U303829,high_frequency,0.029548711207413314
U303830,lapsed,0.25952509757060666
U303831,lapsed,0.26458587340204953
U303832,lapsed,0.26050414341029077
U303833,lapsed,0.2665513841784453
U303834,high_frequency,0.029823550767518747
U303835,active,0.0838322434147909
U303836,active,0.08440183276815816
U303837,active,0.08360197003660197
U303838,high_frequency,0.02915398333606256
U303839,lapsed,0.2646943161555474
U303840,lapsed,0.26260235212267674
U303841,new,0.23071458292338445
U303842,new,0.23196342468830272
U303843,active,0.08393977574064004
U303844,lapsed,0.2590155527968543
U303845,high_frequency,0.030222878289700272
U303846,active,0.08322456684044732
U303847,lapsed,0.2617263473130176
U303848,new,0.23071458292338445
U303849,lapsed,0.26263314641219904
U303850,active,0.0834609105427907
U303851,new,0.22759105381186867
U303852,high_frequency,0.02891733760385995
U303853,lapsed,0.2570932950246379
U303854,high_frequency,0.02851751205779507
U303855,lapsed,0.25927822374918336
U303856,active,0.08379675777425377
U303857,high_frequency,0.02982186420987809
U303858,new,0.23071458292338445
U303859,new,0.22759105381186867
U303860,high_frequency,0.029553764549590356
U303861,new,0.22759105381186867
U303862,active,0.0833169801492345
U303863,lapsed,0.2610384764967464
U303864,active,0.08355682961431954
U303865,active,0.08356924326547444
U303866,lapsed,0.2609646916904056
U303867,active,0.08335397970216274
U303868,lapsed,0.25588668651417174
U303869,new,0.23196342468830272
U303870,active,0.08407013252266127
U303871,lapsed,0.25921048205538727
U303872,lapsed,0.2549105385886987
U303873,lapsed,0.253920316742875
U303874,active,0.08402575342267526
U303875,active,0.08322294689603815
U303876,new,0.23196342468830272
U303877,new,0.23196342468830272
U303878,active,0.08293953659573472
U303879,lapsed,0.2642859933426355
U303880,active,0.08281390287245516
U303881,active,0.08318372145946695
U303882,high_frequency,0.029184499645771855
U303883,new,0.23196342468830272
U303884,lapsed,0.25739655677054873
U303885,lapsed,0.2640467291662355
U303886,high_frequency,0.029449615077149383
U303887,high_frequency,0.029455458936417434
U303888,lapsed,0.26145182074360884
U303889,active,0.08417946441937774
U303890,new,0.22759105381186867
U303891,lapsed,0.26276282205821644
U303892,active,0.08355372298483676
U303893,high_frequency,0.029187861778183333
U303894,lapsed,0.26348469536312313
U303895,new,0.22759105381186867
U303896,active,0.08390780768815398
U303897,new,0.23196342468830272
U303898,active,0.08358806453355094
U303899,active,0.08358961087830341
U303900,lapsed,0.26096058606852834
U303901,new,0.23071458292338445
U303902,new,0.22759105381186867
U303903,lapsed,0.2567262922800755
U303904,lapsed,0.26546489249536054
U303905,new,0.23196342468830272
U303906,active,0.08296628242852
U303907,lapsed,0.26214838823391123
U303908,new,0.23071458292338445
U303909,active,0.08418088020373704
U303910,high_frequency,0.028920694010264425
U303911,new,0.22759105381186867
U303912,lapsed,0.2586516341826417
U303913,active,0.08367473552468052
U303914,high_frequency,0.029589402304420642
U303915,lapsed,0.2581446414168909
U303916,lapsed,0.2637697934941283
U303917,high_frequency,0.03012350207404524
U303918,new,0.23071458292338445
U303919,high_frequency,0.029858437772463664
U303920,new,0.23071458292338445
U303921,high_frequency,0.029280976727585895
U303922,high_frequency,0.029418162340384968
U303923,lapsed,0.2583205287742658
U303924,high_frequency,0.02901869147692515
U303925,active,0.08417096274478408
U303926,active,0.08358497087768113
U303927,lapsed,0.25629006657440956
U303928,high_frequency,0.029187861778183333
U303929,lapsed,0.26124005799180494
U303930,active,0.08319185617377223
U303931,lapsed,0.2570645079750191
U303932,active,0.08371915537120167
U303933,new,0.23196342468830272
U303934,high_frequency,0.029722639277911966
U303935,active,0.08345933769848368
U303936,high_frequency,0.029555449025301828
U303937,new,0.23196342468830272
U303938,active,0.08413871322951805
U303939,active,0.08403300628221866
U303940,new,0.22759105381186867
U303941,lapsed,0.26527686178240606
U303942,active,0.08417804830314901
U303943,lapsed,0.26424713497638824
U303944,high_frequency,0.029321609912897673
U303945,active,0.08440319513513717
U303946,high_frequency,0.02945714256406573
U303947,lapsed,0.26381961721654046
U303948,lapsed,0.25923924078876026
U303949,new,0.22759105381186867
U303950,lapsed,0.262983243980511
U303951,lapsed,0.2644761778910157
U303952,new,0.23071458292338445
U303953,lapsed,0.2642730406826699
U303954,new,0.23071458292338445
U303955,active,0.08358806453355094
U303956,new,0.22759105381186867
U303957,high_frequency,0.029287704871694964
U303958,lapsed,0.25995866744600216
U303959,active,0.08391519278437543
U303960,new,0.23071458292338445
U303961,high_frequency,0.028883518004450215
U303962,lapsed,0.2637499760147774
U303963,lapsed,0.2623948429127961
U303964,active,0.08450111051782372
U303965,active,0.08320185885693998
U303966,active,0.08395153111107001
U303967,new,0.23196342468830272
U303968,new,0.23196342468830272
U303969,new,0.23196342468830272
U303970,high_frequency,0.02928602281131687
U303971,lapsed,0.2616744428403379
U303972,active,0.0833460045328619
U303973,active,0.08346876996306796
U303974,high_frequency,0.028881840215698618
U303975,new,0.23196342468830272
U303976,active,0.08406869107858295
U303977,active,0.08381326193716632
U303978,lapsed,0.2529827060136388
U303979,active,0.08368847716961103
U303980,new,0.23071458292338445
U303981,active,0.08407013252266127
U303982,high_frequency,0.02945209172588581
U303983,high_frequency,0.029454665849425687
U303984,active,0.08379375278418222
U303985,new,0.23071458292338445
U303986,new,0.22759105381186867
U303987,lapsed,0.2602334368753061
U303988,active,0.08395515789727415
U303989,lapsed,0.26152558943869764
U303990,active,0.08417238052000842
U303991,lapsed,0.2619148679493133
U303992,high_frequency,0.02892237224195926
U303993,active,0.08308652030618746
U303994,high_frequency,0.029191223978497605
U303995,active,0.08406003548416374
U303996,new,0.23196342468830272
U303997,new,0.23196342468830272
U303998,lapsed,0.26053011425203226
U303999,new,0.23196342468830272
U304000,lapsed,0.2636531696587521
U304001,lapsed,0.257949612487559
U304002,new,0.23196342468830272
U304003,high_frequency,0.029851690628975414
U304004,high_frequency,0.029418162340384968
U304005,active,0.08366708995204575
U304006,new,0.22759105381186867
U304007,active,0.08367167826610378
U304008,lapsed,0.2627518624125068
U304009,lapsed,0.2627060957520411
U304010,high_frequency,0.029586032802089712
U304011,active,0.08403445586587954
U304012,active,0.0833121739152265
U304013,active,0.08403155636910986
U304014,active,0.0837054724824221
U304015,new,0.23196342468830272
U304016,new,0.23071458292338445
U304017,active,0.08333482593327524
U304018,active,0.08371843985779193
U304019,new,0.23196342468830272
U304020,new,0.23071458292338445
U304021,active,0.08343704007803243
U304022,new,0.23071458292338445
U304023,active,0.08321322059095682
U304024,active,0.08370090568560073
U304025,lapsed,0.2615057415391777
U304026,lapsed,0.26490347892013766
U304027,lapsed,0.26541921988670913
U304028,lapsed,0.26256830427427275
U304029,new,0.23071458292338445
U304030,new,0.22759105381186867
U304031,active,0.08308322683929237
U304032,high_frequency,0.029284340767163797
U304033,high_frequency,0.02998924931875624
U304034,new,0.22759105381186867
U304035,active,0.08359579303550613
U304036,active,0.08344492373986401
U304037,high_frequency,0.029148941198326672
U304038,lapsed,0.2651364908581292
U304039,active,0.0833169801492345
U304040,lapsed,0.2580735090655346
U304041,new,0.23196342468830272
U304042,lapsed,0.255756551665711
U304043,lapsed,0.25486459502656633
U304044,active,0.08392993841094198
U304045,new,0.23071458292338445
U304046,high_frequency,0.0292826587392494
U304047,high_frequency,0.028613552392224628
U304048,lapsed,0.2641046444207251
U304049,high_frequency,0.028748469479928818
U304050,lapsed,0.2590415444727199
U304051,high_frequency,0.02972432510460843
U304052,active,0.08293786233169609
U304053,high_frequency,0.028620250699035177
U304054,high_frequency,0.02959029344346298
U304055,new,0.23071458292338445
U304056,active,0.08321322059095682
U304057,lapsed,0.25997089920216654
U304058,active,0.08321322059095682
U304059,active,0.08334919555528542
U304060,lapsed,0.26426694502778925
U304061,lapsed,0.26248362401042197
U304062,active,0.08322780578065314
U304063,active,0.08333482593327524
U304064,new,0.22759105381186867
U304065,lapsed,0.2645518749395471
U304066,active,0.08357877970119143
U304067,lapsed,0.2627579647982642
U304068,new,0.23196342468830272
U304069,new,0.23196342468830272
U304070,lapsed,0.26049115784387566
U304071,new,0.23071458292338445
U304072,new,0.23071458292338445
U304073,new,0.23071458292338445
U304074,active,0.08439501590034171
U304075,high_frequency,0.030393872672653033
U304076,lapsed,0.26128510531054294
U304077,lapsed,0.26331620043219267
U304078,active,0.08309310347234244
U304079,lapsed,0.25812475714779326
U304080,active,0.08346719871926589
U304081,lapsed,0.2586605216605562
U304082,active,0.08294121054820414
U304083,active,0.08395153111107001
U304084,new,0.23071458292338445
U304085,lapsed,0.2642859933426355
U304086,active,0.08379224980087552
U304087,lapsed,0.2615515443272808
U304088,new,0.23071458292338445
U304089,active,0.08407301442061055
U304090,lapsed,0.2635365358170141
U304091,lapsed,0.25964613533499764
U304092,active,0.08304335121796691
U304093,active,0.08320348290948865
U304094,active,0.0832261864686612
U304095,active,0.08359579303550613
U304096,active,0.08392846532274811
U304097,high_frequency,0.030127674456281617
U304098,lapsed,0.2655118058716094
U304099,active,0.08333802140921909
U304100,active,0.08366708995204575
U304101,active,0.08370242827522156
U304102,lapsed,0.26495526313165285
U304103,new,0.23071458292338445
U304104,new,0.23196342468830272
U304105,new,0.23071458292338445
U304106,lapsed,0.26527077098346497
U304107,high_frequency,0.027988048651750308
U304108,active,0.08329292040025926
U304109,lapsed,0.2635883743102161
U304110,active,0.0836050566031038
U304111,active,0.08309803754943601
U304112,active,0.08355838244664582
U304113,high_frequency,0.029823550767518747
U304114,active,0.08343861744982106
U304115,high_frequency,0.029191223978497605
U304116,active,0.08461560478503327
U304117,lapsed,0.2627907631440918
U304118,lapsed,0.26096544895250573
U304119,high_frequency,0.028520858690659012
U304120,active,0.08347191149011213
U304121,high_frequency,0.028788963805384538
U304122,active,0.08368237300854264
U304123,new,0.23071458292338445
U304124,new,0.23196342468830272
U304125,active,0.08330736482261925
U304126,high_frequency,0.02958692392644713
U304127,high_frequency,0.029548711207413314
U304128,active,0.08329934331774758
U304129,new,0.23196342468830272
U304130,active,0.08330255287211841
U304131,new,0.22759105381186867
U304132,lapsed,0.2633810086014824
U304133,new,0.22759105381186867
U304134,active,0.08344177123431618
U304135,new,0.23071458292338445
U304136,active,0.08367473552468052
U304137,new,0.22759105381186867
U304138,new,0.23071458292338445
U304139,active,0.08342914842471127
U304140,active,0.08379224980087552
U304141,lapsed,0.2547083813907901
U304142,active,0.08317883684430072
U304143,high_frequency,0.029589402304420642
U304144,active,0.08359969894901875
U304145,high_frequency,0.029017012176674517
U304146,active,0.08343704007803243
U304147,high_frequency,0.03012181359276367
U304148,active,0.0840715736366785
U304149,new,0.23071458292338445
U304150,lapsed,0.26497915037009057
U304151,lapsed,0.26466356851393946
U304152,lapsed,0.2612660174764912
U304153,high_frequency,0.02968777296222025
U304154,active,0.08292252028942637
U304155,active,0.0835443953795777
U304156,new,0.23071458292338445
U304157,new,0.23196342468830272
U304158,active,0.08428824297180049
U304159,high_frequency,0.029721747584445568
U304160,new,0.23196342468830272
U304161,active,0.08332018271678132
U304162,active,0.08321484243198463
U304163,lapsed,0.25889447581817865
U304164,lapsed,0.2589854507077948
U304165,lapsed,0.26539333783848457
U304166,lapsed,0.2632165947652373
U304167,high_frequency,0.029726805082627705
U304168,active,0.08357079352393715
U304169,lapsed,0.26025253630295786
U304170,active,0.08318860323485466
U304171,active,0.08379976146210522
U304172,new,0.23196342468830272
U304173,new,0.23196342468830272
U304174,lapsed,0.26317971244408384
U304175,lapsed,0.26007556915420466
U304176,active,0.08309310347234244
U304177,lapsed,0.26135486318133105
U304178,active,0.08390780768815398
U304179,active,0.0836027864639568
U304180,active,0.08344177123431618
U304181,active,0.08320185885693998
U304182,active,0.08331858159187133
U304183,active,0.08379375278418222
U304184,active,0.08368695161494588
U304185,high_frequency,0.02968945852099969
U304186,high_frequency,0.02914726052027461
U304187,new,0.23071458292338445
U304188,active,0.08291916512530328
U304189,new,0.23071458292338445
U304190,active,0.08322780578065314
U304191,new,0.23071458292338445
U304192,lapsed,0.2632902763190123
U304193,high_frequency,0.02875349819018347
U304194,active,0.08316416596727993
U304195,lapsed,0.2639103143066455
U304196,high_frequency,0.028886873639745403
U304197,high_frequency,0.02968440188396737
U304198,active,0.08429657786840283
U304199,new,0.23196342468830272
U304200,active,0.08320997596089563
U304201,high_frequency,0.028881840215698618
U304202,lapsed,0.2659565261205166
U304203,high_frequency,0.030495015307671736
U304204,high_frequency,0.029191223978497605
U304205,new,0.23196342468830272
U304206,high_frequency,0.02928602281131687
U304207,high_frequency,0.029284340767163797
U304208,active,0.0835443953795777
U304209,new,0.22759105381186867
U304210,high_frequency,0.0289190157975604
U304211,high_frequency,0.029987561645064997
U304212,high_frequency,0.02852253203999533
U304213,new,0.22759105381186867
U304214,lapsed,0.2556483237973658
U304215,high_frequency,0.028258324483857677
U304216,active,0.08295793293063014
U304217,new,0.22759105381186867
U304218,lapsed,0.2626221857912741
U304219,active,0.0839500628378741
U304220,high_frequency,0.030254437165677328
U304221,high_frequency,0.030353852894328792
U304222,new,0.23071458292338445
U304223,lapsed,0.2569022923021176
U304224,new,0.23071458292338445
U304225,active,0.08390780768815398
U304226,lapsed,0.26001674335651925
U304227,active,0.08345776453415266
U304228,lapsed,0.26392327053178544
U304229,lapsed,0.2619667644152972
U304230,active,0.08382327083187535
U304231,lapsed,0.26376293378794635
U304232,active,0.08405714764661543
U304233,lapsed,0.2612181971855816
U304234,high_frequency,0.02892237224195926
U304235,new,0.23071458292338445
U304236,high_frequency,0.03026119399033811
U304237,active,0.08305657816530809
U304238,lapsed,0.25756562390208354
U304239,active,0.08358651786666849
U304240,active,0.08392404409192522
U304241,high_frequency,0.0297234334043619
U304242,active,0.08330736482261925
U304243,high_frequency,0.029020370795432182
U304244,active,0.08296628242852
U304245,lapsed,0.26516037459519837
U304246,lapsed,0.26581423212944144
U304247,lapsed,0.2594272692575313
U304248,lapsed,0.26076584417193005
U304249,high_frequency,0.02945209172588581
U304250,lapsed,0.2653953412213382
U304251,lapsed,0.261635513364074
U304252,high_frequency,0.029187861778183333
U304253,high_frequency,0.029020370795432182
U304254,new,0.22759105381186867
U304255,active,0.0833121739152265
U304256,high_frequency,0.029050861658659666
U304257,lapsed,0.2625293976186396
U304258,lapsed,0.2606749569610535
U304259,lapsed,0.25999276993195036
U304260,active,0.08334121561298902
U304261,high_frequency,0.02915230260623325
U304262,lapsed,0.26436571162379313
U304263,active,0.08320185885693998
U304264,new,0.23071458292338445
U304265,active,0.08280711138137631
U304266,lapsed,0.26449321829219347
U304267,lapsed,0.2671786109358035
U304268,lapsed,0.2613889378836932
U304269,high_frequency,0.028655681670848088
U304270,active,0.08380726498322422
U304271,new,0.23071458292338445
U304272,new,0.22759105381186867
U304273,lapsed,0.26334822391128077
U304274,high_frequency,0.028520858690659012
U304275,active,0.08356148714634082
U304276,active,0.0841865400220112
U304277,high_frequency,0.03039556252219422
U304278,active,0.0842951895533608
U304279,high_frequency,0.02981680460921088
U304280,high_frequency,0.029055900709946014
U304281,active,0.0838352316669152
U304282,active,0.0833460045328619
U304283,lapsed,0.2584525401691179
U304284,active,0.08439774365396213
U304285,new,0.22759105381186867
U304286,new,0.23071458292338445
U304287,new,0.23196342468830272
U304288,new,0.23196342468830272
U304289,lapsed,0.26312785868724275
U304290,active,0.08367014915155169
U304291,new,0.23196342468830272
U304292,new,0.23071458292338445
U304293,active,0.08406580720033818
U304294,lapsed,0.2545651792924021
U304295,active,0.08379976146210522
U304296,high_frequency,0.030626078880480412
U304297,lapsed,0.2659953305701182
U304298,lapsed,0.263977099799874
U304299,active,0.08428407101861402
U304300,lapsed,0.25921048205538727
U304301,high_frequency,0.030357232243972687
U304302,high_frequency,0.02931992752825574
U304303,high_frequency,0.030798919251162293
U304304,lapsed,0.26276282205821644
U304305,high_frequency,0.028219668260389796
U304306,new,0.23071458292338445
U304307,new,0.23071458292338445
U304308,active,0.08357079352393715
U304309,lapsed,0.2581836451233012
U304310,active,0.08294790324184709
U304311,high_frequency,0.03009026822117733
U304312,active,0.08394712530726889
U304313,lapsed,0.26464252119589926
U304314,high_frequency,0.029055900709946014
U304315,active,0.08293786233169609
U304316,active,0.08343072739454005
U304317,lapsed,0.263514708628364
U304318,active,0.08450779530458985
U304319,high_frequency,0.028118935892646135
U304320,lapsed,0.26777964824139955
U304321,high_frequency,0.028785610460645983
U304322,active,0.08283085992867079
U304323,high_frequency,0.029050861658659666
U304324,lapsed,0.2681024409228861
U304325,lapsed,0.26494031315812266
U304326,active,0.08366861971352402
U304327,new,0.22759105381186867
U304328,new,0.23071458292338445
U304329,lapsed,0.2569153005318179
U304330,high_frequency,0.029054221008190773
U304331,active,0.08317883684430072
U304332,high_frequency,0.028487137349579084
U304333,active,0.0828088097183568
U304334,lapsed,0.2613937994991059
U304335,new,0.22759105381186867
U304336,high_frequency,0.028886873639745403
U304337,active,0.08316416596727993
U304338,new,0.23071458292338445
U304339,active,0.0843895563679421
U304340,active,0.08359888218066858
U304341,active,0.0832961324937248
U304342,lapsed,0.2576135293947208
U304343,lapsed,0.25998388856493543
U304344,lapsed,0.26273889527006017
U304345,lapsed,0.25666124564066856
U304346,active,0.08378924285784428
U304347,high_frequency,0.02981680460921088
U304348,lapsed,0.26450007418984167
U304349,active,0.08322780578065314
U304350,active,0.08295960345405051
U304351,new,0.23071458292338445
U304352,high_frequency,0.028391192635648266
U304353,active,0.08355993495732794
U304354,lapsed,0.25892046906352195
U304355,new,0.23196342468830272
U304356,new,0.23071458292338445
U304357,active,0.08354750586726234
U304358,lapsed,0.26177214371121027
U304359,active,0.08356148714634082
U304360,new,0.23196342468830272
U304361,active,0.08360197003660197
U304362,high_frequency,0.028914868912289338
U304363,active,0.0839255181632157
U304364,high_frequency,0.029550395640632887
U304365,high_frequency,0.029052541324424586
U304366,active,0.08355682961431954
U304367,high_frequency,0.029419845634483632
U304368,high_frequency,0.03012350207404524
U304369,high_frequency,0.028783933818262497
U304370,new,0.23196342468830272
U304371,active,0.08471090269289994
U304372,lapsed,0.265581350410415
U304373,active,0.08372451332260211
U304374,lapsed,0.25921325171591203
U304375,lapsed,0.2595380900476274
U304376,high_frequency,0.03012012512109874
U304377,lapsed,0.2593172059284047
U304378,new,0.23071458292338445
U304379,active,0.0838374287854663
U304380,new,0.23071458292338445
U304381,active,0.08381026411174952
U304382,active,0.08359115690090058
U304383,high_frequency,0.02865065656989363
U304384,new,0.23196342468830272
U304385,lapsed,0.26436370659100283
U304386,lapsed,0.2632315642887349
U304387,active,0.08367320705715509
U304388,new,0.23071458292338445
U304389,active,0.08320510664618486
U304390,lapsed,0.2601076587403673
U304391,active,0.0840715736366785
U304392,new,0.23196342468830272
U304393,active,0.08303673022540481
U304394,new,0.23071458292338445
U304395,active,0.08367779148905352
U304396,active,0.08344019450192408
U304397,active,0.08345933769848368
U304398,active,0.08404025090556577
U304399,active,0.0835630390136588
U304400,active,0.08321808516590212
U304401,active,0.08357079352393715
U304402,lapsed,0.2648237942694852
U304403,lapsed,0.25738355110445366
U304404,active,0.08320185885693998
U304405,active,0.0837054724824221
U304406,lapsed,0.25975006596308453
U304407,high_frequency,0.030259504771423695
U304408,lapsed,0.2620296241699056
U304409,active,0.08354750586726234
U304410,new,0.22759105381186867
U304411,active,0.08334440854437652
U304412,high_frequency,0.02892158168926029
U304413,active,0.08417946441937774
U304414,active,0.08295291948927519
U304415,active,0.0830782842847787
U304416,new,0.23196342468830272
U304417,lapsed,0.264793049782432
U304418,new,0.23071458292338445
U304419,new,0.22759105381186867
U304420,new,0.23071458292338445
U304421,new,0.22759105381186867
U304422,active,0.08358032797834425
U304423,active,0.0835459507841404
U304424,new,0.22759105381186867
U304425,lapsed,0.2568831562740342
U304426,new,0.23196342468830272
U304427,high_frequency,0.02945129865296303
U304428,new,0.23196342468830272
U304429,active,0.08367931898585101
U304430,new,0.23196342468830272
U304431,lapsed,0.26569779698218743
U304432,high_frequency,0.029452982243726056
U304433,active,0.08367167826610378
U304434,high_frequency,0.02981680460921088
U304435,high_frequency,0.02945209172588581
U304436,lapsed,0.2593343091686927
U304437,lapsed,0.26535651717532266
U304438,active,0.0839500628378741
U304439,high_frequency,0.028885195812469955
U304440,active,0.08333961867013884
U304441,high_frequency,0.02985675096894569
U304442,active,0.08390780768815398
U304443,high_frequency,0.029052541324424586
U304444,active,0.0838419072774127
U304445,active,0.0834797597032586
U304446,high_frequency,0.03026119399033811
U304447,active,0.08369866527379388
U304448,new,0.23071458292338445
U304449,high_frequency,0.0289190157975604
U304450,high_frequency,0.029591087076400457
U304451,active,0.08429380090453131
U304452,high_frequency,0.02968777296222025
U304453,new,0.23196342468830272
U304454,new,0.23196342468830272
U304455,lapsed,0.26267405782337705
U304456,high_frequency,0.029851690628975414
U304457,new,0.22759105381186867
U304458,lapsed,0.26042136414324824
U304459,active,0.08343546238658428
U304460,lapsed,0.2555092795740787
U304461,active,0.08345933769848368
U304462,high_frequency,0.03021950025268083
U304463,active,0.08308322683929237
U304464,active,0.08380876471036303
U304465,active,0.08330415717311879
U304466,lapsed,0.26626692535896906
U304467,active,0.08380276384753882
U304468,new,0.23196342468830272
U304469,high_frequency,0.03039556252219422
U304470,active,0.08417521507517689
U304471,new,0.23196342468830272
U304472,active,0.08407733479165991
U304473,lapsed,0.2652121480474251
U304474,active,0.08343546238658428
U304475,active,0.0833460045328619
U304476,active,0.08281729676087757
U304477,lapsed,0.2636333504733239
U304478,lapsed,0.2623928350265909
U304479,new,0.22759105381186867
U304480,lapsed,0.2620883845246782
U304481,high_frequency,0.028883518004450215
U304482,high_frequency,0.029952656652202703
U304483,active,0.08333961867013884
U304484,active,0.08354906062891865
U304485,active,0.08416670742883325
U304486,new,0.23071458292338445
U304487,lapsed,0.26327530742390365
U304488,lapsed,0.2651283955430921
U304489,new,0.23196342468830272
U304490,high_frequency,0.029548711207413314
U304491,high_frequency,0.028219668260389796
U304492,active,0.08316579732593232
U304493,active,0.08407301442061055
U304494,active,0.08332018271678132
U304495,high_frequency,0.029818491130710778
U304496,active,0.083713077329018
U304497,new,0.23196342468830272
U304498,active,0.08333003033448916
U304499,lapsed,0.2627907631440918
U304500,new,0.23196342468830272
U304501,high_frequency,0.02958523918876932
U304502,lapsed,0.2575416216963968
U304503,new,0.22759105381186867
U304504,active,0.08381176318735883
U304505,high_frequency,0.02928602281131687
U304506,lapsed,0.2585216476187726
U304507,new,0.23071458292338445
U304508,active,0.08347431222704804
U304509,lapsed,0.2649662047674849
U304510,high_frequency,0.02945714256406573
U304511,active,0.08320673006700241
U304512,lapsed,0.2592494655902507
U304513,active,0.08407301442061055
U304514,new,0.23196342468830272
U304515,lapsed,0.26197973825892307
U304516,high_frequency,0.02985675096894569
U304517,active,0.08292755070083935
U304518,lapsed,0.2629333901887815
U304519,high_frequency,0.03025781556099949
U304520,high_frequency,0.029851690628975414
U304521,active,0.08332843116569921
U304522,new,0.23196342468830272
U304523,new,0.23071458292338445
U304524,new,0.23071458292338445
U304525,high_frequency,0.02892405049263269
U304526,high_frequency,0.028214660796514912
U304527,active,0.08294121054820414
U304528,active,0.08344334764697148
U304529,lapsed,0.25994492019908666
U304530,lapsed,0.26454702406942243
U304531,active,0.08368389953438671
U304532,lapsed,0.26034755270818605
U304533,new,0.23196342468830272
U304534,high_frequency,0.03025781556099949
U304535,new,0.22759105381186867
U304536,new,0.23196342468830272
U304537,active,0.08334121561298902
U304538,new,0.22759105381186867
U304539,high_frequency,0.028885195812469955
U304540,lapsed,0.2613438934462387
U304541,active,0.08393141117138792
U304542,lapsed,0.26071390921554805
U304543,high_frequency,0.02945209172588581
U304544,new,0.22759105381186867
U304545,new,0.23071458292338445
U304546,active,0.08379675777425377
U304547,high_frequency,0.029550395640632887
U304548,high_frequency,0.029583554464995943
U304549,lapsed,0.2634648737374764
U304550,active,0.08391076270896147
U304551,new,0.22759105381186867
U304552,new,0.23071458292338445
U304553,lapsed,0.2638604939521857
U304554,lapsed,0.2635604490653005
U304555,lapsed,0.2631975313652205
U304556,new,0.22759105381186867
U304557,high_frequency,0.028524205411251558
U304558,lapsed,0.2640139605781775
U304559,high_frequency,0.02892237224195926
U304560,active,0.08321484243198463
U304561,new,0.23071458292338445
U304562,new,0.23196342468830272
U304563,active,0.08426360775152653
U304564,active,0.08360042626980158
U304565,lapsed,0.26379370263599633
U304566,active,0.08330255287211841
U304567,active,0.08305492589373986
U304568,high_frequency,0.029686087416538554
U304569,lapsed,0.2648387456367153
U304570,high_frequency,0.02985923236472221
U304571,new,0.23071458292338445
U304572,high_frequency,0.030357232243972687
U304573,active,0.08380426455178736
U304574,active,0.08318697629196725
U304575,active,0.08391814453050273
U304576,active,0.08295793293063014
U304577,lapsed,0.2644304690007154
U304578,active,0.0841893679393223
U304579,high_frequency,0.029055900709946014
U304580,lapsed,0.2617373203155897
U304581,active,0.08372219244671342
U304582,lapsed,0.26110137875836253
U304583,new,0.23071458292338445
U304584,new,0.23071458292338445
U304585,new,0.23071458292338445
U304586,active,0.08382775859062519
U304587,lapsed,0.26106443916229133
U304588,active,0.08394781730418543
U304589,new,0.23196342468830272
U304590,active,0.08309145815182495
U304591,lapsed,0.2664608822891329
U304592,high_frequency,0.02931992752825574
U304593,active,0.08354750586726234
U304594,new,0.23071458292338445
U304595,high_frequency,0.028620250699035177
U304596,lapsed,0.2618629697422049
U304597,new,0.23196342468830272
U304598,active,0.08330896817106692
U304599,active,0.08345933769848368
U304600,active,0.08381026411174952
U304601,lapsed,0.26220513586801697
U304602,active,0.08405714764661543
U304603,lapsed,0.2612530377857776
U304604,active,0.08341966789649757
U304605,lapsed,0.2643766583461268
U304606,lapsed,0.2586126390656178
U304607,lapsed,0.2560367167670629
U304608,active,0.08344019450192408
U304609,lapsed,0.2659565261205166
U304610,new,0.23071458292338445
U304611,new,0.23071458292338445
U304612,active,0.08343861744982106
U304613,active,0.08308981251727554
U304614,high_frequency,0.029054221008190773
U304615,new,0.23071458292338445
U304616,active,0.08380126281763667
U304617,high_frequency,0.029855858758369713
U304618,new,0.23196342468830272
U304619,active,0.08392109496641742
U304620,active,0.08347819070124207
U304621,active,0.08418795414667168
U304622,lapsed,0.2637111019495557
U304623,lapsed,0.2605642057672042
U304624,lapsed,0.26326234504762275
U304625,active,0.08368847716961103
U304626,new,0.23071458292338445
U304627,lapsed,0.26527077098346497
U304628,active,0.08308322683929237
U304629,lapsed,0.2612250687045772
U304630,active,0.0839617998351887
U304631,new,0.23071458292338445
U304632,lapsed,0.2634758278535176
U304633,lapsed,0.2653872476235957
U304634,high_frequency,0.028253315354974884
U304635,high_frequency,0.029860919185507595
U304636,new,0.23071458292338445
U304637,new,0.23196342468830272
U304638,new,0.23196342468830272
U304639,active,0.08395153111107001
U304640,active,0.0835443953795777
U304641,high_frequency,0.029449615077149383
U304642,high_frequency,0.02982186420987809
U304643,lapsed,0.2563359882197613
U304644,high_frequency,0.02985675096894569
U304645,new,0.23196342468830272
U304646,new,0.23071458292338445
U304647,active,0.08329292040025926
U304648,active,0.08368847716961103
U304649,lapsed,0.25921735540935836
U304650,active,0.08320997596089563
U304651,high_frequency,0.029954344101715158
U304652,active,0.08254702475106213
U304653,lapsed,0.2612640081343126
U304654,active,0.0838254717882212
U304655,high_frequency,0.027591382536692244
U304656,lapsed,0.26109526392537263
U304657,new,0.22759105381186867
U304658,new,0.23071458292338445
U304659,active,0.08414868333314851
U304660,active,0.08358651786666849
U304661,new,0.23071458292338445
U304662,active,0.08359115690090058
U304663,active,0.08367014915155169
U304664,active,0.08461167764194821
U304665,high_frequency,0.029858437772463664
U304666,high_frequency,0.031062886385088362
U304667,high_frequency,0.02958523918876932
U304668,high_frequency,0.02838450641191803
U304669,high_frequency,0.03022456732140355
U304670,active,0.0845051224016915
U304671,new,0.23196342468830272
U304672,active,0.08296461315283832
U304673,active,0.08391519278437543
U304674,high_frequency,0.02985754555567166
U304675,high_frequency,0.02838784947800177
U304676,high_frequency,0.029052541324424586
U304677,high_frequency,0.029591087076400457
U304678,lapsed,0.2574225678887112
U304679,new,0.23196342468830272
U304680,active,0.083906329686664
U304681,active,0.08329292040025926
U304682,active,0.08355993495732794
U304683,lapsed,0.25975006596308453
U304684,new,0.23071458292338445
U304685,lapsed,0.25800162188544706
U304686,high_frequency,0.029990937003138596
U304687,active,0.08343072739454005
U304688,active,0.08380426455178736
U304689,active,0.08295960345405051
U304690,high_frequency,0.03021950025268083
U304691,lapsed,0.2599388012912798
U304692,new,0.23196342468830272
U304693,new,0.22759105381186867
U304694,new,0.23196342468830272
U304695,new,0.22759105381186867
U304696,active,0.08342124878312329
U304697,lapsed,0.2562648028055693
U304698,new,0.23071458292338445
U304699,lapsed,0.25996478628724684
U304700,new,0.23196342468830272
U304701,active,0.08428546200330989
U304702,active,0.08406869107858295
U304703,active,0.08333642383025608
U304704,high_frequency,0.029318245159578593
U304705,lapsed,0.25747458926594435
U304706,active,0.08372147723883328
U304707,lapsed,0.25489752124195214
U304708,active,0.08320673006700241
U304709,new,0.23071458292338445
U304710,new,0.22759105381186867
U304711,active,0.08426081498992699
U304712,lapsed,0.259412270480736
U304713,active,0.08406580720033818
U304714,lapsed,0.26499209583783123
U304715,lapsed,0.26235593170568317
U304716,lapsed,0.26053212447183727
U304717,lapsed,0.2610254950117281
U304718,active,0.08342914842471127
U304719,new,0.23196342468830272
U304720,active,0.08332018271678132
U304721,new,0.23071458292338445
U304722,lapsed,0.26547983606389747
U304723,new,0.23071458292338445
U304724,new,0.23071458292338445
U304725,active,0.0836050566031038
U304726,lapsed,0.2604083779610866
U304727,high_frequency,0.03106626969257309
U304728,active,0.0840744548744341
U304729,new,0.23071458292338445
U304730,active,0.08440319513513717
U304731,active,0.08368237300854264
U304732,active,0.08407733479165991
U304733,new,0.23071458292338445
U304734,new,0.23071458292338445
U304735,lapsed,0.25973095535391766
U304736,lapsed,0.26330933845495197
U304737,active,0.08346876996306796
U304738,active,0.08343546238658428
U304739,lapsed,0.2642539921784178
U304740,active,0.08318372145946695
U304741,active,0.08382247927814479
U304742,lapsed,0.2624406192615566
U304743,high_frequency,0.02905758042967721
U304744,active,0.08356769268518982
U304745,lapsed,0.26374387795513193
U304746,new,0.23071458292338445
U304747,active,0.08359579303550613
U304748,active,0.08329452660565928
U304749,lapsed,0.25922347665339107
U304750,high_frequency,0.02851751205779507
U304751,active,0.08418512556536406
U304752,new,0.23071458292338445
U304753,active,0.08346405527123046
U304754,lapsed,0.2614927637753009
U304755,new,0.23071458292338445
U304756,active,0.08321322059095682
U304757,new,0.23071458292338445
U304758,active,0.08369305189084775
U304759,high_frequency,0.02968777296222025
U304760,lapsed,0.26544510138035265
U304761,new,0.23196342468830272
U304762,active,0.08405859173032482
U304763,active,0.08329452660565928
U304764,new,0.23071458292338445
U304765,active,0.08331858159187133
U304766,active,0.0834228293503475
U304767,active,0.08379976146210522
U304768,active,0.08370931993302899
U304769,high_frequency,0.030122608970086007
U304770,high_frequency,0.031203298751715458
U304771,lapsed,0.26257641506693014
U304772,new,0.23196342468830272
U304773,lapsed,0.26109526392537263
U304774,new,0.23071458292338445
U304775,active,0.08307498767930088
U304776,active,0.08381176318735883
U304777,lapsed,0.26341989204928434
U304778,new,0.23071458292338445
U304779,high_frequency,0.029458826206618105
U304780,high_frequency,0.029187069886503547
U304781,lapsed,0.25772167497122894
U304782,active,0.08369305189084775
U304783,lapsed,0.26174418370782615
U304784,active,0.08394712530726889
U304785,new,0.23071458292338445
U304786,high_frequency,0.02945714256406573
U304787,active,0.08357079352393715
U304788,lapsed,0.2612660174764912
U304789,active,0.08333961867013884
U304790,new,0.23071458292338445
U304791,active,0.08344019450192408
U304792,lapsed,0.2616164296959523
U304793,active,0.08320673006700241
U304794,high_frequency,0.02851751205779507
U304795,lapsed,0.2583197704452629
U304796,new,0.23071458292338445
U304797,lapsed,0.26555547185116046
U304798,high_frequency,0.029550395640632887
U304799,lapsed,0.2616014439139418
U304800,new,0.23196342468830272
U304801,active,0.08322456684044732
U304802,new,0.23196342468830272
U304803,active,0.08309145815182495
U304804,new,0.23071458292338445
U304805,active,0.08417379796348057
U304806,high_frequency,0.03012350207404524
U304807,active,0.08393141117138792
U304808,active,0.08417946441937774
U304809,lapsed,0.2651494346777301
U304810,new,0.23071458292338445
U304811,lapsed,0.25469536326359266
U304812,high_frequency,0.029952656652202703
U304813,active,0.08343546238658428
U304814,active,0.08426639918007184
U304815,high_frequency,0.03021950025268083
U304816,high_frequency,0.028788963805384538
U304817,new,0.23071458292338445
U304818,active,0.08316742836934499
U304819,active,0.08283085992867079
U304820,new,0.22759105381186867
U304821,high_frequency,0.0292826587392494
U304822,high_frequency,0.030896754467931276
U304823,new,0.23071458292338445
U304824,active,0.08367473552468052
U304825,high_frequency,0.029987561645064997
U304826,active,0.08307004041791655
U304827,active,0.08368695161494588
U304828,active,0.08372674562744498
U304829,active,0.08371155700795929
U304830,lapsed,0.2626351539717574
U304831,active,0.08395886755501325
U304832,high_frequency,0.03066274142578307
U304833,active,0.08333162918536596
U304834,lapsed,0.2643446594160096
U304835,new,0.23071458292338445
U304836,active,0.08334919555528542
U304837,lapsed,0.26463767067076827
U304838,active,0.08359733776922829
U304839,lapsed,0.26563510883035363
U304840,lapsed,0.2623607902924218
U304841,lapsed,0.2602005860377014
U304842,new,0.22759105381186867
U304843,high_frequency,0.029187861778183333
U304844,lapsed,0.25823153741032656
U304845,active,0.08322456684044732
U304846,active,0.08317068951034601
U304847,lapsed,0.259460133854959
U304848,lapsed,0.26627985684684086
U304849,high_frequency,0.0297234334043619
U304850,lapsed,0.2627709317702501
U304851,active,0.08381326193716632
U304852,new,0.23071458292338445
U304853,high_frequency,0.02985754555567166
U304854,new,0.23196342468830272
U304855,high_frequency,0.029555449025301828
U304856,active,0.08404025090556577
U304857,lapsed,0.2603953916827306
U304858,lapsed,0.26312785868724275
U304859,high_frequency,0.028881840215698618
U304860,lapsed,0.2593794050636062
U304861,active,0.08356769268518982
U304862,new,0.23071458292338445
U304863,new,0.22759105381186867
U304864,lapsed,0.2634758278535176
U304865,active,0.08330415717311879
U304866,active,0.08347348177330294
U304867,new,0.23071458292338445
U304868,active,0.08440728022249755
U304869,lapsed,0.2624078130895778
U304870,high_frequency,0.028386177933508727
U304871,active,0.08369305189084775
U304872,lapsed,0.25595864066158136
U304873,lapsed,0.2616225366589004
U304874,lapsed,0.26367908693419145
U304875,high_frequency,0.030358921930328187
U304876,active,0.08330736482261925
U304877,active,0.08346719871926589
U304878,high_frequency,0.029555449025301828
U304879,active,0.08383593530233657
U304880,new,0.23071458292338445
U304881,high_frequency,0.029950969213676015
U304882,new,0.23071458292338445
U304883,new,0.23196342468830272
U304884,active,0.0840672493044673
U304885,active,0.08391519278437543
U304886,new,0.23071458292338445
U304887,lapsed,0.26245768486720056
U304888,active,0.08407801290855776
U304889,lapsed,0.2638455312972746
U304890,lapsed,0.26391232003117304
U304891,lapsed,0.2618090611456943
U304892,new,0.23071458292338445
U304893,lapsed,0.2653095977705005
U304894,lapsed,0.26252453958349076
U304895,high_frequency,0.030258611281931302
U304896,lapsed,0.26057518652289796
U304897,lapsed,0.26232999033806303
U304898,active,0.08335397970216274
U304899,lapsed,0.253633846528148
U304900,active,0.08383892194237186
U304901,new,0.23196342468830272
U304902,new,0.23196342468830272
U304903,active,0.08309803754943601
U304904,active,0.08330094825365275
U304905,lapsed,0.26385848814993695
U304906,active,0.08367473552468052
U304907,lapsed,0.25982801012717294
U304908,active,0.08379375278418222
U304909,active,0.08379675777425377
U304910,active,0.0838352316669152
U304911,high_frequency,0.029586032802089712
U304912,active,0.08295291948927519
U304913,active,0.08332018271678132
U304914,active,0.08406215873524325
U304915,active,0.08344649951296823
U304916,active,0.08359579303550613
U304917,active,0.08367167826610378
U304918,lapsed,0.2619927119931824
U304919,active,0.08333961867013884
U304920,lapsed,0.26243861143712044
U304921,new,0.23071458292338445
U304922,high_frequency,0.030665228763065544
U304923,lapsed,0.2616014439139418
U304924,new,0.22759105381186867
U304925,active,0.08346562715531136
U304926,high_frequency,0.03009195652051555
U304927,active,0.08370931993302899
U304928,high_frequency,0.029726805082627705
U304929,new,0.22759105381186867
U304930,active,0.08378773889816904
U304931,active,0.08382626299707407
U304932,active,0.0835443953795777
U304933,active,0.08356924326547444
U304934,high_frequency,0.030657668924616077
U304935,active,0.08331057120194474
U304936,lapsed,0.26286655422982264
U304937,active,0.0831739493900705
U304938,active,0.0833169801492345
U304939,new,0.23071458292338445
U304940,active,0.08414441241928139
U304941,lapsed,0.2579817363247414
U304942,new,0.23196342468830272
U304943,active,0.08381026411174952
U304944,lapsed,0.2608997803859899
U304945,active,0.08366861971352402
U304946,lapsed,0.2647283108071209
U304947,new,0.23071458292338445
U304948,active,0.08395886755501325
U304949,lapsed,0.26140878722811334
U304950,lapsed,0.2600966809799264
U304951,high_frequency,0.03012012512109874
U304952,active,0.08330736482261925
U304953,active,0.08358888249496299
U304954,new,0.23071458292338445
U304955,active,0.08319185617377223
U304956,lapsed,0.26057107995987505
U304957,active,0.0832261864686612
U304958,high_frequency,0.030360611624354106
U304959,high_frequency,0.03079553684280545
U304960,high_frequency,0.02968945852099969
U304961,active,0.0832961324937248
U304962,active,0.08333482593327524
U304963,lapsed,0.26028261811615794
U304964,lapsed,0.26406778616858395
U304965,new,0.23071458292338445
U304966,lapsed,0.2635624553091421
U304967,lapsed,0.2634567680078008
U304968,high_frequency,0.02892158168926029
U304969,lapsed,0.261497625076495
U304970,lapsed,0.2653803966066828
U304971,lapsed,0.26460567824806497
U304972,active,0.08405859173032482
U304973,new,0.23196342468830272
U304974,active,0.0837145973258967
U304975,high_frequency,0.029421528943775588
U304976,lapsed,0.2651862615945975
U304977,new,0.23071458292338445
U304978,lapsed,0.2628296628297391
U304979,lapsed,0.26147367839584607
U304980,lapsed,0.2664418681259066
U304981,new,0.22759105381186867
U304982,active,0.08395299905616238
U304983,new,0.23071458292338445
U304984,high_frequency,0.029055900709946014
U304985,new,0.23071458292338445
U304986,new,0.23071458292338445
U304987,high_frequency,0.028750145696427865
U304988,active,0.08296294356518163
U304989,high_frequency,0.029552080088029453
U304990,lapsed,0.26125914612979884
U304991,new,0.23071458292338445
U304992,lapsed,0.2605451097318882
U304993,active,0.08343546238658428
U304994,lapsed,0.26432076023880485
U304995,active,0.08294455751832652
U304996,new,0.23071458292338445
U304997,high_frequency,0.029952656652202703
U304998,active,0.08418229565620339
U304999,active,0.08281390287245516
U305000,lapsed,0.26032844840032354
U305001,new,0.22759105381186867
U305002,new,0.22759105381186867
U305003,lapsed,0.2630760030252504
U305004,lapsed,0.2615625126432789
U305005,lapsed,0.2611723908559276
U305006,active,0.08347348177330294
U305007,lapsed,0.26311975099866547
U305008,active,0.08330415717311879
U305009,high_frequency,0.0298541719728298
U305010,high_frequency,0.03066184707536057
U305011,active,0.08283255393077948
U305012,lapsed,0.26166833607796913
U305013,new,0.23196342468830272
U305014,new,0.22759105381186867
U305015,high_frequency,0.029452982243726056
U305016,active,0.08405638368176205
U305017,active,0.08358032797834425
U305018,new,0.23196342468830272
U305019,high_frequency,0.03012519056492957
U305020,active,0.08296628242852
U305021,active,0.08367167826610378
U305022,active,0.08343230604481233
U305023,new,0.23071458292338445
U305024,new,0.23071458292338445
U305025,lapsed,0.2643507547062838
U305026,active,0.08347662137889356
U305027,high_frequency,0.03066274142578307
U305028,lapsed,0.2645081735563303
U305029,active,0.08356148714634082
U305030,new,0.23071458292338445
U305031,active,0.08358733599846435
U305032,new,0.22759105381186867
U305033,lapsed,0.2649940998767463
U305034,lapsed,0.259499112350133
U305035,lapsed,0.2607918110554773
U305036,new,0.23196342468830272
U305037,active,0.08321484243198463
U305038,active,0.08308157963498397
U305039,lapsed,0.2625504775535757
U305040,lapsed,0.25382304146934875
U305041,new,0.22759105381186867
U305042,active,0.08370931993302899
U305043,new,0.23196342468830272
U305044,active,0.08356769268518982
U305045,high_frequency,0.030126879065403123
U305046,new,0.23071458292338445
U305047,high_frequency,0.02982017766427092
U305048,high_frequency,0.02958771754631262
U305049,new,0.23071458292338445
U305050,new,0.23196342468830272
U305051,active,0.08322132663546011
U305052,active,0.0834750517362387
U305053,active,0.0837039505408369
U305054,active,0.08368237300854264
U305055,active,0.08346248306704818
U305056,active,0.08344649951296823
U305057,active,0.08394565604990778
U305058,high_frequency,0.029860919185507595
U305059,high_frequency,0.030529977643373396
U305060,active,0.08347274211324929
U305061,active,0.08425941810928961
U305062,active,0.08418795414667168
U305063,new,0.23196342468830272
U305064,lapsed,0.26130495592798975
U305065,active,0.08418512556536406
U305066,active,0.08333482593327524
U305067,active,0.08341966789649757
U305068,new,0.23196342468830272
U305069,lapsed,0.26169428862893784
U305070,high_frequency,0.029720953464037025
U305071,active,0.08344177123431618
U305072,lapsed,0.2625115704274484
U305073,lapsed,0.2572075853800506
U305074,active,0.08308157963498397
U305075,new,0.23071458292338445
U305076,lapsed,0.2591844926007694
U305077,active,0.08309803754943601
U305078,active,0.08370171108223967
U305079,lapsed,0.2584306522250482
U305080,high_frequency,0.029015332894692936
U305081,active,0.08355216918773123
U305082,lapsed,0.2636142928193542
U305083,lapsed,0.26294635558141055
U305084,high_frequency,0.028482118767797604
U305085,active,0.08303507419433731
U305086,lapsed,0.2632704519131128
U305087,high_frequency,0.030353852894328792
U305088,high_frequency,0.029458826206618105
U305089,active,0.08451313706235297
U305090,active,0.08391076270896147
U305091,new,0.23071458292338445
U305092,lapsed,0.26564604435589295
U305093,high_frequency,0.028524205411251558
U305094,new,0.23196342468830272
U305095,lapsed,0.258530535651349
U305096,active,0.08417663185507418
U305097,new,0.23071458292338445
U305098,new,0.23071458292338445
U305099,active,0.08358888249496299
U305100,lapsed,0.26168131240688103
U305101,new,0.22759105381186867
U305102,active,0.08356769268518982
U305103,active,0.08356148714634082
U305104,active,0.08344649951296823
U305105,lapsed,0.26494031315812266
U305106,new,0.22759105381186867
U305107,lapsed,0.2604152527691662
U305108,lapsed,0.26070703559426256
U305109,high_frequency,0.02945377532368676
U305110,high_frequency,0.029150621893650364
U305111,high_frequency,0.03012350207404524
U305112,active,0.08430212779023682
U305113,lapsed,0.26164848996277756
U305114,new,0.22759105381186867
U305115,high_frequency,0.030661050586911043
U305116,active,0.08320997596089563
U305117,lapsed,0.25716856510077146
U305118,new,0.23196342468830272
U305119,new,0.23071458292338445
U305120,active,0.08316742836934499
U305121,high_frequency,0.0300885799317121
U305122,new,0.23196342468830272
U305123,active,0.08406436476621959
U305124,new,0.23196342468830272
U305125,new,0.23196342468830272
U305126,active,0.08355993495732794
U305127,lapsed,0.264793049782432
U305128,high_frequency,0.03012181359276367
U305129,high_frequency,0.028783933818262497
U305130,lapsed,0.25960305109625925
U305131,high_frequency,0.028654006616229744
U305132,active,0.0834813283849174
U305133,new,0.23196342468830272
U305134,lapsed,0.2575396143679037
U305135,new,0.23196342468830272
U305136,high_frequency,0.029458826206618105
U305137,new,0.23071458292338445
U305138,lapsed,0.25752660949204265
U305139,new,0.23071458292338445
U305140,new,0.23196342468830272
U305141,new,0.23196342468830272
U305142,active,0.08320185885693998
U305143,high_frequency,0.02918618070348311
U305144,lapsed,0.2622570224657559
U305145,lapsed,0.25443499048679347
U305146,high_frequency,0.028750145696427865
U305147,new,0.23071458292338445
U305148,active,0.08357877970119143
U305149,active,0.08381026411174952
U305150,lapsed,0.26053212447183727
U305151,active,0.08355838244664582
U305152,active,0.08319185617377223
U305153,active,0.08333003033448916
U305154,lapsed,0.2618110698009629
U305155,active,0.08371611699857007
U305156,new,0.23071458292338445
U305157,new,0.23071458292338445
U305158,high_frequency,0.028258324483857677
U305159,active,0.0834797597032586
U305160,active,0.08346876996306796
U305161,active,0.08329292040025926
U305162,high_frequency,0.029458826206618105
U305163,lapsed,0.25793861692746156
U305164,high_frequency,0.030758866254005812
U305165,active,0.08406147890810844
U305166,lapsed,0.2627368878533317
U305167,lapsed,0.2627907631440918
U305168,high_frequency,0.02928602281131687
U305169,lapsed,0.26254437430164446
U305170,lapsed,0.2638604939521857
U305171,high_frequency,0.02915230260623325
U305172,active,0.08355682961431954
U305173,new,0.23071458292338445
U305174,high_frequency,0.0298541719728298
U305175,active,0.08343546238658428
U305176,active,0.08384638283267964
U305177,active,0.0835630390136588
U305178,lapsed,0.2681282599891853
U305179,new,0.23196342468830272
U305180,new,0.23071458292338445
U305181,lapsed,0.2643009510065639
U305182,new,0.23196342468830272
U305183,lapsed,0.26447417302997905
U305184,high_frequency,0.028118935892646135
U305185,active,0.08418795414667168
U305186,lapsed,0.26376293378794635
U305187,high_frequency,0.028748469479928818
U305188,high_frequency,0.028654006616229744
U305189,new,0.23071458292338445
U305190,active,0.08379074649208806
U305191,high_frequency,0.03009195652051555
U305192,new,0.22759105381186867
U305193,lapsed,0.2580016159738332
U305194,lapsed,0.2652966556457097
U305195,lapsed,0.259460133854959
U305196,lapsed,0.2575745157884144
U305197,new,0.23071458292338445
U305198,active,0.08369305189084775
U305199,new,0.23071458292338445
U305200,active,0.08343704007803243
U305201,active,0.08407369300407141
U305202,active,0.08342914842471127
U305203,active,0.08405281341650339
U305204,lapsed,0.2625504775535757
U305205,active,0.0828088097183568
U305206,active,0.08417946441937774
U305207,high_frequency,0.02928602281131687
U305208,lapsed,0.25938217448320877
U305209,active,0.08407301442061055
U305210,active,0.08383074879950836
U305211,active,0.08330094825365275
U305212,high_frequency,0.030898445883460135
U305213,lapsed,0.261317935204579
U305214,lapsed,0.26140878722811334
U305215,active,0.08439910702754805
U305216,active,0.08368084615902238
U305217,active,0.08321808516590212
U305218,active,0.08283255393077948
U305219,active,0.08342440959814412
U305220,lapsed,0.2634069310214217
U305221,lapsed,0.263106787187087
U305222,active,0.08404459372495576
U305223,lapsed,0.25479338064014917
U305224,new,0.22759105381186867
U305225,new,0.23196342468830272
U305226,lapsed,0.25944512942796405
U305227,active,0.08402575342267526
U305228,lapsed,0.2615106028009109
U305229,lapsed,0.2556524396091173
U305230,active,0.08331057120194474
U305231,new,0.23196342468830272
U305232,active,0.08368847716961103
U305233,new,0.23071458292338445
U305234,new,0.23071458292338445
U305235,new,0.23071458292338445
U305236,new,0.22759105381186867
U305237,active,0.08359733776922829
U305238,new,0.23071458292338445
U305239,high_frequency,0.029853377397188186
U305240,high_frequency,0.029719267662997373
U305241,active,0.08308322683929237
U305242,active,0.08383074879950836
U305243,lapsed,0.26124616638440706
U305244,active,0.08416670742883325
U305245,high_frequency,0.029148941198326672
U305246,high_frequency,0.028920694010264425
U305247,new,0.22759105381186867
U305248,high_frequency,0.030360611624354106
U305249,new,0.23196342468830272
U305250,active,0.08335238530480604
U305251,active,0.0835459507841404
U305252,lapsed,0.25898344472358453
U305253,active,0.08354750586726234
U305254,active,0.08317720800830686
U305255,active,0.08439637994488569
U305256,active,0.08356769268518982
U305257,new,0.23071458292338445
U305258,high_frequency,0.03012181359276367
U305259,lapsed,0.25563530951414065
U305260,new,0.23196342468830272
U305261,active,0.0835811467915415
U305262,active,0.08379825978096933
U305263,lapsed,0.2615235804199063
U305264,active,0.08371155700795929
U305265,new,0.23071458292338445
U305266,active,0.08295459094821556
U305267,new,0.23196342468830272
U305268,active,0.08357959868470555
U305269,lapsed,0.2639252762368399
U305270,active,0.08356148714634082
U305271,lapsed,0.2509498667856052
U305272,lapsed,0.26392327053178544
U305273,lapsed,0.25806050725322205
U305274,active,0.08380276384753882
U305275,active,0.08309803754943601
U305276,high_frequency,0.029553764549590356
U305277,high_frequency,0.030393872672653033
U305278,high_frequency,0.02865065656989363
U305279,new,0.22759105381186867
U305280,high_frequency,0.02985675096894569
U305281,lapsed,0.26234982765370884
U305282,active,0.08318860323485466
U305283,new,0.23196342468830272
U305284,new,0.22759105381186867
U305285,high_frequency,0.029150621893650364
U305286,active,0.08304665983484716
U305287,active,0.08380426455178736
U305288,high_frequency,0.029588608678015937
U305289,high_frequency,0.02879064050771485
U305290,high_frequency,0.02915230260623325
U305291,lapsed,0.26034344560952893
U305292,new,0.23196342468830272
U305293,active,0.08335557378121572
U305294,new,0.23196342468830272
U305295,active,0.08425662334845574
U305296,active,0.08407589499812529
U305297,active,0.08425662334845574
U305298,lapsed,0.2528654908681178
U305299,high_frequency,0.029191223978497605
U305300,active,0.08331537838889769
U305301,active,0.08329452660565928
U305302,lapsed,0.26220027677827185
U305303,new,0.23071458292338445
U305304,high_frequency,0.029720953464037025
U305305,new,0.23196342468830272
U305306,active,0.08426500363244271
U305307,lapsed,0.26057107995987505
U305308,active,0.08368695161494588
U305309,active,0.0843790539014021
U305310,lapsed,0.2673078131067557
U305311,high_frequency,0.02918618070348311
U305312,new,0.23196342468830272
U305313,lapsed,0.26273889527006017
U305314,new,0.23196342468830272
U305315,high_frequency,0.028654006616229744
U305316,high_frequency,0.03062776961003255
U305317,new,0.23071458292338445
U305318,active,0.08417946441937774
U305319,active,0.08346960092494837
U305320,new,0.23071458292338445
U305321,lapsed,0.2618350113660982
U305322,lapsed,0.26201665074741326
U305323,high_frequency,0.02968945852099969
U305324,active,0.08267966634413104
U305325,lapsed,0.2637159559043333
U305326,active,0.08407589499812529
U305327,active,0.08342914842471127
U305328,active,0.08381176318735883
U305329,active,0.08359888218066858
U305330,high_frequency,0.030254437165677328
U305331,high_frequency,0.029586032802089712
U305332,lapsed,0.2591195174606861
U305333,lapsed,0.26581423212944144
U305334,lapsed,0.26395118827050457
U305335,lapsed,0.2610254950117281
U305336,new,0.23071458292338445
U305337,active,0.08369305189084775
U305338,new,0.23071458292338445
U305339,lapsed,0.2580995124594738
U305340,active,0.08296294356518163
U305341,active,0.08417379796348057
U305342,high_frequency,0.02982186420987809
U305343,lapsed,0.26046032211148284
U305344,new,0.22759105381186867
U305345,high_frequency,0.028751821933183597
U305346,active,0.08367320705715509
U305347,active,0.08382846299418811
U305348,new,0.23071458292338445
U305349,high_frequency,0.030495015307671736
U305350,high_frequency,0.029725119237093867
U305351,high_frequency,0.028256654750399846
U305352,lapsed,0.26204460583436784
U305353,lapsed,0.2648318915692729
U305354,active,0.08379675777425377
U305355,active,0.08335238530480604
U305356,high_frequency,0.0298541719728298
U305357,active,0.08345461724552194
U305358,active,0.0833169801492345
U305359,active,0.08418296230635969
U305360,lapsed,0.2637827510768895
U305361,high_frequency,0.029017012176674517
U305362,lapsed,0.2620835250615518
U305363,high_frequency,0.03022456732140355
U305364,active,0.08395740092257675
U305365,lapsed,0.2572014643514676
U305366,lapsed,0.2623757686771746
U305367,active,0.08334440854437652
U305368,lapsed,0.25813364682841305
U305369,active,0.08368542573652948
U305370,active,0.0839383048434883
U305371,new,0.22759105381186867
U305372,high_frequency,0.029818491130710778
U305373,lapsed,0.26116627628646016
U305374,active,0.08404459372495576
U305375,high_frequency,0.029416479061492695
U305376,active,0.08329934331774758
U305377,new,0.23071458292338445
U305378,lapsed,0.2632315642887349
U305379,high_frequency,0.02998924931875624
U305380,high_frequency,0.02851751205779507
U305381,active,0.08329773806442975
U305382,new,0.22759105381186867
U305383,active,0.0834774514938138
U305384,active,0.08368389953438671
U305385,active,0.0829612736655767
U305386,active,0.0835459507841404
U305387,lapsed,0.2623798647194786
U305388,high_frequency,0.02999510742079614
U305389,new,0.23071458292338445
U305390,high_frequency,0.02958771754631262
U305391,lapsed,0.2616744428403379
U305392,high_frequency,0.029188750970184252
U305393,lapsed,0.26590478484906266
U305394,active,0.08356459055925669
U305395,lapsed,0.2604781721805753
U305396,high_frequency,0.03021950025268083
U305397,lapsed,0.26611858293460555
U305398,active,0.0841472600265214
U305399,lapsed,0.2609784309054084
U305400,new,0.23071458292338445
U305401,active,0.08379675777425377
U305402,active,0.08428267970031533
U305403,new,0.23071458292338445
U305404,lapsed,0.25648111459343176
U305405,lapsed,0.26141489498516834
U305406,new,0.23071458292338445
U305407,high_frequency,0.029150621893650364
U305408,lapsed,0.26096544895250573
U305409,active,0.08428407101861402
U305410,lapsed,0.2632902763190123
U305411,active,0.08383444149300745
U305412,high_frequency,0.029418162340384968
U305413,high_frequency,0.02865735674641634
U305414,high_frequency,0.02838450641191803
U305415,high_frequency,0.029419845634483632
U305416,new,0.23071458292338445
U305417,high_frequency,0.028386177933508727
U305418,active,0.0834750517362387
U305419,active,0.08343230604481233
U305420,active,0.08368847716961103
U305421,lapsed,0.25997089920216654
U305422,high_frequency,0.02968777296222025
U305423,active,0.08342914842471127
U305424,lapsed,0.2565051270703874
U305425,high_frequency,0.02915398333606256
U305426,new,0.23196342468830272
U305427,active,0.08356614178310862
U305428,lapsed,0.2651672268486248
U305429,lapsed,0.26474811342926563
U305430,active,0.08307663613893557
U305431,active,0.08321322059095682
U305432,lapsed,0.26490347892013766
U305433,lapsed,0.26713984727917434
U305434,high_frequency,0.029725119237093867
U305435,active,0.08318860323485466
U305436,active,0.08296628242852
U305437,lapsed,0.25719046525312733
U305438,high_frequency,0.0299926246981983
U305439,active,0.08322780578065314
U305440,high_frequency,0.02958771754631262
U305441,active,0.08394487877048473
U305442,high_frequency,0.030392978849149488
U305443,new,0.22759105381186867
U305444,active,0.08381326193716632
U305445,new,0.23196342468830272
U305446,active,0.08333162918536596
U305447,active,0.08394418646454016
U305448,active,0.0838374287854663
U305449,new,0.23071458292338445
U305450,active,0.08371611699857007
U305451,lapsed,0.26497915037009057
U305452,new,0.23071458292338445
U305453,active,0.08320673006700241
U305454,active,0.0839559339619399
U305455,high_frequency,0.02892237224195926
U305456,new,0.23071458292338445
U305457,lapsed,0.26184999491919647
U305458,active,0.08282238527149788
U305459,active,0.08331057120194474
U305460,lapsed,0.26401596614644185
U305461,lapsed,0.25999076500731366
U305462,active,0.08295291948927519
U305463,active,0.08290237063466388
U305464,active,0.08308487372970252
U305465,high_frequency,0.028783144023523333
U305466,lapsed,0.2627579647982642
U305467,lapsed,0.26147367839584607
U305468,lapsed,0.25810563701348066
U305469,high_frequency,0.029050861658659666
U305470,lapsed,0.2631716050538479
U305471,new,0.23071458292338445
U305472,new,0.23196342468830272
U305473,lapsed,0.25936029662291504
U305474,new,0.23071458292338445
U305475,active,0.08440319513513717
U305476,new,0.22759105381186867
U305477,high_frequency,0.02878728712302414
U305478,high_frequency,0.02838450641191803
U305479,active,0.08415152895229938
U305480,lapsed,0.25747047631110836
U305481,active,0.08368389953438671
U305482,new,0.23196342468830272
U305483,active,0.08305162041031244
U305484,lapsed,0.2663057193842717
U305485,new,0.23196342468830272
U305486,new,0.23071458292338445
U305487,active,0.08372371049798699
U305488,active,0.08317883684430072
U305489,lapsed,0.2634758278535176
U305490,lapsed,0.2655247456925816
U305491,active,0.08358032797834425
U305492,active,0.08413871322951805
U305493,active,0.08335397970216274
U305494,high_frequency,0.030390492995727825
U305495,new,0.23196342468830272
U305496,active,0.08320510664618486
U305497,lapsed,0.26384753711891085
U305498,lapsed,0.2628795202265694
U305499,new,0.23071458292338445
U305500,active,0.08383373770393465
U305501,active,0.0838322434147909
U305502,high_frequency,0.029416479061492695
U305503,lapsed,0.2680120690966027
U305504,active,0.08344649951296823
U305505,active,0.08367320705715509
U305506,lapsed,0.260893664813291
U305507,new,0.23071458292338445
U305508,lapsed,0.2633141938303662
U305509,lapsed,0.26495325903012523
U305510,lapsed,0.26141489498516834
U305511,active,0.08346562715531136
U305512,lapsed,0.25926321790768403
U305513,active,0.08378773889816904
U305514,lapsed,0.26465747471047735
U305515,high_frequency,0.02968945852099969
U305516,active,0.08307168981876467
U305517,active,0.08392404409192522
U305518,new,0.23196342468830272
U305519,high_frequency,0.028920694010264425
U305520,active,0.08335557378121572
U305521,active,0.08382327083187535
U305522,active,0.08329292040025926
U305523,new,0.23071458292338445
U305524,lapsed,0.2591195174606861
U305525,new,0.23071458292338445
U305526,new,0.22759105381186867
U305527,lapsed,0.26447417302997905
U305528,active,0.08383971159863146
U305529,lapsed,0.2660082650995826
U305530,lapsed,0.2671527686517216
U305531,lapsed,0.2568002319913372
U305532,active,0.08360124286766069
U305533,active,0.08417238052000842
U305534,lapsed,0.2651542832164451
U305535,high_frequency,0.029855858758369713
U305536,active,0.08318209356990736
U305537,new,0.23196342468830272
U305538,high_frequency,0.028751821933183597
U305539,active,0.08367014915155169
U305540,new,0.23071458292338445
U305541,new,0.22759105381186867
U305542,lapsed,0.25642706431607865
U305543,active,0.0835443953795777
U305544,lapsed,0.2664677269827176
U305545,lapsed,0.253230150623305
U305546,high_frequency,0.029418162340384968
U305547,new,0.23196342468830272
U305548,new,0.23071458292338445
U305549,high_frequency,0.029318245159578593
U305550,active,0.08451847342155161
U305551,high_frequency,0.030659359753184123
U305552,high_frequency,0.028354164255981473
U305553,active,0.08440728022249755
U305554,new,0.22759105381186867
U305555,high_frequency,0.02985675096894569
U305556,lapsed,0.2604083779610866
U305557,active,0.08394271655119012
U305558,new,0.23071458292338445
U305559,new,0.23071458292338445
U305560,lapsed,0.2583587709864056
U305561,lapsed,0.25810563701348066
U305562,high_frequency,0.029952656652202703
U305563,active,0.08341966789649757
U305564,high_frequency,0.028881840215698618
U305565,high_frequency,0.029823550767518747
U305566,new,0.23196342468830272
U305567,high_frequency,0.0300885799317121
U305568,new,0.22759105381186867
U305569,active,0.08344019450192408
U305570,active,0.08330896817106692
U305571,high_frequency,0.029719267662997373
U305572,high_frequency,0.02905758042967721
U305573,lapsed,0.2599059510022321
U305574,active,0.08403155636910986
U305575,high_frequency,0.030664432269785658
U305576,active,0.08303341785015239
U305577,lapsed,0.2552619872829178
U305578,new,0.23071458292338445
U305579,new,0.23196342468830272
U305580,new,0.23196342468830272
U305581,active,0.08379375278418222
U305582,active,0.08395662503149903
U305583,active,0.08347034088669192
U305584,active,0.08347034088669192
U305585,active,0.0837145973258967
U305586,lapsed,0.2637957085350122
U305587,active,0.08268310868280215
U305588,lapsed,0.2647412588680564
U305589,lapsed,0.2652898041175832
U305590,active,0.08355993495732794
U305591,high_frequency,0.0302569220760035
U305592,lapsed,0.26615053541355327
U305593,new,0.23196342468830272
U305594,high_frequency,0.030793845644626172
U305595,new,0.23071458292338445
U305596,active,0.08278133555025402
U305597,lapsed,0.2588164940785728
U305598,new,0.23071458292338445
U305599,new,0.23071458292338445
U305600,active,0.08342598952648761
U305601,high_frequency,0.030488254310500063
U305602,lapsed,0.2572335985509402
U305603,lapsed,0.2608437436289419
U305604,active,0.08383373770393465
U305605,new,0.23196342468830272
U305606,new,0.22759105381186867
U305607,active,0.08308322683929237
U305608,new,0.23071458292338445
U305609,lapsed,0.26133091437736494
U305610,high_frequency,0.029013653630993286
U305611,active,0.08329934331774758
U305612,new,0.22759105381186867
U305613,lapsed,0.26197973825892307
U305614,active,0.08368237300854264
U305615,active,0.08405570323305955
U305616,high_frequency,0.03009195652051555
U305617,new,0.23071458292338445
U305618,high_frequency,0.029013653630993286
U305619,high_frequency,0.030624388156368032
U305620,lapsed,0.2594922340916882
U305621,new,0.23196342468830272
U305622,high_frequency,0.02915398333606256
U305623,lapsed,0.2648318915692729
U305624,active,0.08380276384753882
U305625,lapsed,0.2599278225096614
U305626,lapsed,0.26144571312680576
U305627,high_frequency,0.02982186420987809
U305628,active,0.08329934331774758
U305629,active,0.08307993211680376
U305630,high_frequency,0.02914726052027461
U305631,high_frequency,0.028253315354974884
U305632,high_frequency,0.029421528943775588
U305633,high_frequency,0.029555449025301828
U305634,active,0.08355993495732794
U305635,active,0.08295626209534268
U305636,lapsed,0.2638973579557803
U305637,new,0.23196342468830272
U305638,high_frequency,0.02915230260623325
U305639,active,0.083906329686664
U305640,active,0.08304169643963644
U305641,active,0.08356769268518982
U305642,lapsed,0.265250976699899
U305643,active,0.08320348290948865
U305644,new,0.23071458292338445
U305645,active,0.08318860323485466
U305646,high_frequency,0.030794642302471642
U305647,lapsed,0.26311975099866547
U305648,new,0.23071458292338445
U305649,lapsed,0.2598888529491228
U305650,lapsed,0.2593301998140425
U305651,active,0.08367931898585101
U305652,active,0.08415437324582209
U305653,new,0.23196342468830272
U305654,new,0.23196342468830272
U305655,new,0.23196342468830272
U305656,new,0.23071458292338445
U305657,active,0.08360197003660197
U305658,lapsed,0.2582876515775475
U305659,new,0.22759105381186867
U305660,lapsed,0.2593561873235179
U305661,active,0.08368084615902238
U305662,lapsed,0.26072689310303315
U305663,high_frequency,0.029050861658659666
U305664,active,0.08342440959814412
U305665,active,0.08367931898585101
U305666,active,0.08391519278437543
U305667,active,0.08331537838889769
U305668,active,0.08308322683929237
U305669,new,0.23071458292338445
U305670,lapsed,0.2638455312972746
U305671,lapsed,0.25821576553910375
U305672,lapsed,0.2632882696798612
U305673,active,0.08440047006562112
U305674,high_frequency,0.029555449025301828
U305675,active,0.08370699409995175
U305676,active,0.08391371642004286
U305677,active,0.08368389953438671
U305678,lapsed,0.261382830028298
U305679,active,0.08343861744982106
U305680,active,0.08405859173032482
U305681,active,0.08329452660565928
U305682,high_frequency,0.029987561645064997
U305683,high_frequency,0.029458826206618105
U305684,new,0.22759105381186867
U305685,lapsed,0.2633421240626909
U305686,high_frequency,0.02982017766427092
U305687,new,0.23071458292338445
U305688,active,0.08308652030618746
U305689,active,0.083906329686664
U305690,active,0.08403300628221866
U305691,lapsed,0.2640548313533744
U305692,high_frequency,0.029050861658659666
U305693,new,0.23071458292338445
U305694,new,0.23196342468830272
U305695,active,0.08370475559471102
U305696,lapsed,0.26050615366016255
U305697,lapsed,0.26556156121492835
U305698,lapsed,0.256153826852902
U305699,active,0.08335557378121572
U305700,new,0.23071458292338445
U305701,high_frequency,0.028748469479928818
U305702,new,0.23196342468830272
U305703,active,0.08333642383025608
U305704,lapsed,0.25917149774437065
U305705,lapsed,0.26109450672241485
U305706,high_frequency,0.027860647374670533
U305707,active,0.0833137763108861
U305708,active,0.08392993841094198
U305709,new,0.23071458292338445
U305710,new,0.23071458292338445
U305711,new,0.23196342468830272
U305712,active,0.08254178862291794
U305713,active,0.08344334764697148
U305714,new,0.23196342468830272
U305715,lapsed,0.2648387456367153
U305716,new,0.23196342468830272
U305717,active,0.08380576493035741
U305718,new,0.23071458292338445
U305719,active,0.08384120425671304
U305720,active,0.08354906062891865
U305721,new,0.22759105381186867
U305722,lapsed,0.2552099232417727
U305723,lapsed,0.2633790020932657
U305724,lapsed,0.26122707809468226
U305725,lapsed,0.26229107744450575
U305726,lapsed,0.26325748949178873
U305727,lapsed,0.26146680793184385
U305728,lapsed,0.26437866335884497
U305729,active,0.08346405527123046
U305730,active,0.08307004041791655
U305731,high_frequency,0.02968440188396737
U305732,lapsed,0.2635037548220327
U305733,new,0.23071458292338445
U305734,high_frequency,0.02891733760385995
U305735,new,0.23071458292338445
U305736,active,0.08384339945549879
U305737,active,0.08329934331774758
U305738,high_frequency,0.029952656652202703
U305739,lapsed,0.26334011749825714
U305740,active,0.08395740092257675
U305741,active,0.08344492373986401
U305742,active,0.08344492373986401
U305743,new,0.23196342468830272
U305744,active,0.0832002344885654
U305745,lapsed,0.26188891906296274
U305746,lapsed,0.26465061965837855
U305747,lapsed,0.26360743232647066
U305748,active,0.08395740092257675
U305749,high_frequency,0.029150621893650364
U305750,high_frequency,0.029320817404282384
U305751,high_frequency,0.02959277186223852
U305752,high_frequency,0.029148941198326672
U305753,active,0.08294455751832652
U305754,active,0.08309474847880127
U305755,high_frequency,0.02851751205779507
U305756,new,0.23196342468830272
U305757,new,0.22759105381186867
U305758,active,0.0834228293503475
U305759,new,0.22759105381186867
U305760,high_frequency,0.02958692392644713
U305761,high_frequency,0.029020370795432182
U305762,high_frequency,0.029455458936417434
U305763,active,0.08404459372495576
U305764,lapsed,0.26340492455076814
U305765,active,0.08320348290948865
U305766,new,0.23071458292338445
U305767,high_frequency,0.029589402304420642
U305768,new,0.22759105381186867
U305769,new,0.22759105381186867
U305770,new,0.23196342468830272
U305771,high_frequency,0.02982017766427092
U305772,new,0.23071458292338445
U305773,lapsed,0.2582937696898956
U305774,active,0.08335238530480604
U305775,lapsed,0.2611293440448795
U305776,high_frequency,0.02982186420987809
U305777,high_frequency,0.029322499797363566
U305778,high_frequency,0.029855858758369713
U305779,lapsed,0.25759163314549716
U305780,high_frequency,0.029954344101715158
U305781,lapsed,0.2578976018762053
U305782,high_frequency,0.028520858690659012
U305783,lapsed,0.26122707809468226
U305784,new,0.23196342468830272
U305785,high_frequency,0.029414795797820248
U305786,new,0.22759105381186867
U305787,high_frequency,0.029287704871694964
U305788,lapsed,0.2651672268486248
U305789,lapsed,0.26309382325661546
U305790,active,0.08309639317117479
U305791,new,0.23196342468830272
U305792,high_frequency,0.029050861658659666
U305793,active,0.08372371049798699
U305794,active,0.08321646395697502
U305795,high_frequency,0.030622697437709845
U305796,active,0.08330415717311879
U305797,lapsed,0.2623928350265909
U305798,new,0.23071458292338445
U305799,active,0.08367473552468052
U305800,active,0.08342440959814412
U305801,new,0.23196342468830272
U305802,high_frequency,0.02834915108366698
U305803,lapsed,0.2599059510022321
U305804,active,0.08318860323485466
U305805,new,0.23071458292338445
U305806,lapsed,0.2634697285676722
U305807,lapsed,0.2622570224657559
U305808,lapsed,0.2626542248578383
U305809,high_frequency,0.02878728712302414
U305810,new,0.23196342468830272
U305811,active,0.08305657816530809
U305812,lapsed,0.2613438934462387
U305813,lapsed,0.2644871236752356
U305814,new,0.23196342468830272
U305815,new,0.23071458292338445
U305816,new,0.23071458292338445
U305817,lapsed,0.26711400407362845
U305818,lapsed,0.26389936369976386
U305819,new,0.23071458292338445
U305820,high_frequency,0.029458826206618105
U305821,lapsed,0.2592494655902507
U305822,active,0.08368084615902238
U305823,lapsed,0.26468337214947807
U305824,high_frequency,0.028751821933183597
U305825,active,0.08368084615902238
U305826,new,0.23071458292338445
U305827,new,0.23071458292338445
U305828,lapsed,0.26114232471516585
U305829,lapsed,0.26123117715321686
U305830,active,0.0840228499733936
U305831,high_frequency,0.029720061777358198
U305832,active,0.08322456684044732
U305833,active,0.08418512556536406
U305834,new,0.23071458292338445
U305835,lapsed,0.25787159611761457
U305836,lapsed,0.2595121050047392
U305837,high_frequency,0.02968271636452058
U305838,lapsed,0.2569673327758143
U305839,active,0.08406436476621959
U305840,active,0.0832961324937248
U305841,active,0.08320510664618486
U305842,high_frequency,0.029555449025301828
U305843,active,0.08417096274478408
U305844,active,0.08344334764697148
U305845,high_frequency,0.029555449025301828
U305846,active,0.08383145289584937
U305847,active,0.08470448070849113
U305848,lapsed,0.26447417302997905
U305849,lapsed,0.26233685697318976
U305850,high_frequency,0.02971758187480611
U305851,new,0.23071458292338445
U305852,high_frequency,0.02865233158257441
U305853,new,0.23196342468830272
U305854,active,0.0839500628378741
U305855,active,0.0839255181632157
U305856,lapsed,0.26214838823391123
U305857,new,0.23071458292338445
U305858,lapsed,0.2634069310214217
U305859,lapsed,0.2569734543870267
U305860,lapsed,0.26411150236825737
U305861,new,0.23196342468830272
U305862,new,0.23071458292338445
U305863,high_frequency,0.028524205411251558
U305864,lapsed,0.2653953412213382
U305865,active,0.08342598952648761
U305866,active,0.08358032797834425
U305867,high_frequency,0.029722639277911966
U305868,new,0.23196342468830272
U305869,lapsed,0.26497915037009057
U305870,high_frequency,0.02985754555567166
U305871,new,0.23196342468830272
U305872,lapsed,0.2650179863682731
U305873,lapsed,0.26044533180506857
U305874,new,0.22759105381186867
U305875,lapsed,0.2598669809772889
U305876,lapsed,0.259434147749791
U305877,new,0.23196342468830272
U305878,active,0.0829612736655767
U305879,active,0.08344334764697148
U305880,active,0.08369152730758678
U305881,active,0.08359115690090058
U305882,active,0.08355216918773123
U305883,active,0.08429657786840283
U305884,high_frequency,0.029950969213676015
U305885,new,0.23196342468830272
U305886,active,0.08307004041791655
U305887,lapsed,0.26302414546514435
U305888,new,0.23196342468830272
U305889,active,0.08331057120194474
U305890,lapsed,0.25660920715305074
U305891,high_frequency,0.02915230260623325
U305892,new,0.22759105381186867
U305893,high_frequency,0.029416479061492695
U305894,new,0.23196342468830272
U305895,lapsed,0.26223718392441536
U305896,new,0.23071458292338445
U305897,new,0.23196342468830272
U305898,high_frequency,0.02892237224195926
U305899,new,0.23071458292338445
U305900,active,0.08381326193716632
U305901,active,0.0830499671985071
U305902,high_frequency,0.028883518004450215
U305903,lapsed,0.26414350701614453
U305904,lapsed,0.26373091999911735
U305905,active,0.08293953659573472
U305906,active,0.08334281223774365
U305907,active,0.08281220546392365
U305908,active,0.08428128804843671
U305909,active,0.08425382725503083
U305910,high_frequency,0.02915398333606256
U305911,new,0.23196342468830272
U305912,new,0.22759105381186867
U305913,high_frequency,0.02968777296222025
U305914,high_frequency,0.029189542869858975
U305915,active,0.08372522822490591
U305916,active,0.0834797597032586
U305917,lapsed,0.26403987088217973
U305918,lapsed,0.26231701948571806
U305919,high_frequency,0.02981680460921088
U305920,active,0.08307663613893557
U305921,lapsed,0.2602655236323049
U305922,new,0.23196342468830272
U305923,active,0.08414298811871546
U305924,lapsed,0.2651413394478972
U305925,high_frequency,0.030388803168371448
U305926,lapsed,0.2567002738210699
U305927,active,0.08428685265437974
U305928,high_frequency,0.028615226937070637
U305929,active,0.08347034088669192
U305930,active,0.08415721621352812
U305931,new,0.23196342468830272
U305932,new,0.23071458292338445
U305933,lapsed,0.2636013336263322
U305934,active,0.08380876471036303
U305935,high_frequency,0.029187861778183333
U305936,active,0.08428685265437974
U305937,active,0.08343861744982106
U305938,high_frequency,0.029054221008190773
U305939,lapsed,0.26418922600390726
U305940,high_frequency,0.029183707770100265
U305941,high_frequency,0.029988356641826974
U305942,high_frequency,0.029952656652202703
U305943,new,0.23196342468830272
U305944,lapsed,0.2605970497976526
U305945,high_frequency,0.028123939149161337
U305946,active,0.08367473552468052
U305947,active,0.08356769268518982
U305948,new,0.23071458292338445
U305949,high_frequency,0.029454665849425687
U305950,active,0.08402575342267526
U305951,new,0.22759105381186867
U305952,new,0.23071458292338445
U305953,lapsed,0.2655098026823251
U305954,active,0.08391519278437543
U305955,new,0.23071458292338445
U305956,lapsed,0.26229107744450575
U305957,lapsed,0.26437056317780483
U305958,active,0.08450111051782372
U305959,active,0.0849070488553777
U305960,new,0.23071458292338445
U305961,active,0.08379976146210522
U305962,high_frequency,0.029720953464037025
U305963,active,0.08428407101861402
U305964,active,0.08355527646037475
U305965,active,0.08307498767930088
U305966,lapsed,0.2585086485176004
U305967,active,0.08371084073093127
U305968,new,0.23071458292338445
U305969,active,0.08367931898585101
U305970,lapsed,0.2643507547062838
U305971,high_frequency,0.029321609912897673
U305972,high_frequency,0.028256654750399846
U305973,new,0.23196342468830272
U305974,high_frequency,0.030085203382456016
U305975,new,0.22759105381186867
U305976,high_frequency,0.030392182830492942
U305977,new,0.23071458292338445
U305978,new,0.23196342468830272
U305979,active,0.08368542573652948
U305980,lapsed,0.2640289213421928
U305981,new,0.22759105381186867
U305982,new,0.23196342468830272
U305983,active,0.08321646395697502
U305984,lapsed,0.26338710827912654
U305985,lapsed,0.26128510531054294
U305986,active,0.08358032797834425
U305987,new,0.23196342468830272
U305988,lapsed,0.25991483274819627
U305989,new,0.23071458292338445
U305990,high_frequency,0.030893371646305456
U305991,lapsed,0.26139580868043405
U305992,high_frequency,0.028885195812469955
U305993,active,0.08355216918773123
U305994,lapsed,0.2618629697422049
U305995,active,0.08394271655119012
U305996,lapsed,0.2635494956244048
U305997,new,0.23196342468830272
U305998,new,0.23071458292338445
U305999,high_frequency,0.03012519056492957
U306000,new,0.23071458292338445
U306001,active,0.08296628242852
U306002,active,0.08334760020317344
U306003,high_frequency,0.028750145696427865
U306004,active,0.08333642383025608
U306005,high_frequency,0.02865065656989363
U306006,lapsed,0.2638216230769007
U306007,lapsed,0.2643118982756626
U306008,active,0.08379976146210522
U306009,high_frequency,0.029284340767163797
U306010,active,0.08357877970119143
U306011,active,0.08395740092257675
U306012,high_frequency,0.029287704871694964
U306013,active,0.08356924326547444
U306014,lapsed,0.25194683119868055
U306015,lapsed,0.2607528605813327
U306016,active,0.08342756913535176
U306017,active,0.08308322683929237
U306018,high_frequency,0.030122608970086007
U306019,new,0.23196342468830272
U306020,high_frequency,0.029719267662997373
U306021,lapsed,0.26349765566002475
U306022,active,0.0845091312500682
U306023,new,0.22759105381186867
U306024,active,0.08330896817106692
U306025,high_frequency,0.029187861778183333
U306026,new,0.23071458292338445
U306027,lapsed,0.26622813002006984
U306028,active,0.08334281223774365
U306029,new,0.22759105381186867
U306030,high_frequency,0.029987561645064997
U306031,new,0.23196342468830272
U306032,new,0.23071458292338445
U306033,high_frequency,0.028881840215698618
U306034,high_frequency,0.02985754555567166
U306035,active,0.08321970605873918
U306036,high_frequency,0.0300885799317121
U306037,lapsed,0.26272392057719557
U306038,active,0.0835459507841404
U306039,new,0.23196342468830272
U306040,active,0.08372067407111006
U306041,lapsed,0.2573055156163938
U306042,active,0.08333642383025608
U306043,active,0.08381326193716632
U306044,lapsed,0.2636511635483521
U306045,active,0.08322294689603815
U306046,lapsed,0.2583546596564277
U306047,active,0.08428824297180049
U306048,lapsed,0.25560038220675724
U306049,new,0.23071458292338445
U306050,high_frequency,0.02918618070348311
U306051,new,0.23071458292338445
U306052,high_frequency,0.02968271636452058
U306053,active,0.08368542573652948
U306054,new,0.23196342468830272
U306055,active,0.08347662137889356
U306056,lapsed,0.2587645045911109
U306057,active,0.08355838244664582
U306058,active,0.08307333890590185
U306059,active,0.08296461315283832
U306060,active,0.08317231960788107
U306061,active,0.08416954463783122
U306062,high_frequency,0.02861690150316243
U306063,high_frequency,0.028125606950874737
U306064,new,0.22759105381186867
U306065,high_frequency,0.02879064050771485
U306066,active,0.0833507905891715
U306067,new,0.23196342468830272
U306068,new,0.23071458292338445
U306069,active,0.08309803754943601
U306070,lapsed,0.2632315642887349
U306071,lapsed,0.26130495592798975
U306072,active,0.0842951895533608
U306073,lapsed,0.25608187768962376
U306074,new,0.22759105381186867
U306075,high_frequency,0.02968777296222025
U306076,active,0.08318372145946695
U306077,active,0.08305327330873225
U306078,high_frequency,0.03012181359276367
U306079,high_frequency,0.028524205411251558
U306080,high_frequency,0.028480445951612143
U306081,high_frequency,0.028654006616229744
U306082,active,0.08450779530458985
U306083,lapsed,0.2640337741447233
U306084,new,0.23071458292338445
U306085,new,0.22759105381186867
U306086,lapsed,0.263151778969717
U306087,high_frequency,0.029414795797820248
U306088,active,0.08293786233169609
U306089,lapsed,0.26294434845360426
U306090,active,0.08307168981876467
U306091,new,0.23196342468830272
U306092,new,0.22759105381186867
U306093,new,0.23071458292338445
U306094,lapsed,0.26105632049889926
U306095,active,0.08380726498322422
U306096,high_frequency,0.02968777296222025
U306097,active,0.08345933769848368
U306098,high_frequency,0.028480445951612143
U306099,high_frequency,0.03106626969257309
U306100,high_frequency,0.028883518004450215
U306101,high_frequency,0.02968271636452058
U306102,new,0.23196342468830272
U306103,high_frequency,0.02945129865296303
U306104,active,0.08366708995204575
U306105,high_frequency,0.03026119399033811
U306106,high_frequency,0.029148941198326672
U306107,high_frequency,0.02892237224195926
U306108,active,0.08370323350048448
U306109,active,0.08296294356518163
U306110,active,0.08344019450192408
U306111,active,0.08317883684430072
U306112,high_frequency,0.02985923236472221
U306113,active,0.08342914842471127
U306114,active,0.08417304826438321
U306115,lapsed,0.26312585181581477
U306116,active,0.08406147890810844
U306117,lapsed,0.26221124050742783
U306118,active,0.08403445586587954
U306119,active,0.08316742836934499
U306120,high_frequency,0.029148941198326672
U306121,lapsed,0.2646117722998427
U306122,new,0.23196342468830272
U306123,high_frequency,0.029583554464995943
U306124,new,0.23196342468830272
U306125,lapsed,0.263575414871116
U306126,lapsed,0.2585415222893038
U306127,high_frequency,0.029015332894692936
U306128,new,0.22759105381186867
U306129,new,0.23071458292338445
U306130,active,0.0833121739152265
U306131,high_frequency,0.028746793283698335
U306132,active,0.08322132663546011
U306133,active,0.08334121561298902
U306134,high_frequency,0.031599346162141995
U306135,high_frequency,0.028524205411251558
U306136,new,0.23071458292338445
U306137,active,0.08321970605873918
U306138,new,0.23071458292338445
U306139,active,0.08368237300854264
U306140,new,0.23071458292338445
U306141,lapsed,0.2588465986910696
U306142,new,0.22759105381186867
U306143,high_frequency,0.030358921930328187
U306144,high_frequency,0.029552080088029453
U306145,active,0.08356459055925669
U306146,new,0.23071458292338445
U306147,lapsed,0.2584265410340664
U306148,lapsed,0.26506976580588926
U306149,active,0.08295459094821556
U306150,high_frequency,0.031569434579274525
U306151,lapsed,0.2636661283582946
U306152,lapsed,0.2564010428896712
U306153,active,0.0840715736366785
U306154,lapsed,0.2611293440448795
U306155,active,0.08342756913535176
U306156,high_frequency,0.029150621893650364
U306157,lapsed,0.26304806750030924
U306158,high_frequency,0.029591087076400457
U306159,active,0.08368084615902238
U306160,active,0.08367167826610378
U306161,lapsed,0.2605642057672042
U306162,high_frequency,0.03009026822117733
U306163,lapsed,0.25891846301440596
U306164,active,0.08358961087830341
U306165,active,0.08369305189084775
U306166,active,0.0834228293503475
U306167,lapsed,0.25938628372721667
U306168,active,0.08369152730758678
U306169,active,0.08317720800830686
U306170,high_frequency,0.029952656652202703
U306171,active,0.08382626299707407
U306172,new,0.23071458292338445
U306173,lapsed,0.2638325743194389
U306174,high_frequency,0.030396358547801317
U306175,lapsed,0.2601746103378672
U306176,active,0.0830400413480814
U306177,lapsed,0.2595182194060871
U306178,high_frequency,0.029956031562199614
U306179,high_frequency,0.02968945852099969
U306180,active,0.08320185885693998
U306181,high_frequency,0.02915398333606256
U306182,lapsed,0.2638844014793002
U306183,active,0.08416954463783122
U306184,active,0.08355682961431954
U306185,active,0.08393141117138792
U306186,active,0.08330255287211841
U306187,new,0.23071458292338445
U306188,lapsed,0.262816696384255
U306189,high_frequency,0.029280976727585895
U306190,lapsed,0.2604083779610866
U306191,active,0.08280541273496778
U306192,active,0.08370931993302899
U306193,active,0.08281559997144894
U306194,high_frequency,0.03021950025268083
U306195,active,0.08343704007803243
U306196,new,0.23071458292338445
U306197,new,0.23071458292338445
U306198,active,0.0830782842847787
U306199,active,0.08320835317191488
U306200,high_frequency,0.02905758042967721
U306201,active,0.08344177123431618
U306202,lapsed,0.25906342589528425
U306203,new,0.23196342468830272
U306204,active,0.08319022986213187
U306205,lapsed,0.25973707495094045
U306206,high_frequency,0.029725119237093867
U306207,lapsed,0.25630996591246225
U306208,high_frequency,0.02945209172588581
U306209,lapsed,0.25688239747443586
U306210,active,0.08391223972823014
U306211,lapsed,0.2617393231633758
U306212,high_frequency,0.02905758042967721
U306213,active,0.08369152730758678
U306214,lapsed,0.2597110926549412
U306215,new,0.23196342468830272
U306216,lapsed,0.2597719393183138
U306217,active,0.0835459507841404
U306218,new,0.23196342468830272
U306219,active,0.08359733776922829
U306220,high_frequency,0.030256126359079483
U306221,lapsed,0.26414350701614453
U306222,high_frequency,0.02968271636452058
U306223,high_frequency,0.028655681670848088
U306224,active,0.08347662137889356
U306225,active,0.08334760020317344
U306226,active,0.08334919555528542
U306227,active,0.08395809183753633
U306228,active,0.08416812619917313
U306229,new,0.23196342468830272
U306230,active,0.08332843116569921
U306231,active,0.08303507419433731
U306232,high_frequency,0.03012181359276367
U306233,active,0.08344492373986401
U306234,active,0.08358806453355094
U306235,active,0.08382476707748254
U306236,new,0.23196342468830272
U306237,active,0.08379675777425377
U306238,active,0.08321646395697502
U306239,new,0.23071458292338445
U306240,active,0.08380726498322422
U306241,lapsed,0.26070703559426256
U306242,active,0.0834750517362387
U306243,lapsed,0.26344581374024534
U306244,active,0.08481943511562318
U306245,lapsed,0.2593042119556439
U306246,high_frequency,0.027991380166474844
U306247,active,0.0830782842847787
U306248,active,0.0840715736366785
U306249,lapsed,0.26467651723733987
U306250,active,0.08319022986213187
U306251,active,0.08372067407111006
U306252,active,0.08360042626980158
U306253,high_frequency,0.029954344101715158
U306254,active,0.0833121739152265
U306255,active,0.08369000240049962
U306256,lapsed,0.2591393921952266
U306257,lapsed,0.2628426291586787
U306258,high_frequency,0.03089168024023725
U306259,lapsed,0.2644891285160539
U306260,new,0.23196342468830272
U306261,active,0.0840228499733936
U306262,active,0.08406869107858295
U306263,high_frequency,0.030396358547801317
U306264,lapsed,0.2681798961752556
U306265,new,0.23196342468830272
U306266,high_frequency,0.029719267662997373
U306267,high_frequency,0.028389521045385835
U306268,active,0.08394418646454016
U306269,active,0.08418088020373704
U306270,new,0.22759105381186867
U306271,active,0.08366708995204575
U306272,active,0.0842951895533608
U306273,new,0.23196342468830272
U306274,active,0.08406436476621959
U306275,high_frequency,0.02968945852099969
U306276,high_frequency,0.029189542869858975
U306277,lapsed,0.26468946582846914
U306278,high_frequency,0.029454665849425687
U306279,lapsed,0.2617393231633758
U306280,active,0.0832261864686612
U306281,active,0.08379976146210522
U306282,high_frequency,0.02968945852099969
U306283,lapsed,0.2639621384517486
U306284,high_frequency,0.02972432510460843
U306285,active,0.08321159843391845
U306286,high_frequency,0.030126879065403123
U306287,active,0.08406869107858295
U306288,active,0.08358961087830341
U306289,high_frequency,0.02901869147692515
U306290,active,0.08334281223774365
U306291,lapsed,0.2626412568463636
U306292,active,0.08356148714634082
U306293,active,0.08304335121796691
U306294,active,0.08316905909749195
U306295,active,0.083836725303708
U306296,active,0.08346562715531136
U306297,active,0.08371155700795929
U306298,high_frequency,0.028788963805384538
U306299,lapsed,0.2614996341279287
U306300,active,0.08317068951034601
U306301,lapsed,0.26651944292313845
U306302,lapsed,0.2625962490860503
U306303,high_frequency,0.0299926246981983
U306304,new,0.23071458292338445
U306305,active,0.0833460045328619
U306306,active,0.0830400413480814
U306307,lapsed,0.26344581374024534
U306308,active,0.08341966789649757
U306309,high_frequency,0.028750145696427865
U306310,active,0.08426360775152653
U306311,new,0.23071458292338445
U306312,new,0.23196342468830272
U306313,active,0.08295960345405051
U306314,active,0.08308322683929237
U306315,new,0.23071458292338445
U306316,new,0.23196342468830272
U306317,active,0.08367779148905352
U306318,lapsed,0.26462957212575977
U306319,new,0.23196342468830272
U306320,lapsed,0.26494231728048667
U306321,lapsed,0.26431875513648495
U306322,active,0.08331057120194474
U306323,lapsed,0.2659306557708917
U306324,lapsed,0.2673017331109306
U306325,lapsed,0.25539214359412876
U306326,new,0.23071458292338445
U306327,high_frequency,0.0297234334043619
U306328,lapsed,0.2651364908581292
U306329,lapsed,0.2652448857717445
U306330,new,0.22759105381186867
U306331,new,0.23196342468830272
U306332,new,0.23196342468830272
U306333,lapsed,0.25959416786107564
U306334,new,0.23196342468830272
U306335,new,0.22759105381186867
U306336,lapsed,0.2655186561417796
U306337,lapsed,0.25820964720559336
U306338,active,0.08281220546392365
U306339,lapsed,0.25520303259054655
U306340,new,0.23196342468830272
U306341,active,0.08372067407111006
U306342,active,0.08406147890810844
U306343,new,0.23196342468830272
U306344,high_frequency,0.029050861658659666
U306345,new,0.22759105381186867
U306346,new,0.22759105381186867
U306347,active,0.0831739493900705
U306348,active,0.0839255181632157
U306349,new,0.23196342468830272
U306350,new,0.23196342468830272
U306351,active,0.08332843116569921
U306352,new,0.22759105381186867
U306353,high_frequency,0.028655681670848088
U306354,high_frequency,0.02968440188396737
U306355,active,0.08322456684044732
U306356,high_frequency,0.029187069886503547
U306357,high_frequency,0.03026119399033811
U306358,active,0.08280541273496778
U306359,lapsed,0.2642798977483923
U306360,new,0.23071458292338445
U306361,high_frequency,0.029020370795432182
U306362,active,0.08451313706235297
U306363,high_frequency,0.029726805082627705
U306364,high_frequency,0.02982017766427092
U306365,new,0.22759105381186867
U306366,lapsed,0.2643118982756626
U306367,active,0.08355061506908323
U306368,lapsed,0.26626692535896906
U306369,high_frequency,0.02905758042967721
U306370,new,0.23071458292338445
U306371,lapsed,0.26168131240688103
U306372,high_frequency,0.029148941198326672
U306373,active,0.08296628242852
U306374,lapsed,0.2569994700387191
U306375,active,0.0840715736366785
U306376,lapsed,0.2596221571034765
U306377,high_frequency,0.02918618070348311
U306378,lapsed,0.2641823684621347
U306379,active,0.08344492373986401
U306380,active,0.08354750586726234
U306381,active,0.08342756913535176
U306382,active,0.08395515789727415
U306383,new,0.23071458292338445
U306384,active,0.08405714764661543
U306385,active,0.0834609105427907
U306386,lapsed,0.25502769239632384
U306387,high_frequency,0.03012012512109874
U306388,high_frequency,0.029287704871694964
U306389,new,0.23196342468830272
U306390,lapsed,0.26426694502778925
U306391,active,0.08354906062891865
U306392,active,0.08404169884162849
U306393,lapsed,0.26152558943869764
U306394,active,0.08368847716961103
U306395,high_frequency,0.029287704871694964
U306396,new,0.23071458292338445
U306397,active,0.08320185885693998
U306398,new,0.23071458292338445
U306399,new,0.22759105381186867
U306400,active,0.083593520051497
U306401,high_frequency,0.02888016244622782
U306402,new,0.23196342468830272
U306403,lapsed,0.26143273487692187
U306404,new,0.23071458292338445
U306405,new,0.23196342468830272
U306406,lapsed,0.26657924187608567
U306407,new,0.23071458292338445
U306408,new,0.23071458292338445
U306409,active,0.08318046536484303
U306410,new,0.23071458292338445
U306411,lapsed,0.26372406009547167
U306412,new,0.23196342468830272
U306413,lapsed,0.25796873397296727
U306414,high_frequency,0.029020370795432182
U306415,new,0.22759105381186867
U306416,active,0.08394859423659895
U306417,active,0.08370931993302899
U306418,active,0.08402720465333602
U306419,high_frequency,0.028885195812469955
U306420,high_frequency,0.02888016244622782
U306421,lapsed,0.2579236073331382
U306422,high_frequency,0.028083661270968507
U306423,active,0.08330415717311879
U306424,lapsed,0.26171823198022787
U306425,high_frequency,0.02891733760385995
U306426,high_frequency,0.02968271636452058
U306427,new,0.23196342468830272
U306428,new,0.23071458292338445
U306429,active,0.08344019450192408
U306430,active,0.08320185885693998
U306431,lapsed,0.25975894845897146
U306432,active,0.08345933769848368
U306433,active,0.08370018834000093
U306434,active,0.08330736482261925
U306435,high_frequency,0.030357232243972687
U306436,lapsed,0.26017259971009543
U306437,active,0.08344492373986401
U306438,lapsed,0.2619716242484872
U306439,high_frequency,0.029054221008190773
U306440,active,0.08382327083187535
U306441,lapsed,0.26466356851393946
U306442,active,0.0835443953795777
U306443,lapsed,0.26057518652289796
U306444,active,0.08369152730758678
U306445,active,0.08368084615902238
U306446,high_frequency,0.030124297455892846
U306447,new,0.23196342468830272
U306448,high_frequency,0.030657668924616077
U306449,active,0.08406436476621959
U306450,active,0.08342124878312329
U306451,high_frequency,0.028655681670848088
U306452,lapsed,0.26438551986636233
U306453,lapsed,0.26232187819876196
U306454,active,0.08295960345405051
U306455,active,0.08345776453415266
U306456,lapsed,0.26082875076584056
U306457,new,0.23196342468830272
U306458,new,0.23071458292338445
U306459,high_frequency,0.02915398333606256
U306460,active,0.08343230604481233
U306461,lapsed,0.2636122866516625
U306462,lapsed,0.2632943697644299
U306463,lapsed,0.26478010225346493
U306464,high_frequency,0.03012012512109874
U306465,active,0.08344019450192408
U306466,new,0.22759105381186867
U306467,lapsed,0.2632882696798612
U306468,high_frequency,0.029421528943775588
U306469,new,0.23071458292338445
U306470,new,0.23071458292338445
U306471,lapsed,0.25919137195412345
U306472,new,0.23071458292338445
U306473,new,0.22759105381186867
U306474,new,0.23071458292338445
U306475,active,0.08426500363244271
U306476,lapsed,0.26169428862893784
U306477,active,0.08335397970216274
U306478,new,0.23071458292338445
U306479,high_frequency,0.029418162340384968
U306480,active,0.08394712530726889
U306481,new,0.23196342468830272
U306482,high_frequency,0.02905758042967721
U306483,lapsed,0.2578907182700879
U306484,active,0.08390928536226139
U306485,high_frequency,0.02915398333606256
U306486,active,0.0837952554419833
U306487,lapsed,0.26350174849229235
U306488,active,0.08330255287211841
U306489,new,0.23071458292338445
U306490,active,0.08280711138137631
U306491,lapsed,0.261497625076495
U306492,high_frequency,0.0293249747300246
U306493,active,0.08317068951034601
U306494,new,0.23071458292338445
U306495,lapsed,0.2573315277291308
U306496,active,0.08394271655119012
U306497,active,0.08344649951296823
U306498,lapsed,0.26571073478643126
U306499,lapsed,0.2657705756489444
U306500,active,0.08307663613893557
U306501,new,0.23071458292338445
U306502,active,0.08380726498322422
U306503,lapsed,0.26297027892257463
U306504,high_frequency,0.02914726052027461
U306505,lapsed,0.26230404852116246
U306506,active,0.08321970605873918
U306507,high_frequency,0.03119573486966365
U306508,lapsed,0.2643896099715449
U306509,active,0.08448948068715856
U306510,active,0.08402575342267526
U306511,high_frequency,0.029855858758369713
U306512,high_frequency,0.0292826587392494
U306513,lapsed,0.26017947543353126
U306514,high_frequency,0.02968440188396737
U306515,active,0.08280541273496778
U306516,lapsed,0.26203649216667646
U306517,active,0.08322294689603815
U306518,lapsed,0.2610303577063508
U306519,new,0.22759105381186867
U306520,lapsed,0.2625375086255698
U306521,lapsed,0.26030859223916436
U306522,active,0.08428824297180049
U306523,active,0.08294790324184709
U306524,high_frequency,0.028520858690659012
U306525,new,0.23071458292338445
U306526,active,0.08307498767930088
U306527,new,0.23071458292338445
U306528,lapsed,0.2650050411705957
U306529,active,0.0845051224016915
U306530,new,0.22759105381186867
U306531,high_frequency,0.02865065656989363
U306532,high_frequency,0.029280976727585895
U306533,lapsed,0.2656023816838995
U306534,lapsed,0.26171136847453863
U306535,active,0.0838322434147909
U306536,high_frequency,0.02998924931875624
U306537,new,0.23071458292338445
U306538,lapsed,0.26665680721252716
U306539,active,0.08345776453415266
U306540,lapsed,0.26001674335651925
U306541,active,0.08367473552468052
U306542,lapsed,0.264793049782432
U306543,high_frequency,0.029954344101715158
U306544,high_frequency,0.029823550767518747
U306545,active,0.08370090568560073
U306546,new,0.22759105381186867
U306547,active,0.0835443953795777
U306548,active,0.08303507419433731
U306549,high_frequency,0.028654006616229744
U306550,active,0.08307004041791655
U306551,active,0.08320348290948865
U306552,lapsed,0.26213541582057776
U306553,active,0.08342440959814412
U306554,lapsed,0.26231091527512695
U306555,lapsed,0.2626931282014643
U306556,active,0.08356148714634082
U306557,active,0.08317557885688798
U306558,new,0.23071458292338445
U306559,new,0.23071458292338445
U306560,new,0.23196342468830272
U306561,high_frequency,0.029552080088029453
U306562,active,0.08383373770393465
U306563,lapsed,0.261317935204579
U306564,lapsed,0.26555547185116046
U306565,high_frequency,0.03026119399033811
U306566,active,0.08320348290948865
U306567,active,0.08379675777425377
U306568,lapsed,0.26554862179130423
U306569,lapsed,0.26335917895142347
U306570,active,0.08307004041791655
U306571,new,0.23071458292338445
U306572,active,0.08331057120194474
U306573,active,0.08320835317191488
U306574,active,0.08366708995204575
U306575,lapsed,0.2592453560561639
U306576,active,0.0840715736366785
U306577,new,0.22759105381186867
U306578,lapsed,0.2592002570500408
U306579,new,0.23071458292338445
U306580,new,0.23071458292338445
U306581,new,0.23071458292338445
U306582,active,0.08320673006700241
U306583,new,0.23196342468830272
U306584,active,0.08346405527123046
U306585,lapsed,0.26540018878213145
U306586,lapsed,0.2594402624008642
U306587,new,0.23071458292338445
U306588,active,0.08360197003660197
U306589,active,0.0836050566031038
U306590,lapsed,0.2624078130895778
U306591,new,0.23071458292338445
U306592,new,0.23196342468830272
U306593,high_frequency,0.028654006616229744
U306594,lapsed,0.2658271686592776
U306595,new,0.23071458292338445
U306596,active,0.08367779148905352
U306597,new,0.22759105381186867
U306598,active,0.08318372145946695
U306599,high_frequency,0.03089506305554157
U306600,active,0.08406436476621959
U306601,high_frequency,0.03106626969257309
U306602,lapsed,0.26557450049868236
U306603,new,0.23196342468830272
U306604,active,0.08458188481208417
U306605,active,0.08428685265437974
U306606,lapsed,0.26197973825892307
U306607,new,0.22759105381186867
U306608,new,0.22759105381186867
U306609,high_frequency,0.028751821933183597
U306610,high_frequency,0.030659359753184123
U306611,active,0.0833121739152265
U306612,active,0.08358888249496299
U306613,new,0.23071458292338445
U306614,active,0.0842910226056024
U306615,new,0.22759105381186867
U306616,active,0.08382247927814479
U306617,new,0.23196342468830272
U306618,lapsed,0.264346664478287
U306619,new,0.22759105381186867
U306620,lapsed,0.2625504775535757
U306621,lapsed,0.25975006596308453
U306622,active,0.08330255287211841
U306623,new,0.23196342468830272
U306624,active,0.08317883684430072
U306625,lapsed,0.2615836059056496
U306626,high_frequency,0.028613552392224628
U306627,active,0.0841865400220112
U306628,new,0.23071458292338445
U306629,active,0.08333482593327524
U306630,active,0.08355838244664582
U306631,new,0.23071458292338445
U306632,new,0.23196342468830272
U306633,lapsed,0.2635883743102161
U306634,new,0.23196342468830272
U306635,active,0.08342598952648761
U306636,high_frequency,0.02959277186223852
U306637,lapsed,0.259499112350133
U306638,new,0.23071458292338445
U306639,high_frequency,0.029414795797820248
U306640,active,0.08371236120469006
U306641,lapsed,0.26263314641219904
U306642,active,0.0839559339619399
U306643,new,0.23196342468830272
U306644,new,0.23196342468830272
U306645,active,0.0838352316669152
U306646,active,0.08394928607898444
U306647,active,0.0833169801492345
U306648,active,0.08416670742883325
U306649,new,0.22759105381186867
U306650,high_frequency,0.02915230260623325
U306651,high_frequency,0.02865065656989363
U306652,high_frequency,0.029280976727585895
U306653,active,0.08359115690090058
U306654,active,0.08356769268518982
U306655,high_frequency,0.030896754467931276
U306656,active,0.08372299544288908
U306657,active,0.08334440854437652
U306658,lapsed,0.2642280860938124
U306659,lapsed,0.2641823684621347
U306660,lapsed,0.26210135733874684
U306661,high_frequency,0.029454665849425687
U306662,high_frequency,0.029421528943775588
U306663,active,0.08334281223774365
U306664,active,0.08418795414667168
U306665,lapsed,0.2573595470422891
U306666,new,0.23196342468830272
U306667,active,0.08490581856687751
U306668,active,0.08347348177330294
U306669,high_frequency,0.029150621893650364
U306670,lapsed,0.2616294064511938
U306671,active,0.08320510664618486
U306672,new,0.23071458292338445
U306673,lapsed,0.2630610318495228
U306674,active,0.08319022986213187
U306675,lapsed,0.26037629379850985
U306676,high_frequency,0.028389521045385835
U306677,lapsed,0.26531568837522873
U306678,lapsed,0.2655186561417796
U306679,lapsed,0.2613021895268789
U306680,lapsed,0.2631388154523483
U306681,active,0.08307168981876467
U306682,lapsed,0.2663574427027519
U306683,active,0.08359733776922829
U306684,active,0.0833137763108861
U306685,new,0.23071458292338445
U306686,lapsed,0.2634130305848428
U306687,lapsed,0.2616164296959523
U306688,active,0.08345776453415266
U306689,lapsed,0.26274499771034054
U306690,new,0.23071458292338445
U306691,active,0.0833057611566278
U306692,active,0.08368847716961103
U306693,lapsed,0.2605642057672042
U306694,high_frequency,0.0313003621373007
U306695,active,0.08332843116569921
U306696,lapsed,0.26178511918222575
U306697,high_frequency,0.029284340767163797
U306698,new,0.23196342468830272
U306699,high_frequency,0.028118935892646135
U306700,active,0.08346719871926589
U306701,new,0.23196342468830272
U306702,high_frequency,0.02968440188396737
U306703,high_frequency,0.029188750970184252
U306704,active,0.08344019450192408
U306705,high_frequency,0.02852253203999533
U306706,active,0.08382925385811135
U306707,lapsed,0.25868651788550295
U306708,active,0.08320510664618486
U306709,high_frequency,0.028620250699035177
U306710,new,0.23071458292338445
U306711,lapsed,0.2629333901887815
U306712,high_frequency,0.030797228044988967
U306713,active,0.0841893679393223
U306714,lapsed,0.2586906285650812
U306715,active,0.08347034088669192
U306716,active,0.08319185617377223
U306717,lapsed,0.26309382325661546
U306718,active,0.082951247718549
U306719,new,0.23196342468830272
U306720,new,0.23196342468830272
U306721,active,0.08358497087768113
U306722,active,0.08372219244671342
U306723,new,0.23196342468830272
U306724,active,0.08333482593327524
U306725,lapsed,0.25812475714779326
U306726,active,0.08372522822490591
U306727,active,0.08369866527379388
U306728,active,0.08355527646037475
U306729,new,0.23196342468830272
U306730,active,0.0835459507841404
U306731,active,0.08316416596727993
U306732,new,0.23196342468830272
U306733,lapsed,0.2601096694408728
U306734,lapsed,0.2653027463152279
U306735,active,0.083713077329018
U306736,high_frequency,0.029990044320556075
U306737,high_frequency,0.030357232243972687
U306738,high_frequency,0.02958692392644713
U306739,new,0.23071458292338445
U306740,lapsed,0.26364021083567435
U306741,active,0.0841865400220112
U306742,lapsed,0.25912639704110646
U306743,high_frequency,0.030393872672653033
U306744,active,0.08472244079831315
U306745,high_frequency,0.028487137349579084
U306746,lapsed,0.2589854507077948
U306747,new,0.22759105381186867
U306748,high_frequency,0.02982017766427092
U306749,active,0.083593520051497
U306750,high_frequency,0.028885195812469955
U306751,active,0.08290909216405529
U306752,active,0.08330896817106692
U306753,active,0.08417804830314901
U306754,active,0.08378773889816904
U306755,active,0.0832261864686612
U306756,new,0.23196342468830272
U306757,lapsed,0.25996679124047445
U306758,high_frequency,0.028748469479928818
U306759,active,0.08425941810928961
U306760,lapsed,0.2572986302517567
U306761,new,0.23071458292338445
U306762,lapsed,0.2648387456367153
U306763,active,0.08320835317191488
U306764,active,0.08346331470625246
U306765,lapsed,0.2638604939521857
U306766,lapsed,0.26271906318711924
U306767,active,0.08354906062891865
U306768,high_frequency,0.03039556252219422
U306769,high_frequency,0.029855064177182644
U306770,new,0.23196342468830272
U306771,lapsed,0.2580166309533161
U306772,lapsed,0.2560716388014383
U306773,lapsed,0.26426008789388394
U306774,active,0.08393977574064004
U306775,lapsed,0.2635555945558929
U306776,high_frequency,0.02968271636452058
U306777,high_frequency,0.03039128901089916
U306778,lapsed,0.2539532515973988
U306779,high_frequency,0.029586032802089712
U306780,active,0.08428685265437974
U306781,active,0.08367320705715509
U306782,active,0.08343861744982106
U306783,new,0.23196342468830272
U306784,active,0.08355527646037475
U306785,active,0.08303673022540481
U306786,high_frequency,0.0300885799317121
U306787,new,0.23196342468830272
U306788,active,0.08359579303550613
U306789,active,0.08382327083187535
U306790,active,0.08342124878312329
U306791,high_frequency,0.030221189266788406
U306792,active,0.08321970605873918
U306793,lapsed,0.25915439307721055
U306794,high_frequency,0.030226256361883697
U306795,new,0.23071458292338445
U306796,lapsed,0.2625962490860503
U306797,lapsed,0.26487558178235143
U306798,active,0.08405281341650339
U306799,new,0.23071458292338445
U306800,high_frequency,0.030798919251162293
U306801,lapsed,0.2603824053082886
U306802,active,0.08368695161494588
U306803,active,0.08379825978096933
U306804,lapsed,0.265581350410415
U306805,lapsed,0.2623798647194786
U306806,high_frequency,0.031199118352174704
U306807,lapsed,0.2576306464635659
U306808,high_frequency,0.029553764549590356
U306809,active,0.08380876471036303
U306810,lapsed,0.26614444910052926
U306811,lapsed,0.25768266319535116
U306812,lapsed,0.258530535651349
U306813,new,0.23196342468830272
U306814,lapsed,0.26627377121846424
U306815,active,0.08391961991224872
U306816,lapsed,0.2565831875195421
U306817,active,0.08282916561675013
U306818,active,0.08382027736271247
U306819,active,0.08307498767930088
U306820,active,0.08342914842471127
U306821,active,0.08371763634701335
U306822,lapsed,0.26033456598072163
U306823,active,0.08307663613893557
U306824,lapsed,0.2611942463719149
U306825,new,0.22759105381186867
U306826,new,0.23071458292338445
U306827,active,0.0835459507841404
U306828,lapsed,0.26547098231852456
U306829,active,0.08404604067217247
U306830,high_frequency,0.02985675096894569
U306831,lapsed,0.26100439450823065
U306832,high_frequency,0.028783933818262497
U306833,lapsed,0.2643398077649634
U306834,new,0.23071458292338445
U306835,lapsed,0.2640139605781775
U306836,active,0.0839383048434883
U306837,lapsed,0.2618739358853208
U306838,lapsed,0.25955519131634935
U306839,active,0.08451180212897202
U306840,active,0.08384269658850851
U306841,active,0.08344649951296823
U306842,high_frequency,0.029823550767518747
U306843,lapsed,0.2626351539717574
U306844,active,0.08381878013920574
U306845,new,0.22759105381186867
U306846,active,0.08428128804843671
U306847,lapsed,0.2634648737374764
U306848,high_frequency,0.030396358547801317
U306849,high_frequency,0.030085203382456016
U306850,active,0.08370090568560073
U306851,high_frequency,0.030491634795951295
U306852,lapsed,0.2636641222670259
U306853,new,0.22759105381186867
U306854,high_frequency,0.029191223978497605
U306855,active,0.08383373770393465
U306856,active,0.08378924285784428
U306857,new,0.22759105381186867
U306858,active,0.08331057120194474
U306859,lapsed,0.26456482479923976
U306860,lapsed,0.2590504302426313
U306861,active,0.0837145973258967
U306862,active,0.08360042626980158
U306863,lapsed,0.2597329664680308
U306864,new,0.23196342468830272
U306865,high_frequency,0.02931577032083854
U306866,active,0.08368542573652948
U306867,active,0.08380276384753882
U306868,active,0.08346562715531136
U306869,active,0.08333003033448916
U306870,lapsed,0.26026351901190303
U306871,high_frequency,0.029586032802089712
U306872,lapsed,0.2632165947652373
U306873,high_frequency,0.030085203382456016
U306874,active,0.08345933769848368
U306875,active,0.08405859173032482
U306876,active,0.08355838244664582
U306877,active,0.08391961991224872
U306878,active,0.08372522822490591
U306879,active,0.0840672493044673
U306880,high_frequency,0.029287704871694964
U306881,lapsed,0.259028548677154
U306882,active,0.08394271655119012
U306883,new,0.23071458292338445
U306884,high_frequency,0.029015332894692936
U306885,high_frequency,0.0293249747300246
U306886,high_frequency,0.029456349470048493
U306887,lapsed,0.2600228560968611
U306888,active,0.08346562715531136
U306889,new,0.23071458292338445
U306890,active,0.08329934331774758
U306891,lapsed,0.26030934979042314
U306892,new,0.22759105381186867
U306893,high_frequency,0.02968271636452058
U306894,active,0.0835443953795777
U306895,lapsed,0.2651025073251554
U306896,active,0.0840672493044673
U306897,high_frequency,0.02968777296222025
U306898,active,0.08355216918773123
U306899,high_frequency,0.03012181359276367
U306900,lapsed,0.26488852832590337
U306901,lapsed,0.2625423666180014
U306902,lapsed,0.26354748936156835
U306903,new,0.23196342468830272
U306904,high_frequency,0.029449615077149383
U306905,lapsed,0.26042136414324824
U306906,high_frequency,0.0289190157975604
U306907,new,0.23071458292338445
U306908,active,0.0839603338592253
U306909,active,0.08428472629950878
U306910,lapsed,0.2631388154523483
U306911,active,0.0834561910498236
U306912,active,0.08372067407111006
U306913,active,0.08367779148905352
U306914,active,0.0835826945763607
U306915,active,0.08405281341650339
U306916,high_frequency,0.02968945852099969
U306917,active,0.08333482593327524
U306918,new,0.23071458292338445
U306919,lapsed,0.26031546743696016
U306920,active,0.08379976146210522
U306921,lapsed,0.2540834573817731
U306922,lapsed,0.2605451097318882
U306923,high_frequency,0.029553764549590356
U306924,high_frequency,0.03079553684280545
U306925,lapsed,0.25910728021479046
U306926,new,0.23071458292338445
U306927,lapsed,0.25520303259054655
U306928,lapsed,0.2622979442578022
U306929,new,0.23071458292338445
U306930,active,0.08330896817106692
U306931,new,0.23071458292338445
U306932,high_frequency,0.027993045962376062
U306933,lapsed,0.26351061583471397
U306934,new,0.22759105381186867
U306935,high_frequency,0.029860919185507595
U306936,high_frequency,0.028613552392224628
U306937,lapsed,0.25729250945412885
U306938,lapsed,0.26301603718318556
U306939,new,0.23196342468830272
U306940,active,0.08428685265437974
U306941,high_frequency,0.0292826587392494
U306942,active,0.08334919555528542
U306943,new,0.23071458292338445
U306944,lapsed,0.2645389249486502
U306945,lapsed,0.25222037639200023
U306946,active,0.08359424797952708
U306947,lapsed,0.26545804191892824
U306948,active,0.08382626299707407
U306949,active,0.08428963295554914
U306950,active,0.08358187593349364
U306951,high_frequency,0.02959277186223852
U306952,high_frequency,0.029956031562199614
U306953,new,0.22759105381186867
U306954,high_frequency,0.028480445951612143
U306955,high_frequency,0.028785610460645983
U306956,active,0.08359733776922829
U306957,active,0.0833460045328619
U306958,lapsed,0.2584696507318641
U306959,lapsed,0.2604412249351921
U306960,new,0.23071458292338445
U306961,new,0.22759105381186867
U306962,active,0.08342440959814412
U306963,lapsed,0.2603605393399634
U306964,new,0.22759105381186867
U306965,high_frequency,0.02892405049263269
U306966,active,0.0830782842847787
U306967,high_frequency,0.029418162340384968
U306968,lapsed,0.26105632049889926
U306969,new,0.23071458292338445
U306970,active,0.08370171108223967
U306971,high_frequency,0.029280976727585895
U306972,lapsed,0.26042823890035927
U306973,lapsed,0.2539724000239514
U306974,active,0.08335163413532254
U306975,lapsed,0.2607180154370712
U306976,high_frequency,0.029020370795432182
U306977,high_frequency,0.02995771903364275
U306978,high_frequency,0.030127674456281617
U306979,lapsed,0.256618102499235
U306980,active,0.08367014915155169
U306981,high_frequency,0.02982186420987809
U306982,active,0.08329292040025926
U306983,high_frequency,0.029414795797820248
U306984,active,0.08317883684430072
U306985,new,0.23196342468830272
U306986,active,0.08330415717311879
U306987,active,0.08317720800830686
U306988,lapsed,0.26339806301207314
U306989,high_frequency,0.02931577032083854
U306990,new,0.23071458292338445
U306991,new,0.23196342468830272
U306992,active,0.083906329686664
U306993,lapsed,0.2627109531854098
U306994,active,0.0838322434147909
U306995,high_frequency,0.029990044320556075
U306996,new,0.23196342468830272
U306997,high_frequency,0.028219668260389796
U306998,lapsed,0.2567002738210699
U306999,high_frequency,0.02915230260623325
U307000,active,0.08321484243198463
U307001,high_frequency,0.02982186420987809
U307002,new,0.23196342468830272
U307003,lapsed,0.26407873538668125
U307004,active,0.0832261864686612
U307005,lapsed,0.25866463239188503
U307006,new,0.23071458292338445
U307007,high_frequency,0.029148941198326672
U307008,active,0.08294455751832652
U307009,active,0.08391519278437543
U307010,lapsed,0.26277779634963244
U307011,new,0.22759105381186867
U307012,lapsed,0.25783870629291883
U307013,active,0.08359115690090058
U307014,active,0.08344019450192408
U307015,high_frequency,0.02928602281131687
U307016,lapsed,0.2620835250615518
U307017,lapsed,0.26372406009547167
U307018,high_frequency,0.029419845634483632
U307019,new,0.23071458292338445
U307020,active,0.08394271655119012
U307021,new,0.23071458292338445
U307022,lapsed,0.2583587709864056
U307023,active,0.08309145815182495
U307024,lapsed,0.2643896099715449
U307025,lapsed,0.2642491401890568
U307026,lapsed,0.26631865043360725
U307027,high_frequency,0.02865065656989363
U307028,new,0.23071458292338445
U307029,active,0.08439774365396213
U307030,active,0.0833121739152265
U307031,new,0.23071458292338445
U307032,active,0.08333961867013884
U307033,new,0.23071458292338445
U307034,high_frequency,0.02945714256406573
U307035,active,0.08359888218066858
U307036,active,0.08358961087830341
U307037,lapsed,0.2551188091126738
U307038,high_frequency,0.030259504771423695
U307039,active,0.0834609105427907
U307040,active,0.08393141117138792
U307041,new,0.23071458292338445
U307042,lapsed,0.2606749569610535
U307043,active,0.08449709559906593
U307044,high_frequency,0.02879064050771485
U307045,lapsed,0.2551838908995637
U307046,active,0.08333162918536596
U307047,lapsed,0.2635555945558929
U307048,high_frequency,0.02838450641191803
U307049,active,0.08382775859062519
U307050,active,0.08391371642004286
U307051,active,0.08332843116569921
U307052,lapsed,0.2655186561417796
U307053,active,0.08345776453415266
U307054,new,0.23071458292338445
U307055,lapsed,0.26212244329656564
U307056,lapsed,0.264461222254183
U307057,lapsed,0.25756562390208354
U307058,lapsed,0.2633332556389621
U307059,active,0.08307663613893557
U307060,high_frequency,0.030126879065403123
U307061,new,0.23196342468830272
U307062,active,0.08378924285784428
U307063,high_frequency,0.029719267662997373
U307064,high_frequency,0.028783933818262497
U307065,active,0.08482319655385773
U307066,active,0.08331858159187133
U307067,lapsed,0.25016125398615296
U307068,high_frequency,0.03119573486966365
U307069,new,0.23071458292338445
U307070,active,0.08318697629196725
U307071,active,0.08366708995204575
U307072,active,0.08304831367334298
U307073,active,0.08293953659573472
U307074,lapsed,0.25412251825448484
U307075,high_frequency,0.030388803168371448
U307076,lapsed,0.2638345801604458
U307077,lapsed,0.25914550777393125
U307078,lapsed,0.25405052363578234
U307079,new,0.23071458292338445
U307080,high_frequency,0.0300885799317121
U307081,active,0.08471090269289994
U307082,new,0.22759105381186867
U307083,lapsed,0.26258127293096345
U307084,active,0.08414868333314851
U307085,new,0.22759105381186867
U307086,active,0.08303838594332846
U307087,active,0.08318860323485466
U307088,high_frequency,0.029851690628975414
U307089,high_frequency,0.03093253668361351
U307090,lapsed,0.2597890384547998
U307091,active,0.08343546238658428
U307092,lapsed,0.2634519131319432
U307093,active,0.08379224980087552
U307094,new,0.23196342468830272
U307095,high_frequency,0.02918618070348311
U307096,new,0.23196342468830272
U307097,lapsed,0.25984988256177466
U307098,high_frequency,0.030398048408174616
U307099,new,0.23196342468830272
U307100,new,0.23196342468830272
U307101,lapsed,0.26460367358998366
U307102,lapsed,0.25740956236533674
U307103,high_frequency,0.02985675096894569
U307104,active,0.08428685265437974
U307105,high_frequency,0.030657668924616077
U307106,new,0.22759105381186867
U307107,new,0.23071458292338445
U307108,active,0.08333482593327524
U307109,lapsed,0.2639750941728827
U307110,active,0.08305823012341063
U307111,active,0.0841893679393223
U307112,active,0.0832002344885654
U307113,lapsed,0.25910040647634414
U307114,active,0.08382995810806937
U307115,high_frequency,0.03025781556099949
U307116,active,0.08450645902179033
U307117,high_frequency,0.029851690628975414
U307118,active,0.08407013252266127
U307119,active,0.08333162918536596
U307120,active,0.08358961087830341
U307121,new,0.23071458292338445
U307122,new,0.23196342468830272
U307123,active,0.08295960345405051
U307124,active,0.0839383048434883
U307125,high_frequency,0.02891733760385995
U307126,lapsed,0.2634110241230379
U307127,active,0.08357079352393715
U307128,active,0.08322456684044732
U307129,high_frequency,0.02852253203999533
U307130,active,0.0840672493044673
U307131,lapsed,0.2643446594160096
U307132,active,0.08382027736271247
U307133,lapsed,0.2615057415391777
U307134,active,0.08395153111107001
U307135,active,0.0833460045328619
U307136,lapsed,0.2620624385658041
U307137,lapsed,0.2633271557246935
U307138,new,0.22759105381186867
U307139,lapsed,0.26137394997026475
U307140,lapsed,0.2611792566653099
U307141,high_frequency,0.029455458936417434
U307142,lapsed,0.2585175366052399
U307143,lapsed,0.25997978063252425
U307144,new,0.23071458292338445
U307145,active,0.08380876471036303
U307146,new,0.23071458292338445
U307147,active,0.08307168981876467
U307148,high_frequency,0.030357232243972687
U307149,new,0.23196342468830272
U307150,active,0.08429241192193748
U307151,high_frequency,0.029414795797820248
U307152,active,0.08356769268518982
U307153,active,0.08429796584963467
U307154,new,0.23196342468830272
U307155,high_frequency,0.02931992752825574
U307156,new,0.22759105381186867
U307157,lapsed,0.2604152527691662
U307158,high_frequency,0.030256126359079483
U307159,active,0.08403590512006864
U307160,active,0.08318860323485466
U307161,high_frequency,0.02851751205779507
U307162,new,0.23196342468830272
U307163,active,0.08380876471036303
U307164,lapsed,0.2570932950246379
U307165,active,0.08355682961431954
U307166,active,0.08428824297180049
U307167,high_frequency,0.02901869147692515
U307168,new,0.23196342468830272
U307169,active,0.08380426455178736
U307170,lapsed,0.26442437408640346
U307171,new,0.23196342468830272
U307172,new,0.23196342468830272
U307173,new,0.23071458292338445
U307174,active,0.08380126281763667
U307175,active,0.08320835317191488
U307176,high_frequency,0.03026119399033811
U307177,new,0.23196342468830272
U307178,active,0.08367473552468052
U307179,high_frequency,0.029851690628975414
U307180,lapsed,0.2568954058069727
U307181,active,0.08371763634701335
U307182,lapsed,0.2654600451944156
U307183,high_frequency,0.028118935892646135
U307184,new,0.22759105381186867
U307185,active,0.0832961324937248
U307186,new,0.22759105381186867
U307187,lapsed,0.264396466420985
U307188,high_frequency,0.029184499645771855
U307189,active,0.08358342356661452
U307190,high_frequency,0.030360611624354106
U307191,active,0.08395886755501325
U307192,active,0.08318860323485466
U307193,new,0.23071458292338445
U307194,high_frequency,0.02945377532368676
U307195,active,0.0839269919068315
U307196,active,0.08368542573652948
U307197,active,0.08341966789649757
U307198,active,0.08405570323305955
U307199,lapsed,0.26331620043219267
U307200,high_frequency,0.030657668924616077
U307201,lapsed,0.26110137285641283
U307202,active,0.08406580720033818
U307203,active,0.08305988176802037
U307204,active,0.08295960345405051
U307205,high_frequency,0.02959029344346298
U307206,lapsed,0.2609784309054084
U307207,high_frequency,0.029017012176674517
U307208,active,0.08292084286299817
U307209,lapsed,0.26375683578683906
U307210,active,0.08344649951296823
U307211,active,0.08321970605873918
U307212,active,0.0830782842847787
U307213,high_frequency,0.029284340767163797
U307214,active,0.08345933769848368
U307215,new,0.23071458292338445
U307216,lapsed,0.2655098026823251
U307217,new,0.23196342468830272
U307218,new,0.22759105381186867
U307219,high_frequency,0.02982017766427092
U307220,new,0.22759105381186867
U307221,active,0.0838352316669152
U307222,high_frequency,0.02959277186223852
U307223,active,0.08332018271678132
U307224,active,0.08440728022249755
U307225,new,0.23071458292338445
U307226,active,0.08368695161494588
U307227,active,0.08372219244671342
U307228,lapsed,0.2609845402662331
U307229,active,0.08380726498322422
U307230,active,0.08290405148353142
U307231,active,0.08343861744982106
U307232,lapsed,0.2565701776057338
U307233,active,0.08393899776735203
U307234,lapsed,0.2601096694408728
U307235,active,0.08368237300854264
U307236,active,0.0826762227759702
U307237,active,0.08417096274478408
U307238,active,0.0834561910498236
U307239,active,0.08319185617377223
U307240,new,0.23196342468830272
U307241,high_frequency,0.029280976727585895
U307242,new,0.23196342468830272
U307243,new,0.23196342468830272
U307244,lapsed,0.2627060957520411
U307245,high_frequency,0.0299926246981983
U307246,lapsed,0.26581423212944144
U307247,active,0.08307168981876467
U307248,high_frequency,0.029318245159578593
U307249,high_frequency,0.02915230260623325
U307250,active,0.08429935349703266
U307251,high_frequency,0.028919903466509855
U307252,high_frequency,0.029150621893650364
U307253,active,0.082951247718549
U307254,new,0.23071458292338445
U307255,new,0.22759105381186867
U307256,high_frequency,0.030124297455892846
U307257,lapsed,0.2531739394822473
U307258,active,0.0835459507841404
U307259,new,0.23196342468830272
U307260,lapsed,0.2635815136870329
U307261,high_frequency,0.02932329231349151
U307262,new,0.23071458292338445
U307263,high_frequency,0.030222878289700272
U307264,active,0.08367167826610378
U307265,active,0.0842951895533608
U307266,lapsed,0.26005771503593844
U307267,active,0.08290068947482865
U307268,lapsed,0.25683725014671543
U307269,lapsed,0.25337340186009
U307270,high_frequency,0.029823550767518747
U307271,new,0.23071458292338445
U307272,lapsed,0.26590478484906266
U307273,new,0.23071458292338445
U307274,active,0.08317231960788107
U307275,new,0.23196342468830272
U307276,lapsed,0.26569295062533216
U307277,active,0.0833121739152265
U307278,lapsed,0.2645907241245689
U307279,lapsed,0.2589054664206695
U307280,lapsed,0.2589635684304667
U307281,lapsed,0.261335013174433
U307282,lapsed,0.2653545137282563
U307283,high_frequency,0.029586032802089712
U307284,high_frequency,0.028886873639745403
U307285,high_frequency,0.028482118767797604
U307286,active,0.08321322059095682
U307287,new,0.23196342468830272
U307288,lapsed,0.26281468907536243
U307289,lapsed,0.258768615114623
U307290,active,0.08378773889816904
U307291,new,0.23196342468830272
U307292,new,0.22759105381186867
U307293,high_frequency,0.029555449025301828
U307294,lapsed,0.2640657806788616
U307295,lapsed,0.26598239589704464
U307296,high_frequency,0.02968945852099969
U307297,lapsed,0.25811863855855033
U307298,active,0.08308322683929237
U307299,lapsed,0.26409854798229326
U307300,active,0.0830782842847787
U307301,active,0.08294121054820414
U307302,high_frequency,0.028354164255981473
U307303,active,0.08305162041031244
U307304,lapsed,0.2641175987467284
U307305,lapsed,0.2651992048893883
U307306,lapsed,0.26423418193029335
U307307,lapsed,0.26231701948571806
U307308,lapsed,0.26272592801183714
U307309,new,0.23071458292338445
U307310,lapsed,0.26144085166817577
U307311,active,0.08382775859062519
U307312,new,0.23196342468830272
U307313,active,0.08371611699857007
U307314,active,0.08342440959814412
U307315,new,0.23071458292338445
U307316,active,0.08382476707748254
U307317,active,0.08382027736271247
U307318,active,0.08391076270896147
U307319,active,0.0833057611566278
U307320,active,0.08403010612657724
U307321,high_frequency,0.02959277186223852
U307322,active,0.08309639317117479
U307323,lapsed,0.2635685541828706
U307324,high_frequency,0.02879064050771485
U307325,new,0.23071458292338445
U307326,active,0.0838419072774127
U307327,new,0.23196342468830272
U307328,active,0.08359733776922829
U307329,lapsed,0.26243174527038526
U307330,active,0.08370090568560073
U307331,lapsed,0.2670493933790373
U307332,high_frequency,0.029818491130710778
U307333,active,0.08439637994488569
U307334,active,0.08356769268518982
U307335,new,0.23071458292338445
U307336,active,0.0832961324937248
U307337,high_frequency,0.029555449025301828
U307338,lapsed,0.2595811757687762
U307339,new,0.23196342468830272
U307340,high_frequency,0.029456349470048493
U307341,lapsed,0.26336804720962614
U307342,new,0.23196342468830272
U307343,active,0.0845091312500682
U307344,active,0.08309474847880127
U307345,new,0.23196342468830272
U307346,new,0.23071458292338445
U307347,active,0.08280371377915852
U307348,new,0.23196342468830272
U307349,active,0.0839603338592253
U307350,active,0.08367014915155169
U307351,high_frequency,0.028883518004450215
U307352,active,0.08359733776922829
U307353,high_frequency,0.02958523918876932
U307354,high_frequency,0.02932329231349151
U307355,high_frequency,0.029726805082627705
U307356,active,0.0826813876671667
U307357,lapsed,0.2655166529639248
U307358,high_frequency,0.029720061777358198
U307359,active,0.08345933769848368
U307360,high_frequency,0.029052541324424586
U307361,lapsed,0.25663522652704196
U307362,new,0.23071458292338445
U307363,high_frequency,0.029555449025301828
U307364,active,0.08416812619917313
U307365,active,0.08343861744982106
U307366,new,0.23196342468830272
U307367,active,0.08307004041791655
U307368,high_frequency,0.029555449025301828
U307369,active,0.08372451332260211
U307370,active,0.08343230604481233
U307371,active,0.08321484243198463
U307372,high_frequency,0.02891733760385995
U307373,new,0.23196342468830272
U307374,high_frequency,0.03080140712666779
U307375,new,0.23196342468830272
U307376,new,0.22759105381186867
U307377,new,0.23071458292338445
U307378,high_frequency,0.029589402304420642
U307379,lapsed,0.2633530791509472
U307380,high_frequency,0.02931992752825574
U307381,new,0.22759105381186867
U307382,active,0.08415863720014127
U307383,high_frequency,0.029150621893650364
U307384,new,0.23071458292338445
U307385,high_frequency,0.02995771903364275
U307386,high_frequency,0.02945714256406573
U307387,lapsed,0.2592364711650481
U307388,active,0.08344019450192408
U307389,lapsed,0.26225626582061284
U307390,active,0.0834561910498236
U307391,high_frequency,0.02865233158257441
U307392,high_frequency,0.029148941198326672
U307393,new,0.23196342468830272
U307394,new,0.23196342468830272
U307395,lapsed,0.2611792566653099
U307396,high_frequency,0.0298541719728298
U307397,active,0.08269514718271676
U307398,lapsed,0.2643398077649634
U307399,new,0.23071458292338445
U307400,active,0.08391814453050273
U307401,lapsed,0.25692142227030423
U307402,active,0.08367473552468052
U307403,active,0.08344334764697148
U307404,active,0.08355372298483676
U307405,active,0.08471090269289994
U307406,active,0.08331057120194474
U307407,active,0.08329773806442975
U307408,active,0.08321484243198463
U307409,active,0.08366861971352402
U307410,lapsed,0.2651413394478972
U307411,new,0.23071458292338445
U307412,lapsed,0.2568173548072852
U307413,lapsed,0.26578351265768313
U307414,active,0.08309474847880127
U307415,active,0.08384120425671304
U307416,active,0.083676263668655
U307417,active,0.0835443953795777
U307418,high_frequency,0.030530773923895582
U307419,active,0.08418371077675357
U307420,active,0.08317557885688798
U307421,high_frequency,0.029015332894692936
U307422,active,0.08330094825365275
U307423,active,0.0835811467915415
U307424,active,0.08369152730758678
U307425,high_frequency,0.029015332894692936
U307426,active,0.08368389953438671
U307427,new,0.23196342468830272
U307428,active,0.08359424797952708
U307429,high_frequency,0.029719267662997373
U307430,active,0.08440319513513717
U307431,high_frequency,0.029052541324424586
U307432,active,0.08307663613893557
U307433,high_frequency,0.02901869147692515
U307434,high_frequency,0.029284340767163797
U307435,active,0.08370475559471102
U307436,high_frequency,0.02901869147692515
U307437,high_frequency,0.029050861658659666
U307438,active,0.08330255287211841
U307439,active,0.08322132663546011
U307440,new,0.22759105381186867
U307441,new,0.22759105381186867
U307442,active,0.08356148714634082
U307443,lapsed,0.257730566255583
U307444,lapsed,0.255085885123659
U307445,active,0.08368695161494588
U307446,new,0.22759105381186867
U307447,new,0.22759105381186867
U307448,active,0.08346248306704818
U307449,active,0.08440792139056141
U307450,new,0.23071458292338445
U307451,high_frequency,0.029588608678015937
U307452,active,0.08356459055925669
U307453,active,0.08343546238658428
U307454,lapsed,0.2592624599288913
U307455,active,0.0833121739152265
U307456,high_frequency,0.03066274142578307
U307457,active,0.08367473552468052
U307458,new,0.23071458292338445
U307459,active,0.08330415717311879
U307460,active,0.08294623053592565
U307461,new,0.23071458292338445
U307462,new,0.23071458292338445
U307463,active,0.08335557378121572
U307464,lapsed,0.25778669311685387
U307465,lapsed,0.2644563710410984
U307466,high_frequency,0.030360611624354106
U307467,lapsed,0.2644414151739448
U307468,active,0.08461560478503327
U307469,lapsed,0.26042136414324824
U307470,lapsed,0.2635734086462862
U307471,lapsed,0.25826365711538546
U307472,new,0.23196342468830272
U307473,new,0.22759105381186867
U307474,active,0.08392404409192522
U307475,active,0.08317557885688798
U307476,lapsed,0.2606749569610535
U307477,high_frequency,0.030222878289700272
U307478,new,0.23196342468830272
U307479,new,0.22759105381186867
U307480,new,0.23196342468830272
U307481,new,0.23196342468830272
U307482,active,0.08395740092257675
U307483,new,0.23071458292338445
U307484,new,0.22759105381186867
U307485,active,0.08371155700795929
U307486,lapsed,0.26527686178240606
U307487,active,0.08370242827522156
U307488,active,0.0840715736366785
U307489,active,0.08440864124701675
U307490,active,0.08371843985779193
U307491,new,0.22759105381186867
U307492,lapsed,0.2577346787487222
U307493,active,0.08382177426027715
U307494,active,0.08344334764697148
U307495,high_frequency,0.030129362970836127
U307496,high_frequency,0.03022456732140355
U307497,high_frequency,0.030763939603281276
U307498,new,0.23196342468830272
U307499,active,0.08317557885688798
U307500,active,0.08355682961431954
U307501,lapsed,0.26451911906754594
U307502,active,0.08329773806442975
U307503,lapsed,0.2651283955430921
U307504,active,0.08357079352393715
U307505,active,0.08318860323485466
U307506,active,0.08417946441937774
U307507,high_frequency,0.029548711207413314
U307508,active,0.08330896817106692
U307509,new,0.23071458292338445
U307510,active,0.08281390287245516
U307511,active,0.08355216918773123
U307512,active,0.0832261864686612
U307513,active,0.08320510664618486
U307514,active,0.08368847716961103
U307515,high_frequency,0.029988356641826974
U307516,new,0.22759105381186867
U307517,new,0.23196342468830272
U307518,lapsed,0.2604083779610866
U307519,active,0.08393683361845139
U307520,high_frequency,0.0289190157975604
U307521,lapsed,0.2665453000049577
U307522,active,0.08346016967626824
U307523,lapsed,0.26387144487731556
U307524,active,0.08382177426027715
U307525,active,0.08360124286766069
U307526,active,0.08342440959814412
U307527,lapsed,0.25785859312546433
U307528,active,0.0832961324937248
U307529,high_frequency,0.029954344101715158
U307530,high_frequency,0.029548711207413314
U307531,active,0.0837077988110082
U307532,active,0.0828189932407134
U307533,lapsed,0.26243861143712044
U307534,active,0.08403155636910986
U307535,active,0.08368389953438671
U307536,active,0.08393141117138792
U307537,active,0.08418013138222302
U307538,lapsed,0.2642730406826699
U307539,lapsed,0.2591523872636959
U307540,new,0.23071458292338445
U307541,lapsed,0.2620056856179659
U307542,high_frequency,0.02985675096894569
U307543,active,0.08416147817876984
U307544,active,0.08355682961431954
U307545,lapsed,0.26426008789388394
U307546,lapsed,0.2636531696587521
U307547,new,0.23196342468830272
U307548,active,0.08334760020317344
U307549,lapsed,0.25874949488712723
U307550,high_frequency,0.029054221008190773
U307551,active,0.08384339945549879
U307552,high_frequency,0.028256654750399846
U307553,lapsed,0.25961604303793645
U307554,active,0.08294288418907703
U307555,lapsed,0.25785859312546433
U307556,active,0.08305162041031244
U307557,active,0.08391814453050273
U307558,lapsed,0.2592372291539399
U307559,lapsed,0.2645389249486502
U307560,lapsed,0.25538802742790134
U307561,new,0.23196342468830272
U307562,active,0.08417521507517689
U307563,lapsed,0.26230404852116246
U307564,lapsed,0.26125914612979884
U307565,active,0.08319022986213187
U307566,high_frequency,0.02998924931875624
U307567,active,0.08360124286766069
U307568,active,0.08331537838889769
U307569,lapsed,0.2606031605324143
U307570,high_frequency,0.030898445883460135
U307571,new,0.22759105381186867
U307572,new,0.23071458292338445
U307573,active,0.08341966789649757
U307574,lapsed,0.25780858750232144
U307575,active,0.0828189932407134
U307576,new,0.23196342468830272
U307577,new,0.22759105381186867
U307578,active,0.08333642383025608
U307579,new,0.23071458292338445
U307580,lapsed,0.2622781062558574
U307581,high_frequency,0.028217999081660783
U307582,new,0.23196342468830272
U307583,high_frequency,0.0299926246981983
U307584,high_frequency,0.03008689165213385
U307585,lapsed,0.2623238861802927
U307586,active,0.08282747099504506
U307587,active,0.08357079352393715
U307588,new,0.23071458292338445
U307589,active,0.08428546200330989
U307590,active,0.08440047006562112
U307591,active,0.08447740048982155
U307592,lapsed,0.25801462404451414
U307593,lapsed,0.25824252559246075
U307594,lapsed,0.2579236073331382
U307595,new,0.23071458292338445
U307596,high_frequency,0.030126879065403123
U307597,new,0.22759105381186867
U307598,active,0.08330415717311879
U307599,high_frequency,0.029184499645771855
U307600,lapsed,0.26569295062533216
U307601,new,0.23071458292338445
U307602,high_frequency,0.029421528943775588
U307603,active,0.08292084286299817
U307604,active,0.08356924326547444
U307605,active,0.08334440854437652
U307606,active,0.08383294735750346
U307607,active,0.08294121054820414
U307608,lapsed,0.25690841407229753
U307609,new,0.23071458292338445
U307610,high_frequency,0.028386177933508727
U307611,new,0.22759105381186867
U307612,new,0.22759105381186867
U307613,new,0.22759105381186867
U307614,active,0.08384339945549879
U307615,lapsed,0.2611723908559276
U307616,new,0.22759105381186867
U307617,active,0.08343388437550237
U307618,high_frequency,0.029823550767518747
U307619,high_frequency,0.029552080088029453
U307620,new,0.23196342468830272
U307621,high_frequency,0.029987561645064997
U307622,high_frequency,0.028655681670848088
U307623,lapsed,0.2565701776057338
U307624,active,0.08318372145946695
U307625,active,0.0838374287854663
U307626,lapsed,0.2623607902924218
U307627,active,0.08308816656872098
U307628,new,0.23071458292338445
U307629,lapsed,0.25294363461598174
U307630,lapsed,0.266532371538174
U307631,new,0.22759105381186867
U307632,new,0.22759105381186867
U307633,active,0.08307004041791655
U307634,new,0.23196342468830272
U307635,lapsed,0.2619148679493133
U307636,high_frequency,0.029421528943775588
U307637,new,0.23196342468830272
U307638,active,0.08428963295554914
U307639,new,0.23071458292338445
U307640,new,0.23071458292338445
U307641,high_frequency,0.02865233158257441
U307642,high_frequency,0.02865065656989363
U307643,active,0.08347191149011213
U307644,active,0.08403880263993568
U307645,active,0.08281390287245516
U307646,new,0.23071458292338445
U307647,new,0.23071458292338445
U307648,new,0.23196342468830272
U307649,new,0.22759105381186867
U307650,new,0.23071458292338445
U307651,active,0.08407013252266127
U307652,high_frequency,0.029150621893650364
U307653,lapsed,0.2627498550137086
U307654,active,0.08332018271678132
U307655,high_frequency,0.028746793283698335
U307656,active,0.08367473552468052
U307657,high_frequency,0.029589402304420642
U307658,new,0.23196342468830272
U307659,lapsed,0.2649164251746181
U307660,active,0.0834797597032586
U307661,lapsed,0.2635296749339322
U307662,lapsed,0.26458587340204953
U307663,high_frequency,0.028483791606195297
U307664,active,0.08268998967078767
U307665,new,0.22759105381186867
U307666,new,0.23071458292338445
U307667,active,0.08368389953438671
U307668,lapsed,0.26348469536312313
U307669,high_frequency,0.028654006616229744
U307670,active,0.08345933769848368
U307671,active,0.08355061506908323
U307672,new,0.22759105381186867
U307673,new,0.23196342468830272
U307674,new,0.22759105381186867
U307675,new,0.22759105381186867
U307676,new,0.23196342468830272
U307677,lapsed,0.26511545150214116
U307678,active,0.08345461724552194
U307679,active,0.08367473552468052
U307680,high_frequency,0.03146481808839596
U307681,lapsed,0.2645061687452764
U307682,active,0.08330415717311879
U307683,active,0.08333162918536596
U307684,active,0.08380576493035741
U307685,active,0.08321159843391845
U307686,lapsed,0.2667650611492534
U307687,lapsed,0.26311975099866547
U307688,new,0.23071458292338445
U307689,lapsed,0.26460367358998366
U307690,active,0.08392993841094198
U307691,active,0.08395886755501325
U307692,active,0.08384120425671304
U307693,active,0.08342124878312329
U307694,lapsed,0.26096544895250573
U307695,active,0.08333162918536596
U307696,active,0.08321970605873918
U307697,lapsed,0.26165535964231124
U307698,lapsed,0.2629982159754971
U307699,active,0.08345776453415266
U307700,lapsed,0.26259424147321087
U307701,new,0.23196342468830272
U307702,new,0.23196342468830272
U307703,high_frequency,0.028920694010264425
U307704,lapsed,0.26295731374690245
U307705,active,0.08316416596727993
U307706,active,0.08321970605873918
U307707,new,0.23196342468830272
U307708,high_frequency,0.02928602281131687
U307709,active,0.08319185617377223
U307710,active,0.0835459507841404
U307711,lapsed,0.25897656464862695
U307712,new,0.23196342468830272
U307713,active,0.08379074649208806
U307714,active,0.08333642383025608
U307715,lapsed,0.2582807691941513
U307716,high_frequency,0.03025781556099949
U307717,lapsed,0.26151261183603186
U307718,lapsed,0.25502769239632384
U307719,lapsed,0.26130495592798975
U307720,active,0.08343546238658428
U307721,new,0.22759105381186867
U307722,high_frequency,0.029458826206618105
U307723,high_frequency,0.029858437772463664
U307724,high_frequency,0.029013653630993286
U307725,lapsed,0.26465061965837855
U307726,new,0.22759105381186867
U307727,lapsed,0.26351671493916967
U307728,high_frequency,0.028615226937070637
U307729,active,0.08419078139993952
U307730,active,0.08318372145946695
U307731,new,0.22759105381186867
U307732,new,0.23071458292338445
U307733,lapsed,0.26256830427427275
U307734,high_frequency,0.031199118352174704
U307735,lapsed,0.26140878722811334
U307736,high_frequency,0.029855064177182644
U307737,high_frequency,0.029052541324424586
U307738,new,0.23196342468830272
U307739,lapsed,0.2663057193842717
U307740,active,0.08381326193716632
U307741,active,0.08321159843391845
U307742,new,0.23196342468830272
U307743,new,0.23071458292338445
U307744,active,0.08293786233169609
U307745,active,0.08367931898585101
U307746,high_frequency,0.02945714256406573
U307747,lapsed,0.2580166309533161
U307748,new,0.22759105381186867
U307749,lapsed,0.26267405782337705
U307750,high_frequency,0.02851918536325504
U307751,new,0.23071458292338445
U307752,lapsed,0.2611731480230955
U307753,active,0.08380276384753882
U307754,new,0.23196342468830272
U307755,high_frequency,0.029851690628975414
U307756,new,0.23196342468830272
U307757,active,0.08305162041031244
U307758,active,0.08372219244671342
U307759,active,0.08290405148353142
U307760,active,0.08308981251727554
U307761,active,0.0846103679161182
U307762,lapsed,0.2629313830427902
U307763,active,0.08380576493035741
U307764,high_frequency,0.029956031562199614
U307765,high_frequency,0.027986382932950082
U307766,active,0.08346562715531136
U307767,lapsed,0.2656023816838995
U307768,active,0.0847121860677379
U307769,lapsed,0.26096058606852834
U307770,new,0.23071458292338445
U307771,lapsed,0.2636463093617557
U307772,high_frequency,0.02878728712302414
U307773,new,0.23071458292338445
U307774,active,0.08347819070124207
U307775,lapsed,0.2643916149641738
U307776,lapsed,0.26507661856352394
U307777,high_frequency,0.028219668260389796
U307778,lapsed,0.2561408148644396
U307779,high_frequency,0.029150621893650364
U307780,high_frequency,0.029280976727585895
U307781,active,0.08320348290948865
U307782,new,0.23071458292338445
U307783,active,0.08347819070124207
U307784,new,0.23196342468830272
U307785,high_frequency,0.02875349819018347
U307786,high_frequency,0.028746793283698335
U307787,active,0.08333003033448916
U307788,high_frequency,0.029017012176674517
U307789,lapsed,0.26317971244408384
U307790,new,0.23071458292338445
U307791,lapsed,0.264793049782432
U307792,active,0.08358342356661452
U307793,active,0.08321970605873918
U307794,lapsed,0.2633660406826533
U307795,high_frequency,0.02982186420987809
U307796,active,0.08341966789649757
U307797,active,0.08321159843391845
U307798,active,0.08390928536226139
U307799,lapsed,0.26104944827594306
U307800,new,0.23196342468830272
U307801,high_frequency,0.029823550767518747
U307802,new,0.22759105381186867
U307803,high_frequency,0.028485464466793342
U307804,lapsed,0.2583656531191433
U307805,lapsed,0.26320363184534296
U307806,new,0.23196342468830272
U307807,active,0.08321808516590212
U307808,active,0.08321808516590212
U307809,active,0.08321322059095682
U307810,high_frequency,0.029456349470048493
U307811,lapsed,0.256153826852902
U307812,new,0.23196342468830272
U307813,new,0.23071458292338445
U307814,high_frequency,0.029583554464995943
U307815,high_frequency,0.02998924931875624
U307816,active,0.0829612736655767
U307817,active,0.08296294356518163
U307818,lapsed,0.25761764209729193
U307819,active,0.08417379796348057
U307820,high_frequency,0.030129362970836127
U307821,active,0.08355527646037475
U307822,lapsed,0.26365926812671064
U307823,high_frequency,0.028746793283698335
U307824,new,0.22759105381186867
U307825,new,0.22759105381186867
U307826,active,0.0830782842847787
U307827,active,0.08382327083187535
U307828,active,0.08405714764661543
U307829,lapsed,0.26339806301207314
U307830,high_frequency,0.030126879065403123
U307831,new,0.23071458292338445
U307832,new,0.22759105381186867
U307833,active,0.08345933769848368
U307834,high_frequency,0.02968271636452058
U307835,lapsed,0.2622242122716353
U307836,new,0.23071458292338445
U307837,high_frequency,0.029017012176674517
U307838,high_frequency,0.02835082211795359
U307839,active,0.08384418859399312
U307840,active,0.08316742836934499
U307841,high_frequency,0.029454665849425687
U307842,active,0.08334760020317344
U307843,active,0.08392846532274811
U307844,lapsed,0.264059684060859
U307845,high_frequency,0.029418162340384968
U307846,active,0.08332018271678132
U307847,active,0.08334440854437652
U307848,high_frequency,0.02891733760385995
U307849,active,0.0840744548744341
U307850,lapsed,0.2632814075651353
U307851,active,0.08403445586587954
U307852,lapsed,0.2633421240626909
U307853,active,0.0839559339619399
U307854,active,0.08354906062891865
U307855,high_frequency,0.030392182830492942
U307856,lapsed,0.26297228601395956
U307857,lapsed,0.2617133713554256
U307858,lapsed,0.26090664732246943
U307859,active,0.08357805025587817
U307860,high_frequency,0.029418162340384968
U307861,active,0.08359270260131679
U307862,high_frequency,0.029284340767163797
U307863,new,0.23196342468830272
U307864,active,0.08460643670452939
U307865,active,0.08382027736271247
U307866,lapsed,0.2643378026920802
U307867,active,0.08335397970216274
U307868,lapsed,0.2634717349441192
U307869,new,0.22759105381186867
U307870,lapsed,0.2599517967884106
U307871,high_frequency,0.029284340767163797
U307872,lapsed,0.25974595750884116
U307873,active,0.08343230604481233
U307874,lapsed,0.2626481220373422
U307875,active,0.08395299905616238
U307876,lapsed,0.2586475234254884
U307877,active,0.08355682961431954
U307878,active,0.082951247718549
U307879,new,0.23196342468830272
U307880,active,0.08405570323305955
U307881,high_frequency,0.02901869147692515
U307882,active,0.08368847716961103
U307883,high_frequency,0.029287704871694964
U307884,lapsed,0.2641973273136891
U307885,lapsed,0.2630889671189715
U307886,lapsed,0.2584306522250482
U307887,active,0.08417379796348057
U307888,new,0.23071458292338445
U307889,new,0.23071458292338445
U307890,lapsed,0.2636333504733239
U307891,new,0.23196342468830272
U307892,new,0.23071458292338445
U307893,new,0.23071458292338445
U307894,lapsed,0.26219216394014233
U307895,high_frequency,0.028920694010264425
U307896,lapsed,0.2619927119931824
U307897,new,0.22759105381186867
U307898,active,0.08343072739454005
U307899,active,0.08381026411174952
U307900,high_frequency,0.03009195652051555
U307901,new,0.23071458292338445
U307902,high_frequency,0.029851690628975414
U307903,high_frequency,0.029956031562199614
U307904,active,0.08367320705715509
U307905,active,0.08294288418907703
U307906,new,0.23071458292338445
U307907,active,0.08307004041791655
U307908,high_frequency,0.028217999081660783
U307909,new,0.23196342468830272
U307910,lapsed,0.25917149774437065
U307911,high_frequency,0.02945377532368676
U307912,active,0.08371843985779193
U307913,high_frequency,0.03129867039074119
U307914,lapsed,0.2638345801604458
U307915,new,0.23071458292338445
U307916,high_frequency,0.030125985951295897
U307917,new,0.23071458292338445
U307918,new,0.23071458292338445
U307919,high_frequency,0.029990044320556075
U307920,high_frequency,0.02891733760385995
U307921,lapsed,0.2613889378836932
U307922,new,0.22759105381186867
U307923,lapsed,0.2633550856966589
U307924,new,0.23071458292338445
U307925,new,0.22759105381186867
U307926,high_frequency,0.029050070439031628
U307927,lapsed,0.26207541160032755
U307928,active,0.0837952554419833
U307929,active,0.08292755070083935
U307930,active,0.08358187593349364
U307931,active,0.08381326193716632
U307932,active,0.08332843116569921
U307933,active,0.08347191149011213
U307934,active,0.08321159843391845
U307935,lapsed,0.2538490838374515
U307936,lapsed,0.2627109531854098
U307937,new,0.23196342468830272
U307938,high_frequency,0.03021950025268083
U307939,active,0.08394418646454016
U307940,active,0.08331858159187133
U307941,lapsed,0.26118126611160464
U307942,active,0.08342756913535176
U307943,new,0.23196342468830272
U307944,high_frequency,0.028483791606195297
U307945,lapsed,0.26564604435589295
U307946,high_frequency,0.02914726052027461
U307947,lapsed,0.26015274180969616
U307948,lapsed,0.2659694610804736
U307949,lapsed,0.2634697285676722
U307950,active,0.08460119034366265
U307951,high_frequency,0.029555449025301828
U307952,high_frequency,0.029280976727585895
U307953,new,0.22759105381186867
U307954,active,0.08380726498322422
U307955,lapsed,0.2637697934941283
U307956,high_frequency,0.029418162340384968
U307957,new,0.22759105381186867
U307958,high_frequency,0.02852253203999533
U307959,active,0.08359579303550613
U307960,lapsed,0.2602594117181877
U307961,active,0.08367779148905352
U307962,lapsed,0.26070092522931737
U307963,high_frequency,0.029555449025301828
U307964,new,0.23196342468830272
U307965,lapsed,0.2615774987928061
U307966,new,0.23071458292338445
U307967,high_frequency,0.02901869147692515
U307968,high_frequency,0.029187861778183333
U307969,high_frequency,0.02865735674641634
U307970,new,0.23196342468830272
U307971,high_frequency,0.02999510742079614
U307972,lapsed,0.26086769949429667
U307973,new,0.23196342468830272
U307974,new,0.22759105381186867
U307975,active,0.0834609105427907
U307976,high_frequency,0.029452982243726056
U307977,active,0.08342124878312329
U307978,new,0.23071458292338445
U307979,active,0.0840715736366785
U307980,new,0.23071458292338445
U307981,new,0.23196342468830272
U307982,high_frequency,0.029858437772463664
U307983,active,0.08295793293063014
U307984,high_frequency,0.030793845644626172
U307985,active,0.08405281341650339
U307986,high_frequency,0.029284340767163797
U307987,lapsed,0.2628924861063495
U307988,new,0.23071458292338445
U307989,active,0.08290741224825438
U307990,high_frequency,0.029054221008190773
U307991,new,0.22759105381186867
U307992,lapsed,0.2540834573817731
U307993,active,0.08383971159863146
U307994,active,0.0830400413480814
U307995,lapsed,0.26437056317780483
U307996,high_frequency,0.02875349819018347
U307997,lapsed,0.2596981013713019
U307998,lapsed,0.25649211677079853
U307999,active,0.08355838244664582
U308000,new,0.23071458292338445
U308001,new,0.23071458292338445
U308002,active,0.08344649951296823
U308003,lapsed,0.2658012954575584
U308004,new,0.23071458292338445
U308005,lapsed,0.2634178855974381
U308006,high_frequency,0.029318245159578593
U308007,active,0.08316579732593232
U308008,active,0.08368847716961103
U308009,new,0.22759105381186867
U308010,new,0.23071458292338445
U308011,lapsed,0.26147978590615323
U308012,active,0.08267105511892103
U308013,lapsed,0.26378074515857153
U308014,lapsed,0.26090664732246943
U308015,active,0.08391814453050273
U308016,high_frequency,0.029454665849425687
U308017,high_frequency,0.02915398333606256
U308018,active,0.08343546238658428
U308019,lapsed,0.26257031192254804
U308020,high_frequency,0.02968945852099969
U308021,active,0.08357805025587817
U308022,lapsed,0.26506976580588926
U308023,lapsed,0.2607788276633478
U308024,new,0.23071458292338445
U308025,high_frequency,0.029054221008190773
U308026,lapsed,0.26135486318133105
U308027,active,0.08296294356518163
U308028,active,0.08322132663546011
U308029,new,0.22759105381186867
U308030,active,0.08330415717311879
U308031,active,0.08359115690090058
U308032,new,0.23071458292338445
U308033,active,0.08308981251727554
U308034,high_frequency,0.029187861778183333
U308035,active,0.08354750586726234
U308036,active,0.0833332277183032
U308037,active,0.08380576493035741
U308038,high_frequency,0.03066184707536057
U308039,active,0.08430074081057448
U308040,new,0.23071458292338445
U308041,new,0.23196342468830272
U308042,lapsed,0.26440941784781785
U308043,lapsed,0.2651862615945975
U308044,high_frequency,0.02968440188396737
U308045,active,0.08440319513513717
U308046,active,0.08370475559471102
U308047,active,0.08322780578065314
U308048,new,0.23196342468830272
U308049,new,0.23196342468830272
U308050,lapsed,0.26064898829910954
U308051,lapsed,0.26240170924981393
U308052,active,0.08318860323485466
U308053,active,0.08320185885693998
U308054,new,0.22759105381186867
U308055,lapsed,0.26232999033806303
U308056,lapsed,0.2595831811363807
U308057,active,0.08346405527123046
U308058,new,0.23071458292338445
U308059,active,0.08396102446495168
U308060,new,0.23196342468830272
U308061,high_frequency,0.030358921930328187
U308062,new,0.23071458292338445
U308063,lapsed,0.2651542832164451
U308064,lapsed,0.2607508506198061
U308065,active,0.08357079352393715
U308066,active,0.08359270260131679
U308067,lapsed,0.25940614983285964
U308068,high_frequency,0.028524205411251558
U308069,lapsed,0.25940614983285964
U308070,active,0.08309474847880127
U308071,new,0.23071458292338445
U308072,high_frequency,0.02931992752825574
U308073,new,0.23196342468830272
U308074,new,0.23071458292338445
U308075,active,0.08379976146210522
U308076,active,0.08281050774588172
U308077,new,0.23071458292338445
U308078,lapsed,0.2614477222433216
U308079,high_frequency,0.029550395640632887
U308080,lapsed,0.2636142928193542
U308081,active,0.08394271655119012
U308082,active,0.08416147817876984
U308083,active,0.08366708995204575
U308084,lapsed,0.26348469536312313
U308085,new,0.23071458292338445
U308086,lapsed,0.26209649791694334
U308087,lapsed,0.26324252024544137
U308088,active,0.08356148714634082
U308089,new,0.22759105381186867
U308090,active,0.08368389953438671
U308091,high_frequency,0.028883518004450215
U308092,high_frequency,0.02958771754631262
U308093,high_frequency,0.02914726052027461
U308094,lapsed,0.26212730263560036
U308095,lapsed,0.2613370224288255
U308096,new,0.23071458292338445
U308097,new,0.23196342468830272
U308098,active,0.0837077988110082
U308099,new,0.23196342468830272
U308100,active,0.08370242827522156
U308101,active,0.08380876471036303
U308102,active,0.08428407101861402
U308103,active,0.08391076270896147
U308104,lapsed,0.2590244386826887
U308105,active,0.08283255393077948
U308106,new,0.23071458292338445
U308107,lapsed,0.25837865309927904
U308108,lapsed,0.2633790020932657
U308109,lapsed,0.25821576553910375
U308110,active,0.08320997596089563
U308111,new,0.23196342468830272
U308112,active,0.08333961867013884
U308113,new,0.23071458292338445
U308114,active,0.08379224980087552
U308115,high_frequency,0.02945209172588581
U308116,lapsed,0.25541817419964663
U308117,new,0.23071458292338445
U308118,high_frequency,0.028480445951612143
U308119,lapsed,0.2609646916904056
U308120,active,0.08382775859062519
U308121,new,0.23196342468830272
U308122,active,0.08379375278418222
U308123,lapsed,0.26651460000660515
U308124,lapsed,0.26611858293460555
U308125,lapsed,0.2604992792100673
U308126,lapsed,0.2659177203814469
U308127,high_frequency,0.03008689165213385
U308128,lapsed,0.26334822391128077
U308129,lapsed,0.2575136045438097
U308130,lapsed,0.2608826920111939
U308131,high_frequency,0.029421528943775588
U308132,new,0.23071458292338445
U308133,lapsed,0.25963514891334827
U308134,lapsed,0.26230204051307277
U308135,active,0.08407589499812529
U308136,lapsed,0.2629204246787292
U308137,high_frequency,0.029552080088029453
U308138,lapsed,0.260269630911882
U308139,active,0.0827796322178822
U308140,active,0.0833169801492345
U308141,lapsed,0.26557450049868236
U308142,lapsed,0.2619148679493133
U308143,high_frequency,0.029421528943775588
U308144,active,0.08294455751832652
U308145,lapsed,0.2668296885398405
U308146,lapsed,0.26057107995987505
U308147,active,0.08334440854437652
U308148,high_frequency,0.029818491130710778
U308149,active,0.08347191149011213
U308150,high_frequency,0.03075717514619425
U308151,high_frequency,0.030259504771423695
U308152,active,0.08356148714634082
U308153,lapsed,0.26506976580588926
U308154,lapsed,0.26552959273263543
U308155,new,0.23196342468830272
U308156,lapsed,0.2605881714597432
U308157,lapsed,0.26445436614917306
U308158,lapsed,0.2660729355888599
U308159,active,0.08370323350048448
U308160,high_frequency,0.0298541719728298
U308161,lapsed,0.2658223228327611
U308162,high_frequency,0.03012181359276367
U308163,active,0.08341966789649757
U308164,new,0.23071458292338445
U308165,lapsed,0.26178511918222575
U308166,lapsed,0.25910728021479046
U308167,lapsed,0.26177214371121027
U308168,lapsed,0.26416331863659637
U308169,new,0.23071458292338445
U308170,high_frequency,0.02972432510460843
U308171,lapsed,0.2658918491738505
U308172,lapsed,0.2619388079130554
U308173,active,0.0833057611566278
U308174,high_frequency,0.02985923236472221
U308175,high_frequency,0.02971758187480611
U308176,new,0.23196342468830272
U308177,active,0.08322780578065314
U308178,lapsed,0.2597719393183138
U308179,new,0.23196342468830272
U308180,active,0.0839500628378741
U308181,high_frequency,0.02901869147692515
U308182,lapsed,0.26212244329656564
U308183,new,0.23071458292338445
U308184,high_frequency,0.028480445951612143
U308185,high_frequency,0.030523216114935248
U308186,active,0.08308981251727554
U308187,new,0.22759105381186867
U308188,active,0.08347034088669192
U308189,high_frequency,0.029015332894692936
U308190,lapsed,0.2624856317739117
U308191,lapsed,0.2551969070973837
U308192,active,0.08320185885693998
U308193,active,0.08415295126477607
U308194,lapsed,0.26372406009547167
U308195,new,0.23071458292338445
U308196,lapsed,0.25671328308343616
U308197,high_frequency,0.02971758187480611
U308198,active,0.08307333890590185
U308199,active,0.08416812619917313
U308200,active,0.08367473552468052
U308201,active,0.08321646395697502
U308202,active,0.0840744548744341
U308203,high_frequency,0.02958771754631262
U308204,new,0.23196342468830272
U308205,new,0.22759105381186867
U308206,high_frequency,0.029823550767518747
U308207,high_frequency,0.029720061777358198
U308208,high_frequency,0.02915230260623325
U308209,high_frequency,0.029321609912897673
U308210,high_frequency,0.030393872672653033
U308211,lapsed,0.2613937994991059
U308212,active,0.08384638283267964
U308213,active,0.08347348177330294
U308214,high_frequency,0.03012181359276367
U308215,new,0.22759105381186867
U308216,active,0.08380576493035741
U308217,active,0.08334121561298902
U308218,new,0.23071458292338445
U308219,new,0.22759105381186867
U308220,new,0.22759105381186867
U308221,active,0.08333162918536596
U308222,high_frequency,0.029321609912897673
U308223,new,0.23071458292338445
U308224,active,0.0833507905891715
U308225,lapsed,0.26231501149498954
U308226,high_frequency,0.030353852894328792
U308227,active,0.08318046536484303
U308228,lapsed,0.26226513495532683
U308229,high_frequency,0.0298541719728298
U308230,lapsed,0.26486263510482266
U308231,lapsed,0.2656153205256603
U308232,lapsed,0.2623818726231468
U308233,high_frequency,0.029555449025301828
U308234,active,0.08332843116569921
U308235,active,0.08396249028628144
U308236,active,0.08330736482261925
U308237,new,0.23196342468830272
U308238,high_frequency,0.029449615077149383
U308239,high_frequency,0.02915398333606256
U308240,high_frequency,0.029591087076400457
U308241,high_frequency,0.030526596866604083
U308242,active,0.08318697629196725
U308243,active,0.0834228293503475
U308244,new,0.22759105381186867
U308245,lapsed,0.26303711003273433
U308246,active,0.08379976146210522
U308247,high_frequency,0.029548711207413314
U308248,lapsed,0.26544510138035265
U308249,new,0.22759105381186867
U308250,high_frequency,0.028883518004450215
U308251,new,0.23071458292338445
U308252,high_frequency,0.02931992752825574
U308253,lapsed,0.26554862179130423
U308254,new,0.22759105381186867
U308255,lapsed,0.26095857635452324
U308256,high_frequency,0.028482118767797604
U308257,lapsed,0.2643139033885701
U308258,lapsed,0.25782570311103226
U308259,high_frequency,0.028750145696427865
U308260,new,0.22759105381186867
U308261,new,0.23071458292338445
U308262,high_frequency,0.029552080088029453
U308263,high_frequency,0.029988356641826974
U308264,lapsed,0.2635815136870329
U308265,active,0.08415863720014127
U308266,active,0.08347662137889356
U308267,active,0.08367473552468052
U308268,active,0.08345702336613403
U308269,high_frequency,0.02985675096894569
U308270,lapsed,0.25904842432374137
U308271,active,0.08380576493035741
U308272,new,0.23196342468830272
U308273,lapsed,0.2658012954575584
U308274,active,0.08320185885693998
U308275,high_frequency,0.028615226937070637
U308276,lapsed,0.25676531947457026
U308277,active,0.0839522226443592
U308278,high_frequency,0.029818491130710778
U308279,high_frequency,0.02928602281131687
U308280,high_frequency,0.029020370795432182
U308281,active,0.0833057611566278
U308282,active,0.08346562715531136
U308283,lapsed,0.2621402751181667
U308284,active,0.08281559997144894
U308285,new,0.23196342468830272
U308286,new,0.22759105381186867
U308287,active,0.08333482593327524
U308288,active,0.08320510664618486
U308289,active,0.08359733776922829
U308290,lapsed,0.26042547105975244
U308291,high_frequency,0.02932329231349151
U308292,active,0.08344177123431618
U308293,lapsed,0.2569933484914434
U308294,active,0.08321484243198463
U308295,new,0.23071458292338445
U308296,active,0.0837952554419833
U308297,active,0.08430212779023682
U308298,active,0.08321159843391845
U308299,active,0.08303341785015239
U308300,lapsed,0.2632902763190123
U308301,new,0.23196342468830272
U308302,active,0.08342440959814412
U308303,lapsed,0.26581423212944144
U308304,active,0.08354906062891865
U308305,active,0.08282747099504506
U308306,active,0.08346719871926589
U308307,new,0.23071458292338445
U308308,active,0.08346248306704818
U308309,new,0.23071458292338445
U308310,active,0.0832002344885654
U308311,active,0.08382925385811135
U308312,active,0.0839269919068315
U308313,new,0.23071458292338445
U308314,lapsed,0.26050615366016255
U308315,lapsed,0.2662410619454717
U308316,high_frequency,0.029456349470048493
U308317,active,0.08402575342267526
U308318,high_frequency,0.028750145696427865
U308319,lapsed,0.2652190000114379
U308320,high_frequency,0.029954344101715158
U308321,high_frequency,0.028881840215698618
U308322,new,0.23071458292338445
U308323,high_frequency,0.03009195652051555
U308324,lapsed,0.26360743232647066
U308325,lapsed,0.26615053541355327
U308326,active,0.08282068941092924
U308327,high_frequency,0.028783933818262497
U308328,lapsed,0.26226513495532683
U308329,high_frequency,0.03025781556099949
U308330,high_frequency,0.028615226937070637
U308331,high_frequency,0.02914726052027461
U308332,active,0.08268310868280215
U308333,new,0.23071458292338445
U308334,new,0.23071458292338445
U308335,high_frequency,0.03129697864382863
U308336,new,0.22759105381186867
U308337,lapsed,0.25891846301440596
U308338,high_frequency,0.029726805082627705
U308339,lapsed,0.2639621384517486
U308340,lapsed,0.2624726622766368
U308341,high_frequency,0.029017012176674517
U308342,high_frequency,0.02981680460921088
U308343,active,0.08334919555528542
U308344,lapsed,0.26602119948532615
U308345,active,0.08405638368176205
U308346,high_frequency,0.02972432510460843
U308347,new,0.23196342468830272
U308348,new,0.23196342468830272
U308349,active,0.08342440959814412
U308350,active,0.0841865400220112
U308351,lapsed,0.26063600382077867
U308352,active,0.08344334764697148
U308353,active,0.0839383048434883
U308354,lapsed,0.2620624385658041
U308355,lapsed,0.2616225366589004
U308356,active,0.08369866527379388
U308357,lapsed,0.26376293378794635
U308358,lapsed,0.261207226529459
U308359,active,0.0833460045328619
U308360,high_frequency,0.029189542869858975
U308361,active,0.083713077329018
U308362,lapsed,0.26454501931920216
U308363,lapsed,0.26409369541768785
U308364,high_frequency,0.029950969213676015
U308365,lapsed,0.2622501554656584
U308366,new,0.23071458292338445
U308367,active,0.08417238052000842
U308368,lapsed,0.2580536300630337
U308369,high_frequency,0.030523216114935248
U308370,active,0.0839500628378741
U308371,lapsed,0.26422323400816305
U308372,active,0.08355216918773123
U308373,new,0.23071458292338445
U308374,high_frequency,0.028485464466793342
U308375,new,0.23071458292338445
U308376,new,0.22759105381186867
U308377,active,0.08417729913056449
U308378,new,0.22759105381186867
U308379,lapsed,0.26379370263599633
U308380,high_frequency,0.027820468077233707
U308381,lapsed,0.26759200317104903
U308382,high_frequency,0.03039556252219422
U308383,active,0.08391961991224872
U308384,lapsed,0.258755617562205
U308385,lapsed,0.26431875513648495
U308386,active,0.08333642383025608
U308387,lapsed,0.2650895630122459
U308388,active,0.08344334764697148
U308389,lapsed,0.2624924976911416
U308390,active,0.08380726498322422
U308391,active,0.08367473552468052
U308392,new,0.23196342468830272
U308393,active,0.08371236120469006
U308394,new,0.23071458292338445
U308395,lapsed,0.26252453958349076
U308396,active,0.08334440854437652
U308397,active,0.08383294735750346
U308398,active,0.084059271868266
U308399,active,0.08343704007803243
U308400,high_frequency,0.029456349470048493
U308401,high_frequency,0.029851690628975414
U308402,high_frequency,0.029421528943775588
U308403,lapsed,0.26080479434821
U308404,high_frequency,0.029015332894692936
U308405,new,0.23196342468830272
U308406,lapsed,0.2625504775535757
U308407,active,0.08429935349703266
U308408,high_frequency,0.02985923236472221
U308409,active,0.08356148714634082
U308410,high_frequency,0.030392182830492942
U308411,high_frequency,0.028746793283698335
U308412,new,0.23071458292338445
U308413,lapsed,0.2617202407520496
U308414,active,0.08383444149300745
U308415,active,0.08379976146210522
U308416,high_frequency,0.02901869147692515
U308417,lapsed,0.2594252637256831
U308418,new,0.23071458292338445
U308419,active,0.08371995871045901
U308420,lapsed,0.2589635684304667
U308421,active,0.08322294689603815
U308422,lapsed,0.25924335033572393
U308423,high_frequency,0.02879064050771485
U308424,high_frequency,0.02981680460921088
U308425,active,0.08380276384753882
U308426,new,0.22759105381186867
U308427,high_frequency,0.028524205411251558
U308428,high_frequency,0.029020370795432182
U308429,active,0.08342598952648761
U308430,active,0.08416954463783122
U308431,high_frequency,0.028482118767797604
U308432,active,0.08428685265437974
U308433,lapsed,0.26164848996277756
U308434,active,0.08343861744982106
U308435,new,0.22759105381186867
U308436,lapsed,0.262816696384255
U308437,high_frequency,0.029280976727585895
U308438,new,0.23071458292338445
U308439,lapsed,0.26478010225346493
U308440,new,0.23071458292338445
U308441,new,0.23196342468830272
U308442,active,0.08393141117138792
U308443,active,0.08318046536484303
U308444,active,0.08355216918773123
U308445,active,0.08379825978096933
U308446,new,0.23196342468830272
U308447,new,0.23196342468830272
U308448,active,0.08371763634701335
U308449,high_frequency,0.02915230260623325
U308450,active,0.08294790324184709
U308451,new,0.23071458292338445
U308452,high_frequency,0.030529977643373396
U308453,active,0.08333482593327524
U308454,lapsed,0.25925634471511466
U308455,active,0.08333642383025608
U308456,active,0.0835919745215048
U308457,active,0.08403155636910986
U308458,new,0.23071458292338445
U308459,active,0.0833057611566278
U308460,active,0.08427058382300812
U308461,lapsed,0.25616683878018787
U308462,new,0.23196342468830272
U308463,high_frequency,0.02945209172588581
U308464,active,0.08428407101861402
U308465,high_frequency,0.02968945852099969
U308466,high_frequency,0.029853377397188186
U308467,high_frequency,0.029287704871694964
U308468,new,0.23196342468830272
U308469,new,0.23196342468830272
U308470,high_frequency,0.029015332894692936
U308471,new,0.23071458292338445
U308472,new,0.23071458292338445
U308473,new,0.23071458292338445
U308474,active,0.08295793293063014
U308475,lapsed,0.2630889671189715
U308476,active,0.08415295126477607
U308477,active,0.08372219244671342
U308478,active,0.08356459055925669
U308479,new,0.23071458292338445
U308480,active,0.08418795414667168
U308481,new,0.23071458292338445
U308482,lapsed,0.261207226529459
U308483,lapsed,0.26168131240688103
U308484,active,0.08380126281763667
U308485,lapsed,0.2640916899673392
U308486,high_frequency,0.030523216114935248
U308487,active,0.08369152730758678
U308488,active,0.0834561910498236
U308489,high_frequency,0.028788963805384538
U308490,new,0.22759105381186867
U308491,active,0.08360042626980158
U308492,active,0.08395955831536195
U308493,high_frequency,0.030353852894328792
U308494,active,0.0833332277183032
U308495,new,0.23196342468830272
U308496,active,0.08429241192193748
U308497,new,0.23196342468830272
U308498,lapsed,0.2614927637753009
U308499,active,0.08384269658850851
U308500,lapsed,0.26214838823391123
U308501,active,0.0838382186142882
U308502,lapsed,0.2639750941728827
U308503,active,0.0830782842847787
U308504,high_frequency,0.02888016244622782
U308505,new,0.22759105381186867
U308506,lapsed,0.2579106046424323
U308507,high_frequency,0.02968945852099969
U308508,active,0.08346248306704818
U308509,high_frequency,0.03066274142578307
U308510,new,0.22759105381186867
U308511,high_frequency,0.029990044320556075
U308512,active,0.08368084615902238
U308513,active,0.08354906062891865
U308514,active,0.08346562715531136
U308515,high_frequency,0.03008689165213385
U308516,active,0.08321484243198463
U308517,high_frequency,0.029555449025301828
U308518,lapsed,0.25954420436532777
U308519,high_frequency,0.028654006616229744
U308520,active,0.08344334764697148
U308521,active,0.0840715736366785
U308522,active,0.08403010612657724
U308523,active,0.08357079352393715
U308524,new,0.23196342468830272
U308525,lapsed,0.261538566935817
U308526,lapsed,0.25981091135053336
U308527,lapsed,0.26495325903012523
U308528,active,0.08345933769848368
U308529,high_frequency,0.029548711207413314
U308530,lapsed,0.2628406218858673
U308531,new,0.22759105381186867
U308532,lapsed,0.2601746103378672
U308533,active,0.08305162041031244
U308534,active,0.08331537838889769
U308535,active,0.08344649951296823
U308536,lapsed,0.2645320692588915
U308537,lapsed,0.256618102499235
U308538,active,0.08355682961431954
U308539,lapsed,0.26613760247115925
U308540,active,0.08367014915155169
U308541,active,0.08406071546670735
U308542,new,0.23196342468830272
U308543,active,0.08426081498992699
U308544,high_frequency,0.029189542869858975
U308545,active,0.08414441241928139
U308546,high_frequency,0.02875349819018347
U308547,active,0.08372067407111006
U308548,lapsed,0.25396627237302116
U308549,high_frequency,0.03009195652051555
U308550,lapsed,0.26046032211148284
U308551,lapsed,0.2530628580562212
U308552,lapsed,0.2645409297084236
U308553,new,0.23196342468830272
U308554,lapsed,0.26318456826931075
U308555,lapsed,0.2649940998767463
U308556,active,0.08292755070083935
U308557,lapsed,0.2617393231633758
U308558,new,0.22759105381186867
U308559,high_frequency,0.029555449025301828
U308560,lapsed,0.2644414151739448
U308561,lapsed,0.2644563710410984
U308562,active,0.08379825978096933
U308563,new,0.23071458292338445
U308564,active,0.08368542573652948
U308565,lapsed,0.26156452161298016
U308566,active,0.08342756913535176
U308567,active,0.08406292200213494
U308568,active,0.08405714764661543
U308569,active,0.08333482593327524
U308570,active,0.083676263668655
U308571,active,0.08358961087830341
U308572,high_frequency,0.02971758187480611
U308573,high_frequency,0.030259504771423695
U308574,lapsed,0.26255734316921664
U308575,active,0.08342440959814412
U308576,high_frequency,0.02968777296222025
U308577,lapsed,0.26584819557241557
U308578,lapsed,0.2590764214629149
U308579,new,0.23071458292338445
U308580,high_frequency,0.02888016244622782
U308581,new,0.22759105381186867
U308582,active,0.08320997596089563
U308583,active,0.0833460045328619
U308584,high_frequency,0.02999173200996963
U308585,high_frequency,0.029954344101715158
U308586,high_frequency,0.02931992752825574
U308587,active,0.08321646395697502
U308588,active,0.08333482593327524
U308589,high_frequency,0.030798919251162293
U308590,high_frequency,0.03066274142578307
U308591,lapsed,0.26465061965837855
U308592,active,0.0837145973258967
U308593,high_frequency,0.029988356641826974
U308594,active,0.08418512556536406
U308595,high_frequency,0.03039556252219422
U308596,active,0.08366861971352402
U308597,active,0.0837039505408369
U308598,active,0.08393899776735203
U308599,lapsed,0.2620705520959191
U308600,high_frequency,0.02915230260623325
U308601,high_frequency,0.029449615077149383
U308602,active,0.08347191149011213
U308603,high_frequency,0.02905758042967721
U308604,lapsed,0.2601007886472699
U308605,new,0.22759105381186867
U308606,active,0.08406003548416374
U308607,new,0.23196342468830272
U308608,lapsed,0.26162739756364684
U308609,active,0.08391666882120352
U308610,active,0.0842910226056024
U308611,high_frequency,0.029150621893650364
U308612,active,0.08329292040025926
U308613,lapsed,0.2634130305848428
U308614,new,0.22759105381186867
U308615,active,0.08358806453355094
U308616,high_frequency,0.02958771754631262
U308617,active,0.08359579303550613
U308618,high_frequency,0.02968440188396737
U308619,lapsed,0.2674886700840053
U308620,high_frequency,0.030526596866604083
U308621,new,0.23196342468830272
U308622,lapsed,0.2583197704452629
U308623,high_frequency,0.02945377532368676
U308624,new,0.22759105381186867
U308625,active,0.08439637994488569
U308626,active,0.08426779439439147
U308627,lapsed,0.2593274303198969
U308628,lapsed,0.2576306464635659
U308629,new,0.23196342468830272
U308630,new,0.23071458292338445
U308631,new,0.22759105381186867
U308632,lapsed,0.2627060957520411
U308633,lapsed,0.2667779869283551
U308634,active,0.08416670742883325
U308635,active,0.0834750517362387
U308636,active,0.08393977574064004
U308637,active,0.08380726498322422
U308638,lapsed,0.2542787576858621
U308639,active,0.08282747099504506
U308640,lapsed,0.2569153005318179
U308641,new,0.23071458292338445
U308642,high_frequency,0.028480445951612143
U308643,active,0.0835443953795777
U308644,active,0.08305657816530809
U308645,active,0.08355372298483676
U308646,new,0.23196342468830272
U308647,active,0.0839225696929844
U308648,active,0.0840715736366785
U308649,active,0.08303673022540481
U308650,high_frequency,0.029855064177182644
U308651,active,0.08428824297180049
U308652,active,0.08368237300854264
U308653,active,0.08366708995204575
U308654,high_frequency,0.029855858758369713
U308655,active,0.08429657786840283
U308656,lapsed,0.26680383803530616
U308657,lapsed,0.26141288582763716
U308658,new,0.22759105381186867
U308659,high_frequency,0.0302569220760035
U308660,active,0.0833057611566278
U308661,lapsed,0.26243861143712044
U308662,new,0.23071458292338445
U308663,lapsed,0.26488852832590337
U308664,lapsed,0.26532253975758874
U308665,lapsed,0.2555353091790504
U308666,high_frequency,0.02905758042967721
U308667,new,0.23071458292338445
U308668,high_frequency,0.029586032802089712
U308669,high_frequency,0.030661050586911043
U308670,high_frequency,0.03022456732140355
U308671,active,0.08405281341650339
U308672,new,0.23196342468830272
U308673,active,0.0837145973258967
U308674,new,0.23196342468830272
U308675,lapsed,0.26611858293460555
U308676,active,0.08394712530726889
U308677,new,0.23196342468830272
U308678,lapsed,0.2593301998140425
U308679,new,0.23071458292338445
U308680,high_frequency,0.02945377532368676
U308681,active,0.0833332277183032
U308682,new,0.23196342468830272
U308683,active,0.08402575342267526
U308684,lapsed,0.2653803966066828
U308685,active,0.08344649951296823
U308686,active,0.08440047006562112
U308687,high_frequency,0.029550395640632887
U308688,high_frequency,0.02834748007254806
U308689,high_frequency,0.030526596866604083
U308690,active,0.08347034088669192
U308691,high_frequency,0.0293249747300246
U308692,high_frequency,0.02891733760385995
U308693,high_frequency,0.028615226937070637
U308694,lapsed,0.26210947066198437
U308695,lapsed,0.25810563701348066
U308696,high_frequency,0.029586032802089712
U308697,active,0.08344492373986401
U308698,lapsed,0.25791672380695174
U308699,active,0.08343230604481233
U308700,active,0.08321808516590212
U308701,active,0.08342440959814412
U308702,high_frequency,0.029454665849425687
U308703,active,0.08368695161494588
U308704,active,0.08402865555464456
U308705,new,0.23071458292338445
U308706,new,0.23196342468830272
U308707,high_frequency,0.029555449025301828
U308708,new,0.23196342468830272
U308709,high_frequency,0.028615226937070637
U308710,new,0.23071458292338445
U308711,high_frequency,0.02914726052027461
U308712,active,0.08402720465333602
U308713,active,0.0833057611566278
U308714,active,0.08319185617377223
U308715,high_frequency,0.02982017766427092
U308716,lapsed,0.2633271557246935
U308717,new,0.22759105381186867
U308718,high_frequency,0.03009026822117733
U308719,lapsed,0.264461222254183
U308720,new,0.23071458292338445
U308721,new,0.23196342468830272
U308722,lapsed,0.2611942463719149
U308723,active,0.08382397569618427
U308724,new,0.22759105381186867
U308725,lapsed,0.2590025568319282
U308726,active,0.08359733776922829
U308727,lapsed,0.2620056856179659
U308728,new,0.23071458292338445
U308729,high_frequency,0.029855064177182644
U308730,new,0.23071458292338445
U308731,high_frequency,0.03012350207404524
U308732,lapsed,0.26330933845495197
U308733,active,0.08282408082239157
U308734,lapsed,0.2642280860938124
U308735,lapsed,0.2640548313533744
U308736,new,0.23071458292338445
U308737,active,0.0835443953795777
U308738,new,0.23071458292338445
U308739,lapsed,0.2633421240626909
U308740,active,0.0835826945763607
U308741,active,0.08307663613893557
U308742,lapsed,0.25879460997159376
U308743,high_frequency,0.02928602281131687
U308744,active,0.08303838594332846
U308745,active,0.08369866527379388
U308746,active,0.08368084615902238
U308747,high_frequency,0.0300885799317121
U308748,new,0.23196342468830272
U308749,active,0.08304169643963644
U308750,high_frequency,0.028520858690659012
U308751,lapsed,0.2614927637753009
U308752,active,0.0834609105427907
U308753,lapsed,0.2574225678887112
U308754,high_frequency,0.031061194733898456
U308755,active,0.08280541273496778
U308756,new,0.23196342468830272
U308757,lapsed,0.25727261778220306
U308758,new,0.22759105381186867
U308759,high_frequency,0.029548711207413314
U308760,high_frequency,0.028524205411251558
U308761,active,0.08428128804843671
U308762,active,0.08417379796348057
U308763,lapsed,0.25824176723596
U308764,active,0.08356459055925669
U308765,active,0.08419286008389659
U308766,active,0.08308157963498397
U308767,high_frequency,0.02901869147692515
U308768,lapsed,0.26220513586801697
U308769,active,0.08329773806442975
U308770,new,0.22759105381186867
U308771,lapsed,0.2634778342210758
U308772,new,0.23071458292338445
U308773,active,0.08308487372970252
U308774,new,0.23071458292338445
U308775,active,0.08360197003660197
U308776,high_frequency,0.030495015307671736
U308777,lapsed,0.26336804720962614
U308778,high_frequency,0.029184499645771855
U308779,high_frequency,0.02982017766427092
U308780,active,0.0832961324937248
U308781,active,0.0837077988110082
U308782,high_frequency,0.029416479061492695
U308783,active,0.08344334764697148
U308784,high_frequency,0.029055900709946014
U308785,lapsed,0.25929121789586757
U308786,high_frequency,0.030793845644626172
U308787,active,0.08358497087768113
U308788,new,0.23196342468830272
U308789,active,0.0840578279399431
U308790,active,0.08382397569618427
U308791,high_frequency,0.030221189266788406
U308792,lapsed,0.26713984727917434
U308793,new,0.23071458292338445
U308794,lapsed,0.26276282205821644
U308795,active,0.08406292200213494
U308796,lapsed,0.25853464663939624
U308797,high_frequency,0.02905758042967721
U308798,active,0.08344334764697148
U308799,high_frequency,0.029555449025301828
U308800,new,0.23071458292338445
U308801,high_frequency,0.02852253203999533
U308802,high_frequency,0.028920694010264425
U308803,active,0.08317068951034601
U308804,active,0.08305492589373986
U308805,lapsed,0.2611991085694499
U308806,new,0.23196342468830272
U308807,high_frequency,0.029284340767163797
U308808,new,0.23196342468830272
U308809,lapsed,0.25929532733314214
U308810,active,0.0833121739152265
U308811,lapsed,0.26455387967901633
U308812,new,0.23071458292338445
U308813,lapsed,0.2618629697422049
U308814,new,0.23071458292338445
U308815,new,0.23196342468830272
U308816,lapsed,0.25922347665339107
U308817,lapsed,0.26053212447183727
U308818,high_frequency,0.029013653630993286
U308819,high_frequency,0.029860919185507595
U308820,new,0.23071458292338445
U308821,active,0.08344649951296823
U308822,lapsed,0.26557450049868236
U308823,lapsed,0.2565311474773633
U308824,lapsed,0.2601356460815426
U308825,lapsed,0.26071390921554805
U308826,new,0.23071458292338445
U308827,high_frequency,0.03012181359276367
U308828,active,0.08356614178310862
U308829,lapsed,0.2591872622980151
U308830,lapsed,0.26648874222134405
U308831,active,0.0837039505408369
U308832,active,0.08380876471036303
U308833,high_frequency,0.029418162340384968
U308834,lapsed,0.26147091228398145
U308835,active,0.08316742836934499
U308836,new,0.23196342468830272
U308837,lapsed,0.2643446594160096
U308838,new,0.23071458292338445
U308839,lapsed,0.26271906318711924
U308840,active,0.08316742836934499
U308841,lapsed,0.26520120859175644
U308842,lapsed,0.2561278028149063
U308843,new,0.22759105381186867
U308844,new,0.23196342468830272
U308845,lapsed,0.25791748227560984
U308846,active,0.08391666882120352
U308847,active,0.08294121054820414
U308848,new,0.23071458292338445
U308849,active,0.08415863720014127
U308850,new,0.22759105381186867
U308851,high_frequency,0.028655681670848088
U308852,new,0.23071458292338445
U308853,new,0.22759105381186867
U308854,new,0.23071458292338445
U308855,new,0.23071458292338445
U308856,active,0.08342124878312329
U308857,new,0.22759105381186867
U308858,active,0.08304831367334298
U308859,active,0.08360351348104444
U308860,lapsed,0.2665255272361875
U308861,active,0.08355838244664582
U308862,lapsed,0.2579427290415296
U308863,new,0.23071458292338445
U308864,active,0.08333003033448916
U308865,high_frequency,0.0292826587392494
U308866,new,0.22759105381186867
U308867,new,0.23071458292338445
U308868,high_frequency,0.02945714256406573
U308869,lapsed,0.26232999033806303
U308870,new,0.23071458292338445
U308871,high_frequency,0.03012350207404524
U308872,new,0.23196342468830272
U308873,high_frequency,0.02958771754631262
U308874,lapsed,0.2635296749339322
U308875,new,0.23071458292338445
U308876,lapsed,0.25360780278351436
U308877,lapsed,0.26099953173774393
U308878,high_frequency,0.029054221008190773
U308879,active,0.08380576493035741
U308880,lapsed,0.26412445662678036
U308881,lapsed,0.2585086485176004
U308882,high_frequency,0.02888016244622782
U308883,active,0.08347034088669192
U308884,active,0.08331537838889769
U308885,active,0.08392846532274811
U308886,high_frequency,0.029956031562199614
U308887,new,0.22759105381186867
U308888,high_frequency,0.029455458936417434
U308889,active,0.0833507905891715
U308890,active,0.08371003636274554
U308891,active,0.08451313706235297
U308892,new,0.23196342468830272
U308893,lapsed,0.2605451097318882
U308894,new,0.23071458292338445
U308895,active,0.08407513330238525
U308896,active,0.08418088020373704
U308897,new,0.23196342468830272
U308898,active,0.08322132663546011
U308899,high_frequency,0.029148941198326672
U308900,high_frequency,0.03200785569241649
U308901,high_frequency,0.027858983657776615
U308902,active,0.08344177123431618
U308903,new,0.22759105381186867
U308904,new,0.22759105381186867
U308905,lapsed,0.2668555384410612
U308906,active,0.08381326193716632
U308907,lapsed,0.26245358903910826
U308908,new,0.22759105381186867
U308909,active,0.0836050566031038
U308910,lapsed,0.2587296222100404
U308911,high_frequency,0.028748469479928818
U308912,new,0.23071458292338445
U308913,new,0.23196342468830272
U308914,lapsed,0.26008780012231525
U308915,lapsed,0.2628924861063495
U308916,active,0.08403010612657724
U308917,new,0.23196342468830272
U308918,lapsed,0.26243174527038526
U308919,lapsed,0.26165535964231124
U308920,active,0.08405714764661543
U308921,active,0.08334440854437652
U308922,new,0.23071458292338445
U308923,high_frequency,0.02968777296222025
U308924,active,0.08393977574064004
U308925,new,0.23071458292338445
U308926,active,0.08359115690090058
U308927,new,0.23196342468830272
U308928,lapsed,0.2619907035735051
U308929,lapsed,0.25696044645935406
U308930,lapsed,0.2602983732700969
U308931,new,0.23196342468830272
U308932,lapsed,0.26525298031744204
U308933,lapsed,0.2528654908681178
U308934,new,0.23071458292338445
U308935,high_frequency,0.02865735674641634
U308936,lapsed,0.25949022862798377
U308937,new,0.23071458292338445
U308938,lapsed,0.26132814802049814
U308939,active,0.0833332277183032
U308940,new,0.23071458292338445
U308941,new,0.23196342468830272
U308942,high_frequency,0.028483791606195297
U308943,active,0.08316742836934499
U308944,new,0.23196342468830272
U308945,high_frequency,0.02918618070348311
U308946,active,0.08429241192193748
U308947,lapsed,0.25671328308343616
U308948,new,0.23196342468830272
U308949,lapsed,0.2541677060619443
U308950,high_frequency,0.029956031562199614
U308951,active,0.08334121561298902
U308952,lapsed,0.2631456782647029
U308953,high_frequency,0.029950969213676015
U308954,active,0.08383074879950836
U308955,active,0.08390780768815398
U308956,new,0.23071458292338445
U308957,active,0.08369000240049962
U308958,high_frequency,0.029952656652202703
U308959,active,0.08321484243198463
U308960,active,0.08330896817106692
U308961,high_frequency,0.029189542869858975
U308962,active,0.08317068951034601
U308963,lapsed,0.2614189994699456
U308964,high_frequency,0.029720061777358198
U308965,new,0.23071458292338445
U308966,high_frequency,0.0289190157975604
U308967,high_frequency,0.030122608970086007
U308968,active,0.0833507905891715
U308969,high_frequency,0.0305282872518583
U308970,active,0.08383074879950836
U308971,high_frequency,0.02985754555567166
U308972,active,0.0839559339619399
U308973,lapsed,0.25951009365470035
U308974,new,0.23071458292338445
U308975,lapsed,0.26071390921554805
U308976,active,0.08332843116569921
U308977,high_frequency,0.030928356948312086
U308978,active,0.08356614178310862
U308979,lapsed,0.26068106741875907
U308980,lapsed,0.2619975717444226
U308981,active,0.08294790324184709
U308982,new,0.22759105381186867
U308983,active,0.08295459094821556
U308984,high_frequency,0.028885195812469955
U308985,active,0.08295960345405051
U308986,active,0.08392846532274811
U308987,lapsed,0.2619148679493133
U308988,high_frequency,0.02861690150316243
U308989,high_frequency,0.029548711207413314
U308990,high_frequency,0.029458826206618105
U308991,active,0.0839269919068315
U308992,high_frequency,0.028654006616229744
U308993,new,0.23196342468830272
U308994,new,0.23196342468830272
U308995,active,0.0835981547080561
U308996,active,0.08383971159863146
U308997,active,0.08403155636910986
U308998,active,0.08407657327055518
U308999,lapsed,0.26057518652289796
